,cal0,cal1,cal2
ch01,-3.3503192768845023,0.02642008249888546,0.0
ch02,-3.8209677625665095,0.025774661854171824,0.0
ch03,-6.826611924703152,0.026912266670520633,0.0
ch04,-3.786353403897089,0.02706630130855461,0.0
ch05,-3.0037916443001214,0.021870703200306565,0.0
ch06,-3.504989716725271,0.025364112701909945,0.0
ch07,-2.751072911604071,0.020392056660165483,0.0
