,cal0,cal1,cal2
ch01,-3.3418181583648994,0.026421092061904287,0.0
ch02,-3.8124237994996406,0.025773875449416568,0.0
ch03,-6.8288318804689325,0.02692549711877945,0.0
ch04,-3.785420158324136,0.02706454967852666,0.0
ch05,-3.005603465348937,0.021871413630175782,0.0
ch06,-3.509464331694085,0.025366736939979012,0.0
ch07,-2.7459024691659613,0.02039587811099,0.0
