,cal0,cal1,cal2
ch01,-3.316501624556601,0.026416172428608744,0.0
ch02,-3.792392051109203,0.025766003062160668,0.0
ch03,-6.834631692667289,0.026961501122736913,0.0
ch04,-3.782761429522281,0.027062667340605886,0.0
ch05,-3.011128266551081,0.02187441794420031,0.0
ch06,-3.522017288643623,0.025374630685871844,0.0
ch07,-2.736528057158346,0.02040717252795469,0.0
