,cal0,cal1,cal2
ch01,-3.3248945700225203,0.026419091706427845,0.0
ch02,-3.7982353426942286,0.025769497680968013,0.0
ch03,-6.832845729293371,0.02695007546055336,0.0
ch04,-3.783624012677555,0.027062983443786152,0.0
ch05,-3.0092741305560433,0.021873290736630035,0.0
ch06,-3.517990382878013,0.025371997234080113,0.0
ch07,-2.738764509470194,0.02040343898359939,0.0
