,cal0,cal1,cal2
ch01,-3.3756906806698472,0.026409196696984702,0.0
ch02,-3.852476045882707,0.025771234320622307,0.0
ch03,-6.819152811812858,0.026868132219597343,0.0
ch04,-3.7892916182765704,0.02708283048417589,0.0
ch05,-2.998478269557638,0.021869637787696083,0.0
ch06,-3.4909099014718765,0.025356240483070648,0.0
ch07,-2.7748757190172584,0.02038025614537707,0.0
