,cal0,cal1,cal2
ch01,-3.383972156035796,0.026403222526140177,0.0
ch02,-3.8644916702443877,0.025768234087907998,0.0
ch03,-6.816416033957992,0.02685162661678699,0.0
ch04,-3.7903164808634484,0.02709621478870232,0.0
ch05,-2.9967555355928726,0.02186964928113472,0.0
ch06,-3.486064970169766,0.025353466360644828,0.0
ch07,-2.7861814357293673,0.02037536251141806,0.0
