,cal0,cal1,cal2
ch01,-3.419657802318679,0.026358469040025284,0.0
ch02,-3.920018490904873,0.0257420889665625,0.0
ch03,-6.801091305450472,0.026741483089898946,0.0
ch04,-3.7957707033686288,0.0272861265476229,0.0
ch05,-2.9886057811268647,0.021871887918217717,0.0
ch06,-3.462147458843327,0.02528300455351843,0.0
ch07,-2.87329683851073,0.020012978311713468,0.0
