,cal0,cal1,cal2
ch01,-3.33333766703974,0.02642075178311287,0.0
ch02,-3.8048737743271785,0.025772140784725325,0.0
ch03,-6.830911181737132,0.026938086106645935,0.0
ch04,-3.7845103059715344,0.027063548695354517,0.0
ch05,-3.0074317444852823,0.02187228223470524,0.0
ch06,-3.5138022900377464,0.0253693655438727,0.0
ch07,-2.741846395982418,0.02039967317071343,0.0
