,cal0,cal1,cal2
ch01,-3.3920604486633987,0.026396288674149563,0.0
ch02,-3.876802760321061,0.02576438754690694,0.0
ch03,-6.813562556921585,0.026833955306748727,0.0
ch04,-3.7913636849105536,0.027116607952894455,0.0
ch05,-2.9950607880167377,0.02186983406451695,0.0
ch06,-3.48118555730269,0.025350099954193277,0.0
ch07,-2.7994983876459085,0.0203670286340058,0.0
