,cal0,cal1,cal2
ch01,-3.267591606696474,0.026378109609631783,0.0
ch02,-3.766927110841954,0.02573161499936189,0.0
ch03,-6.842050380937703,0.027019857809376057,0.0
ch04,-3.778090448798414,0.02706228531722422,0.0
ch05,-3.0223680989548516,0.02188240618819032,0.0
ch06,-3.542359040761117,0.02539039482150933,0.0
ch07,-2.734865039744887,0.02042873755427724,0.0
