,cal0,cal1,cal2
ch01,-3.428370282198127,0.026324853347917156,0.0
ch02,-3.933272827964847,0.025721138793759802,0.0
ch03,-6.526418231399116,0.02535457943280491,0.0
ch04,-4.452421206752618,0.027385884357189565,0.0
ch05,-3.4664481927313955,0.021874536064367508,0.0
ch06,-3.500443085435315,0.025188860241826667,0.0
ch07,-2.9159938893052884,0.019475339952796135,0.0
