,cal0,cal1,cal2
ch01,-3.299902093536355,0.026406920078912675,0.0
ch02,-3.782556959934519,0.025756752272141664,0.0
ch03,-6.83774398271104,0.026982787262128806,0.0
ch04,-3.781107924473272,0.02706239515340663,0.0
ch05,-3.0148623548492353,0.02187693629277353,0.0
ch06,-3.52955076073375,0.02537989758756754,0.0
ch07,-2.734126876429525,0.02041453108437027,0.0
