,cal0,cal1,cal2
ch01,-3.3998513364821474,0.026388498244661905,0.0
ch02,-3.888997815053405,0.025759766041499828,0.0
ch03,-6.810597749956552,0.026814822735288676,0.0
ch04,-3.79243297584817,0.027145978285518322,0.0
ch05,-2.993396259178731,0.021870175921149988,0.0
ch06,-3.476303522483394,0.025344789478999756,0.0
ch07,-2.814992335983461,0.020347338513835588,0.0
