,cal0,cal1,cal2
ch01,-2.8518112056985943,0.026033394427348193,0.0
ch02,-3.3791905946290863,0.025341942200190547,0.0
ch03,-6.7304883060758245,0.027116410713801695,0.0
ch04,-3.6939330640880588,0.027298123640066112,0.0
ch05,-3.0557094051015756,0.021909361090776916,0.0
ch06,-3.4955741442263357,0.025615566182890445,0.0
ch07,-2.8537544095966103,0.020661118755587033,0.0
