,cal0,cal1,cal2
ch01,-2.7829499047257538,0.025903390862088378,0.0
ch02,-3.2955917318856254,0.025302207753247076,0.0
ch03,-6.745215593835676,0.027125014991418284,0.0
ch04,-3.69495546147629,0.027562502663992572,0.0
ch05,-3.0483431147008706,0.021928524241752526,0.0
ch06,-3.537654770983389,0.025479259815601733,0.0
ch07,-2.9824998667314166,0.02061755267044393,0.0
