,cal0,cal1,cal2
ch01,-2.817466711335444,0.025966541550593976,0.0
ch02,-3.33112592923479,0.0253430848394161,0.0
ch03,-6.739580643926122,0.027144354392562534,0.0
ch04,-3.737485708120767,0.027634190812745384,0.0
ch05,-3.05169699436037,0.021930732212728427,0.0
ch06,-3.5115063408335625,0.02543594668792707,0.0
ch07,-2.8983632325452016,0.020602715416243474,0.0
