,cal0,cal1,cal2
ch01,-2.6201489884915903,0.025682413582684194,0.0
ch02,-3.198519752604348,0.024992921608149567,0.0
ch03,-6.754071109281443,0.02707649757769512,0.0
ch04,-3.6967589613853664,0.02678882464690603,0.0
ch05,-3.0382486404279527,0.021926107654689397,0.0
ch06,-3.6301159663642806,0.026353980813580487,0.0
ch07,-3.4163587582480126,0.02068729646942085,0.0
