,cal0,cal1,cal2
ch01,-2.593469320035861,0.025600633785964888,0.0
ch02,-3.193958760389758,0.02487440038543134,0.0
ch03,-6.75468725819898,0.027072406129788583,0.0
ch04,-3.623362601449549,0.026664379694655883,0.0
ch05,-3.0355308510906607,0.021935159648603323,0.0
ch06,-3.6862507842055865,0.02725780324148027,0.0
ch07,-3.5264495698037366,0.020722088466654503,0.0
