,cal0,cal1,cal2
ch01,-2.881471334497102,0.02608297998574195,0.0
ch02,-3.44085338747236,0.025338079973146427,0.0
ch03,-6.714249448386941,0.027101951932958425,0.0
ch04,-3.694006665768185,0.027077003677825937,0.0
ch05,-3.0606141873853345,0.021898069288882015,0.0
ch06,-3.4679178360328757,0.025642680511496804,0.0
ch07,-2.8230842070502,0.020666713023649315,0.0
