,cal0,cal1,cal2
ch01,-2.752409921630687,0.025856410477554846,0.0
ch02,-3.2701701844802282,0.025252037343140597,0.0
ch03,-6.748321700771035,0.02710762221678463,0.0
ch04,-3.695080667900545,0.027358339543255564,0.0
ch05,-3.045961820121683,0.02192093062373588,0.0
ch06,-3.557797856293015,0.025574401651715612,0.0
ch07,-3.0662176050272825,0.020648870796600008,0.0
