,cal0,cal1,cal2
ch01,-2.641928846042219,0.025721096107398922,0.0
ch02,-3.2065601905078935,0.025052898596145547,0.0
ch03,-6.753510327388847,0.027080638185018515,0.0
ch04,-3.696426306362018,0.026873761257004605,0.0
ch05,-3.039584238637485,0.021922388369236205,0.0
ch06,-3.6140947480031436,0.02598114647109373,0.0
ch07,-3.3498058922052616,0.02067319077128577,0.0
