,cal0,cal1,cal2
ch01,-2.60312066575777,0.025638590899082908,0.0
ch02,-3.194056127180547,0.024929237298154685,0.0
ch03,-6.754464382530773,0.027073246872311312,0.0
ch04,-3.696668423637037,0.026715562862539743,0.0
ch05,-3.0368969283478555,0.021930768715013708,0.0
ch06,-3.651320189033032,0.02683304534676848,0.0
ch07,-3.4785243955634533,0.02070579013805179,0.0
