,cal0,cal1,cal2
ch01,-2.8643590845398395,0.026055469776571746,0.0
ch02,-3.4028098545720247,0.025340146989690577,0.0
ch03,-6.725373673769745,0.027111066207381917,0.0
ch04,-3.69388698034758,0.027168821109627435,0.0
ch05,-3.057499506766703,0.02190377059143903,0.0
ch06,-3.4859453753204055,0.025635036734562,0.0
ch07,-2.8410928506165725,0.02066651123510819,0.0
