,cal0,cal1,cal2
ch01,-2.6900578662295214,0.025779967928789227,0.0
ch02,-3.229731610040295,0.025150344960263506,0.0
ch03,-6.751899778608281,0.027090213915621993,0.0
ch04,-3.6958249331080086,0.027054268902326487,0.0
ch05,-3.0422002680800686,0.021918499064027604,0.0
ch06,-3.588878997644896,0.02566113534868319,0.0
ch07,-3.2233034239187237,0.020661842289943687,0.0
