,cal0,cal1,cal2
ch01,-2.874047539001929,0.026071645052446447,0.0
ch02,-3.423904058680385,0.025338944996082365,0.0
ch03,-6.719944810099839,0.027106464846974838,0.0
ch04,-3.6939122803577153,0.02710371684675369,0.0
ch05,-3.059136248766678,0.0219003269610103,0.0
ch06,-3.4766658743056835,0.02563971611990389,0.0
ch07,-2.8310596617891615,0.020666958909426162,0.0
