,cal0,cal1,cal2
ch01,-2.5932282020259994,0.02558416139164639,0.0
ch02,-3.1987992991021943,0.024850558995212636,0.0
ch03,-6.717649691754709,0.027210642738153094,0.0
ch04,-3.289604838555226,0.026640157863103257,0.0
ch05,-3.417961083979934,0.021937330040377193,0.0
ch06,-4.424336599977354,0.027428696691371723,0.0
ch07,-3.5488672713598004,0.020727901968862542,0.0
