,cal0,cal1,cal2
ch01,-2.60317846393095,0.02559683189710267,0.0
ch02,-3.208853569506169,0.02487104813442769,0.0
ch03,-6.754612390102469,0.02705942643714048,0.0
ch04,-3.6242724732003224,0.02665879094041517,0.0
ch05,-3.0327627429917747,0.02193508870961162,0.0
ch06,-3.6940116656528574,0.02725320878320669,0.0
ch07,-3.5404374496944304,0.020719370631620854,0.0
