,cal0,cal1,cal2
ch01,-2.878000649341692,0.026077858042725978,0.0
ch02,-3.43296715439573,0.02533848247064089,0.0
ch03,-6.717127506810989,0.02710422029960369,0.0
ch04,-3.6939509841935085,0.02708717823288062,0.0
ch05,-3.059895359279442,0.02189908579695914,0.0
ch06,-3.472219105873525,0.025641244899843606,0.0
ch07,-2.8268382722734553,0.020666868907060442,0.0
