,cal0,cal1,cal2
ch01,-2.4869960118087513,0.026002749478175952,0.0
ch02,-2.6332107096641337,0.025638962206589812,0.0
ch03,-5.951430633573187,0.026600602331133413,0.0
ch04,-3.496989664951718,0.026717527613082107,0.0
ch05,-3.2789212508648578,0.021992314325301646,0.0
ch06,-3.7243743393444473,0.02600084738827434,0.0
ch07,-3.3668066510701924,0.021813473018298717,0.0
