,cal0,cal1,cal2
ch01,-2.668999463309929,0.02624210652013459,0.0
ch02,-2.692940576615574,0.02554509335800619,0.0
ch03,-5.992425724699553,0.026630849482095775,0.0
ch04,-3.497130796728678,0.027062856810523315,0.0
ch05,-3.252439033276534,0.021920938160803056,0.0
ch06,-3.698714920678959,0.026016004318367442,0.0
ch07,-3.401917723099288,0.02167723428074472,0.0
