,cal0,cal1,cal2
ch01,-2.528662386140947,0.02613511028281483,0.0
ch02,-2.6296501943941775,0.025530774610595216,0.0
ch03,-5.959746889125326,0.0266270895556391,0.0
ch04,-3.498110199935082,0.027079770060328214,0.0
ch05,-3.2659018405861353,0.021922924470600055,0.0
ch06,-3.707198043313078,0.026021554410479444,0.0
ch07,-3.3504648354613087,0.02169265014510938,0.0
