,cal0,cal1,cal2
ch01,-2.582793781399284,0.02617414757201225,0.0
ch02,-2.6554590974149326,0.025539493600504136,0.0
ch03,-5.967223457744219,0.02663065890350861,0.0
ch04,-3.498001441072678,0.027066595905148923,0.0
ch05,-3.262007246686321,0.02192252297476913,0.0
ch06,-3.704589775161702,0.02601993674263637,0.0
ch07,-3.3721524541982,0.021688372038360087,0.0
