,cal0,cal1,cal2
ch01,-2.4382363333571746,0.025999822988957647,0.0
ch02,-2.6124411211094785,0.025527970507676842,0.0
ch03,-5.950666914370821,0.026571939463911877,0.0
ch04,-3.476009429317784,0.026940262244456937,0.0
ch05,-3.2767196447488205,0.021941696133756152,0.0
ch06,-3.7137269277319316,0.02601188439954237,0.0
ch07,-3.3060864649978576,0.022672783569158448,0.0
