,cal0,cal1,cal2
ch01,-2.6489197851046216,0.02622622024131744,0.0
ch02,-2.685644762955091,0.025544648167441165,0.0
ch03,-5.984198114583085,0.026631539008076865,0.0
ch04,-3.4974692541821475,0.027063024915262548,0.0
ch05,-3.255238441471658,0.021921377122916776,0.0
ch06,-3.7003260277512915,0.02601713837496884,0.0
ch07,-3.395272418435362,0.021681253150287648,0.0
