,cal0,cal1,cal2
ch01,-2.421541489330055,0.02603583677761226,0.0
ch02,-2.59811677039405,0.02548250927291075,0.0
ch03,-5.951416663364814,0.02659470162030662,0.0
ch04,-3.497737353758878,0.027126089570537377,0.0
ch05,-3.2732709351063023,0.02191792711360045,0.0
ch06,-3.7107358340408174,0.026019046548799468,0.0
ch07,-3.284575624179373,0.022498491313807732,0.0
