,cal0,cal1,cal2
ch01,-2.5982503796871654,0.026185985158925847,0.0
ch02,-2.663063028000289,0.025541197409851987,0.0
ch03,-5.970181532951678,0.02663122536726852,0.0
ch04,-3.497930445664255,0.027065011865835854,0.0
ch05,-3.260680522724815,0.021922304218304156,0.0
ch06,-3.7037185492814952,0.026019383504034297,0.0
ch07,-3.3777970483760047,0.02168728247175489,0.0
