,cal0,cal1,cal2
ch01,-2.4874519440146563,0.026107021811436325,0.0
ch02,-2.613170074235191,0.025520104628967977,0.0
ch03,-5.9559695917807645,0.02662222679065063,0.0
ch04,-3.498097366497069,0.027101076215050614,0.0
ch05,-3.268423327154005,0.021922546812610424,0.0
ch06,-3.7088508854745093,0.026022399230477063,0.0
ch07,-3.3307312022022986,0.021724681833129113,0.0
