,cal0,cal1,cal2
ch01,-2.816974911565645,0.025913623824066416,0.0
ch02,-3.3884519364649974,0.025139509554421752,0.0
ch03,-6.388819917779177,0.02663761133922423,0.0
ch04,-3.7337491792654607,0.027079031162456316,0.0
ch05,-3.005020116975209,0.021883710307083616,0.0
ch06,-3.3385035337074087,0.02561881455537584,0.0
ch07,-2.811141587813314,0.02085947366492428,0.0
