,cal0,cal1,cal2
ch01,-2.4910012452750703,0.02558857212332002,0.0
ch02,-2.810049018739742,0.024681999814666504,0.0
ch03,-6.3753906664817,0.026638340200037115,0.0
ch04,-3.729779527501657,0.027091452573860992,0.0
ch05,-3.0040524128278987,0.021656178482908472,0.0
ch06,-3.3097846048098196,0.025943155302792707,0.0
ch07,-2.64628608857271,0.02054466032618165,0.0
