,cal0,cal1,cal2
ch01,-2.4829099425474124,0.02554049231738869,0.0
ch02,-2.795167155538688,0.02458953861039613,0.0
ch03,-6.375673342159595,0.02664041399522816,0.0
ch04,-3.7294899414918414,0.02691511281047203,0.0
ch05,-3.004392013605648,0.02155107600381747,0.0
ch06,-3.308759294266645,0.025858225166637973,0.0
ch07,-2.650505765713758,0.02060928518710314,0.0
