,cal0,cal1,cal2
ch01,-2.837612630169236,0.0259257528329666,0.0
ch02,-3.4225160569420505,0.025152113020228566,0.0
ch03,-6.391081134952644,0.026637255543529696,0.0
ch04,-3.734068210350072,0.027072230780759775,0.0
ch05,-3.0055185603395187,0.02188526286991677,0.0
ch06,-3.34078503243607,0.02561806136285195,0.0
ch07,-2.823451554530466,0.02086095140399916,0.0
