,cal0,cal1,cal2
ch01,-2.6504487491963142,0.025806952942143756,0.0
ch02,-3.1032938469832967,0.025028670728450435,0.0
ch03,-6.378754981483244,0.02663622504780009,0.0
ch04,-3.731873599866268,0.02728505583205362,0.0
ch05,-3.003302491811855,0.021874165960724175,0.0
ch06,-3.3238656840923424,0.02575974289261857,0.0
ch07,-2.7132129326707655,0.02072701878858908,0.0
