,cal0,cal1,cal2
ch01,-2.742423108909823,0.02586792181492947,0.0
ch02,-3.2598205570588124,0.025093080712594584,0.0
ch03,-6.383005778579743,0.026638162414440565,0.0
ch04,-3.7328028926459984,0.02713480055489046,0.0
ch05,-3.003886620964755,0.02187842608353867,0.0
ch06,-3.331515976224687,0.025625819422444556,0.0
ch07,-2.7678612874370714,0.020850892811920846,0.0
