,cal0,cal1,cal2
ch01,-2.6458695918579185,0.025573675964636697,0.0
ch02,-3.167083037750289,0.024802533466935252,0.0
ch03,-6.392711377971431,0.026731911446260106,0.0
ch04,-3.7262554171623496,0.026985741871763527,0.0
ch05,-3.0123351178366535,0.02176053918548272,0.0
ch06,-3.3114895876183765,0.0256357382975909,0.0
ch07,-2.7761577463174,0.020829210761932646,0.0
