,cal0,cal1,cal2
ch01,-2.5155264387412704,0.025385449332006673,0.0
ch02,-2.89446395342166,0.024352935735862884,0.0
ch03,-6.381220541181061,0.02665935967474947,0.0
ch04,-3.7275670317234053,0.02647863308592155,0.0
ch05,-3.0075396372012295,0.02124863287030572,0.0
ch06,-3.3038744245475273,0.025940143114738103,0.0
ch07,-2.694848275782155,0.020472821047940837,0.0
