,cal0,cal1,cal2
ch01,-2.478331295095943,0.025363595820902834,0.0
ch02,-2.8064957890011923,0.024280203289558412,0.0
ch03,-6.377640622477816,0.02661938645341983,0.0
ch04,-3.6861671878956557,0.026460443377863643,0.0
ch05,-3.0057365478159292,0.02111938047135691,0.0
ch06,-3.2999102268933833,0.0260512868739159,0.0
ch07,-2.6625624923518405,0.0203428257449314,0.0
