,cal0,cal1,cal2
ch01,-2.8735470711334914,0.025946356490816162,0.0
ch02,-3.477279776164346,0.025174047913197734,0.0
ch03,-6.396050001861069,0.026636514347709177,0.0
ch04,-3.7347115099607566,0.027065841380617704,0.0
ch05,-3.0066926684258397,0.021887976885746147,0.0
ch06,-3.345331150768949,0.02561660058850162,0.0
ch07,-2.8455028528926753,0.020863828692876094,0.0
