,cal0,cal1,cal2
ch01,-2.477752566679327,0.025483606619855326,0.0
ch02,-2.7895606163395854,0.02448507547787707,0.0
ch03,-6.376144218265581,0.02663966939421205,0.0
ch04,-3.7292029503593542,0.026735413048866744,0.0
ch05,-3.0047867713451617,0.021418112090442497,0.0
ch06,-3.307099370314336,0.025871139086728893,0.0
ch07,-2.6542877244817507,0.020572246493673226,0.0
