,cal0,cal1,cal2
ch01,-2.794307296498183,0.025900057761441515,0.0
ch02,-3.3498168897793694,0.02512560052015234,0.0
ch03,-6.3867163645034015,0.026637913754040256,0.0
ch04,-3.733431928120047,0.02709020100832011,0.0
ch05,-3.0045816570734174,0.021882030150020323,0.0
ch06,-3.3362061629540922,0.025619705042325247,0.0
ch07,-2.7978485589970137,0.020857872413830584,0.0
