,cal0,cal1,cal2
ch01,-2.485681440055168,0.02533563837546308,0.0
ch02,-2.8283367921180513,0.024237564918927902,0.0
ch03,-5.954274427892275,0.026051302900169836,0.0
ch04,-3.4907710183420715,0.026397999693368864,0.0
ch05,-2.764543619075953,0.02104740849741288,0.0
ch06,-3.192720368615768,0.026091842615580632,0.0
ch07,-2.669971745107773,0.020292822489386325,0.0
