,cal0,cal1,cal2
ch01,-2.5879418907363534,0.025761813487078983,0.0
ch02,-2.997678437905037,0.024970123606271336,0.0
ch03,-6.376841563771761,0.026630096016859978,0.0
ch04,-3.731179429020195,0.027402666208457792,0.0
ch05,-3.0032184265424977,0.021871734380778298,0.0
ch06,-3.3174015427443355,0.026084009204604904,0.0
ch07,-2.673635796294394,0.02042480637208883,0.0
