,cal0,cal1,cal2
ch01,-3.5105383913014365,0.02612690099662342,0.0
ch02,-4.058456203704029,0.025965344557534444,0.0
ch03,-6.878956680085494,0.02691634716179081,0.0
ch04,-3.584512458388208,0.027062647425193043,0.0
ch05,-3.396596170798385,0.02192069914749711,0.0
ch06,-3.653736195182521,0.025805230984472734,0.0
ch07,-3.2810953034033155,0.021197328165901547,0.0
