,cal0,cal1,cal2
ch01,-3.400294881039338,0.026167559585220965,0.0
ch02,-3.9386759056358405,0.025961265146739923,0.0
ch03,-6.8663858923869086,0.02690022750615113,0.0
ch04,-3.581975420791847,0.027062412190599086,0.0
ch05,-3.362790111690541,0.021918434679280573,0.0
ch06,-3.63743427509076,0.025816763236539756,0.0
ch07,-3.2752071973296797,0.02120514362184864,0.0
