,cal0,cal1,cal2
ch01,-3.4960787333446817,0.026126537882582353,0.0
ch02,-4.061750449085035,0.025955610596737132,0.0
ch03,-6.877183754288438,0.02691972445339405,0.0
ch04,-3.585095341682215,0.027062722460490376,0.0
ch05,-3.4006160647112167,0.021920884241191426,0.0
ch06,-3.6568753257194517,0.025803490789265207,0.0
ch07,-3.280421636935966,0.021194678425223806,0.0
