,cal0,cal1,cal2
ch01,-3.4639464480746347,0.026146503709170706,0.0
ch02,-3.9936334713139656,0.02597641505034565,0.0
ch03,-6.874040567194117,0.026905324481938813,0.0
ch04,-3.582671985717051,0.027062373774441918,0.0
ch05,-3.3753671661620706,0.02191950640679469,0.0
ch06,-3.6424047319986124,0.025812811826288792,0.0
ch07,-3.2785078959621528,0.02120387734824151,0.0
