,cal0,cal1,cal2
ch01,-3.5112678829098174,0.02613148983010815,0.0
ch02,-4.042901804462497,0.02597652732934783,0.0
ch03,-6.878893610352157,0.0269112101561924,0.0
ch04,-3.583620227521783,0.027062495121408046,0.0
ch05,-3.3881486887203343,0.021920299934181736,0.0
ch06,-3.6484982569034092,0.02580845949095892,0.0
ch07,-3.280635207596867,0.021200938299128242,0.0
