,cal0,cal1,cal2
ch01,-3.4681854195226522,0.026127561579358763,0.0
ch02,-4.064841564890086,0.02594040148131544,0.0
ch03,-6.872708225409611,0.026924620164268456,0.0
ch04,-3.5859305797209178,0.027062784838724437,0.0
ch05,-3.4046897050155356,0.021921083064082837,0.0
ch06,-3.6608947058996693,0.025801418072609553,0.0
ch07,-3.2781566136744016,0.02119061625895197,0.0
