,cal0,cal1,cal2
ch01,-3.5152265901230453,0.026128917808964782,0.0
ch02,-4.051467240179576,0.025972999800862994,0.0
ch03,-6.8793670702483265,0.02691320703266411,0.0
ch04,-3.5839655422401036,0.02706255593965038,0.0
ch05,-3.391781549068369,0.021920478141638156,0.0
ch06,-3.6505811743417924,0.02580712108626889,0.0
ch07,-3.281009040585151,0.021199618234989906,0.0
