,cal0,cal1,cal2
ch01,-3.482930678842625,0.02612690269093004,0.0
ch02,-4.063336219229098,0.025948276286960774,0.0
ch03,-6.875245049241295,0.02692211876331867,0.0
ch04,-3.585504532163936,0.027062758781256274,0.0
ch05,-3.402839458676168,0.02192099144166383,0.0
ch06,-3.6589197218958214,0.02580241818465342,0.0
ch07,-3.279485385589372,0.021192720491767555,0.0
