,cal0,cal1,cal2
ch01,-3.513374611355059,0.02612735754459186,0.0
ch02,-4.05672187370991,0.02596816547654954,0.0
ch03,-6.879244278443745,0.026915276679112022,0.0
ch04,-3.5843262228953017,0.027062617948683528,0.0
ch05,-3.395077887939072,0.021920630303291,0.0
ch06,-3.652682839339453,0.025805844828842083,0.0
ch07,-3.281141361241479,0.021198132233450292,0.0
