,cal0,cal1,cal2
ch01,-3.195394372596046,0.026281941956699202,0.0
ch02,-3.6719659050840865,0.02550549893039763,0.0
ch03,-6.747346821214213,0.02686526549561485,0.0
ch04,-3.707939824697211,0.02719764250715601,0.0
ch05,-2.9830390789880186,0.02191590245509462,0.0
ch06,-3.5391113682467656,0.025553083572740165,0.0
ch07,-2.8494224245197493,0.02050920213563745,0.0
