,cal0,cal1,cal2
ch01,-3.211268519572451,0.026346039665921847,0.0
ch02,-3.662710647819394,0.0255250859587275,0.0
ch03,-6.701544756172016,0.026665037598844785,0.0
ch04,-3.7263066950483434,0.027066185328782123,0.0
ch05,-2.9547889950168647,0.02190816796200124,0.0
ch06,-3.4600223531481036,0.02547779108654269,0.0
ch07,-2.8379062033179303,0.020465012078235104,0.0
