,cal0,cal1,cal2
ch01,-3.2593087461927457,0.02631053505838477,0.0
ch02,-3.7285423335795147,0.025505569598697,0.0
ch03,-6.735643568926941,0.02685812725415346,0.0
ch04,-3.8295570219296877,0.02755198933420393,0.0
ch05,-2.971158429421046,0.021944913134997104,0.0
ch06,-3.516592033598187,0.026347841326379327,0.0
ch07,-2.856867934696756,0.02014782267073861,0.0
