,cal0,cal1,cal2
ch01,-3.147967543518697,0.026266282722830027,0.0
ch02,-3.6199725805391334,0.02550239232216103,0.0
ch03,-6.750784201578268,0.026886076144200168,0.0
ch04,-3.7051224300295944,0.02708252252591793,0.0
ch05,-2.9902635469026855,0.021909392790393303,0.0
ch06,-3.5480365110236374,0.025538628106006454,0.0
ch07,-2.843856273240175,0.02053014184569728,0.0
