,cal0,cal1,cal2
ch01,-3.251500018308351,0.02631984816267092,0.0
ch02,-3.7202091597508935,0.02551450598318456,0.0
ch03,-6.728592701809257,0.026782108812854918,0.0
ch04,-3.716613206057128,0.0273363892144325,0.0
ch05,-2.966506282107517,0.02192396763863306,0.0
ch06,-3.5034888091379863,0.0256861151452997,0.0
ch07,-2.8520716314274455,0.020414787261414512,0.0
