,cal0,cal1,cal2
ch01,-3.1826963892422375,0.02627790775772957,0.0
ch02,-3.6586149740517446,0.0255050747647319,0.0
ch03,-6.748434435103425,0.026869854468257393,0.0
ch04,-3.7072000823037903,0.02715063224066102,0.0
ch05,-2.984823738626655,0.021913452128791602,0.0
ch06,-3.5416342950013853,0.02553752262828871,0.0
ch07,-2.847938036865649,0.02051929842863363,0.0
