,cal0,cal1,cal2
ch01,-3.243433014156364,0.026298832113130114,0.0
ch02,-3.716121341938172,0.02550389406507517,0.0
ch03,-6.741512058812047,0.026862381737205045,0.0
ch04,-3.71178415983131,0.02749691792924858,0.0
ch05,-2.976098493356535,0.021937865454165834,0.0
ch06,-3.527323569169614,0.026137511553464613,0.0
ch07,-2.8558922830385596,0.020249047499009597,0.0
