,cal0,cal1,cal2
ch01,-3.11922757177917,0.026255806162657467,0.0
ch02,-3.5888134263494575,0.025498336547151768,0.0
ch03,-6.751756040264801,0.026903622844576383,0.0
ch04,-3.7032576564149133,0.027066263382798328,0.0
ch05,-2.9957890239569416,0.021907681225178516,0.0
ch06,-3.5526302414896813,0.025546344930507857,0.0
ch07,-2.83983246168804,0.020538077250413105,0.0
