,cal0,cal1,cal2
ch01,-3.2516282670975643,0.026303077165056133,0.0
ch02,-3.7226801022680793,0.02550326115343677,0.0
ch03,-6.7396932740969016,0.026877421904980048,0.0
ch04,-3.8279496669852553,0.02755200182309859,0.0
ch05,-2.9744231383755504,0.021944920075506934,0.0
ch06,-3.524139641282991,0.026353262531989656,0.0
ch07,-2.857018378142345,0.020153543425474197,0.0
