,cal0,cal1,cal2
ch01,-3.2065847253507775,0.0263513997669507,0.0
ch02,-3.657392904957649,0.02552493146549665,0.0
ch03,-6.694602197777338,0.026644472928826053,0.0
ch04,-3.7286845119933876,0.027063604716850688,0.0
ch05,-2.952730261662052,0.021907861868553258,0.0
ch06,-3.4498583780479404,0.025472703921065182,0.0
ch07,-2.8345704516931294,0.020459516739496864,0.0
