,cal0,cal1,cal2
ch01,-3.214110090063147,0.02634330560966983,0.0
ch02,-3.666713163743418,0.025524906069566995,0.0
ch03,-6.704911518472656,0.026675875471321976,0.0
ch04,-3.7251470423633735,0.02706902932065748,0.0
ch05,-2.9558991189660486,0.021908479116082676,0.0
ch06,-3.4650818117909545,0.02548036166130443,0.0
ch07,-2.839469347175921,0.020467794601053607,0.0
