,cal0,cal1,cal2
ch01,-3.2501788220839942,0.026078846410007246,0.0
ch02,-4.167609319583686,0.026035859169710084,0.0
ch03,-6.989816379248269,0.027060550202820867,0.0
ch04,-3.503847484491751,0.0270177190328123,0.0
ch05,-3.5103876993666634,0.02193021242826371,0.0
ch06,-3.74227080635896,0.025900898181381003,0.0
ch07,-3.5179567479357163,0.021339756640774723,0.0
