,cal0,cal1,cal2
ch01,-3.124857018132425,0.026066768562404082,0.0
ch02,-4.208054853694305,0.02593645748269319,0.0
ch03,-7.002500397735964,0.0270189351863581,0.0
ch04,-3.4296733103522983,0.02678926092598836,0.0
ch05,-3.501956513243744,0.021955184038664644,0.0
ch06,-3.728981283094508,0.025942817821614436,0.0
ch07,-3.5356323410451163,0.021550621349190814,0.0
