,cal0,cal1,cal2
ch01,-3.319623963894328,0.02608566296725406,0.0
ch02,-4.131613609864051,0.026063510067902577,0.0
ch03,-6.9788438170487,0.027066766104594346,0.0
ch04,-3.5044231666421104,0.027057036061767407,0.0
ch05,-3.513583575380067,0.021926186680238404,0.0
ch06,-3.744382887853383,0.02589797878072628,0.0
ch07,-3.504791219945739,0.021334535358610535,0.0
