,cal0,cal1,cal2
ch01,-3.2887768811704694,0.026082222293729602,0.0
ch02,-4.148269627935368,0.026052483915052046,0.0
ch03,-6.984575598132752,0.027064217383384173,0.0
ch04,-3.50412688070964,0.02704592352349125,0.0
ch05,-3.512229542478954,0.02192768189500169,0.0
ch06,-3.743592118705425,0.025899278313113026,0.0
ch07,-3.5107733491569806,0.021336591419829857,0.0
