,cal0,cal1,cal2
ch01,-3.1154724338726707,0.02606594636881713,0.0
ch02,-4.207228497793531,0.025922229318564288,0.0
ch03,-6.5311861685977854,0.026531977352953425,0.0
ch04,-3.0721576895686136,0.02676427355203621,0.0
ch05,-3.8769049109860907,0.021958225607708996,0.0
ch06,-3.61781169293281,0.025947713256340044,0.0
ch07,-3.5264371505267325,0.021574082370530462,0.0
