,cal0,cal1,cal2
ch01,-3.2282474033126283,0.026077210727160825,0.0
ch02,-4.177436077792494,0.026024806691198468,0.0
ch03,-6.99224992644935,0.027058070970924948,0.0
ch04,-3.503713977228145,0.02699288395891441,0.0
ch05,-3.5092841263135846,0.021932165910882272,0.0
ch06,-3.741349845661874,0.025902360276142,0.0
ch07,-3.5221279724197094,0.02134459208177877,0.0
