,cal0,cal1,cal2
ch01,-3.206862789306366,0.026091323128344664,0.0
ch02,-4.058513668925013,0.025826165437304267,0.0
ch03,-7.01311490723281,0.02712189297915594,0.0
ch04,-3.2807560660482142,0.026350176049637287,0.0
ch05,-3.4726640896997756,0.02194835396964428,0.0
ch06,-3.7368401147055055,0.025938771185431826,0.0
ch07,-3.2339142608358977,0.021544486771538276,0.0
