,cal0,cal1,cal2
ch01,-3.2529548863297144,0.026117345687381156,0.0
ch02,-4.007773298139553,0.025895139452255272,0.0
ch03,-7.012413144098765,0.027087063509163175,0.0
ch04,-3.5018000115169428,0.02666911356172031,0.0
ch05,-3.4629821099983715,0.021933109143088554,0.0
ch06,-3.7333576155064008,0.025923469697879734,0.0
ch07,-3.2732988564667176,0.021388090121133612,0.0
