,cal0,cal1,cal2
ch01,-3.221653837020938,0.026099847051627063,0.0
ch02,-4.041123911708615,0.025847997839935195,0.0
ch03,-7.0130381927001855,0.027103626544562144,0.0
ch04,-3.500800314405469,0.02643341949639431,0.0
ch05,-3.4695335460672316,0.02194310237314111,0.0
ch06,-3.7354601240370005,0.02593359449345928,0.0
ch07,-3.242338027450916,0.02149149714455819,0.0
