,cal0,cal1,cal2
ch01,-3.140579056739603,0.02607702761420178,0.0
ch02,-4.161604518519592,0.025901938581799924,0.0
ch03,-7.010390338953148,0.027071031736352138,0.0
ch04,-3.5024974317862565,0.026679881866988962,0.0
ch05,-3.489290864823307,0.021941321455274134,0.0
ch06,-3.7362043959063764,0.02591532350068795,0.0
ch07,-3.384705277256191,0.021378843215003888,0.0
