,cal0,cal1,cal2
ch01,-3.332311180610054,0.026087364580448056,0.0
ch02,-4.124744370176278,0.026067396051246902,0.0
ch03,-6.975796397873531,0.027067750727623286,0.0
ch04,-3.5045777749727725,0.02705949837938392,0.0
ch05,-3.5140778602456004,0.02192565801036531,0.0
ch06,-3.7446156585056354,0.025897361343586004,0.0
ch07,-3.502105769487531,0.02133346696085035,0.0
