,cal0,cal1,cal2
ch01,-3.1818202784332277,0.02607368531786663,0.0
ch02,-4.194960471942479,0.02599558112802281,0.0
ch03,-6.996737468722728,0.02705080882207518,0.0
ch04,-3.503459035640374,0.026917408416532985,0.0
ch05,-3.5067133206006944,0.021938541868512348,0.0
ch06,-3.7387217022167007,0.02591083631340109,0.0
ch07,-3.531329237003105,0.021384145288589465,0.0
