,cal0,cal1,cal2
ch01,-3.1304320919449995,0.026074797009927174,0.0
ch02,-4.175512815350019,0.025911094779515902,0.0
ch03,-7.009423220256864,0.02706287423834852,0.0
ch04,-3.502590239874985,0.026729848910295992,0.0
ch05,-3.491685814733222,0.021942929621913822,0.0
ch06,-3.7354797327671387,0.025917976778592297,0.0
ch07,-3.419825024051803,0.02139384020108756,0.0
