,cal0,cal1,cal2
ch01,-3.305152870485279,0.02608394408754396,0.0
ch02,-4.139489078280361,0.026058592684564046,0.0
ch03,-6.981770557533611,0.02706560139476633,0.0
ch04,-3.5042728853523597,0.027052854837229565,0.0
ch05,-3.512967527598661,0.021926844908538988,0.0
ch06,-3.7440454504960567,0.025898615785374838,0.0
ch07,-3.507662536038252,0.021335566777872142,0.0
