,cal0,cal1,cal2
ch01,-3.4046247051587883,0.026515565128822284,0.0
ch02,-3.7354954231057986,0.02560678692260804,0.0
ch03,-6.765432361961171,0.026761110695771098,0.0
ch04,-3.90372572528885,0.027036460706913023,0.0
ch05,-2.9526196212441658,0.021856411001945547,0.0
ch06,-3.38123815237358,0.025147146643024247,0.0
ch07,-2.769993506569459,0.020119456691475534,0.0
