,cal0,cal1,cal2
ch01,-3.418167986412097,0.02653013560906599,0.0
ch02,-3.6675316344802695,0.025557636818499704,0.0
ch03,-6.760815004652223,0.026742339549224566,0.0
ch04,-3.908227445931492,0.026938537516062618,0.0
ch05,-2.95119621756812,0.02182951187332887,0.0
ch06,-3.3768940254102833,0.025141008338829724,0.0
ch07,-2.8048269486803497,0.020103614649641374,0.0
