,cal0,cal1,cal2
ch01,-2.5600239078731994,0.025423710393689132,0.0
ch02,-3.455184201080142,0.025235065023753306,0.0
ch03,-6.742393374662975,0.02651786377836373,0.0
ch04,-3.9377106132794397,0.02660957323090047,0.0
ch05,-2.954962264159938,0.021018327796603144,0.0
ch06,-3.3507248747263727,0.025761798785928432,0.0
ch07,-2.6741883630629397,0.020109625077014852,0.0
