,cal0,cal1,cal2
ch01,-3.399556797793567,0.026508374957839396,0.0
ch02,-3.7541390177218026,0.025620520496392827,0.0
ch03,-6.766963123224786,0.026767797762362454,0.0
ch04,-3.90225602142802,0.027047397645776662,0.0
ch05,-2.9532173177789702,0.021861824122424767,0.0
ch06,-3.3833809967374626,0.025149100004351464,0.0
ch07,-2.7605110007697506,0.020124933489145336,0.0
