,cal0,cal1,cal2
ch01,-3.384604672990181,0.026486018926031727,0.0
ch02,-3.793667925516548,0.025656079396737388,0.0
ch03,-6.771443803260661,0.026788748189229366,0.0
ch04,-3.8979465060073832,0.027059490958852756,0.0
ch05,-2.9553653469998,0.02187253726063158,0.0
ch06,-3.391333574193729,0.02515518246001168,0.0
ch07,-2.7366657856912324,0.020141612308749134,0.0
