,cal0,cal1,cal2
ch01,-3.130762828525527,0.026435775311671843,0.0
ch02,-3.571982736471124,0.025359691382580315,0.0
ch03,-6.748396328588504,0.026712786297610702,0.0
ch04,-3.936287485250185,0.026017133570404867,0.0
ch05,-2.9504166408505563,0.021538542875049832,0.0
ch06,-3.4002442041061727,0.024791661115331813,0.0
ch07,-2.902259565071665,0.020259078295092114,0.0
