,cal0,cal1,cal2
ch01,-3.349654303847541,0.02655304319907903,0.0
ch02,-3.5661839711597,0.025397440623073173,0.0
ch03,-6.752094395728047,0.026724295032607794,0.0
ch04,-3.9176685908554627,0.0260686762473773,0.0
ch05,-2.9500822555230233,0.02162290804049113,0.0
ch06,-3.390701721069068,0.024883718592068026,0.0
ch07,-2.907227544519559,0.020220207421144342,0.0
