,cal0,cal1,cal2
ch01,-2.9894117820047565,0.025337839589293927,0.0
ch02,-3.3458706123797866,0.02495439763656533,0.0
ch03,-6.743595322847384,0.026560860936472874,0.0
ch04,-3.945686387801454,0.025916748467758672,0.0
ch05,-2.9596501886987934,0.020752474218670065,0.0
ch06,-3.4279443686713043,0.025856814491327675,0.0
ch07,-2.7011189943205673,0.020357164686021854,0.0
