,cal0,cal1,cal2
ch01,-2.643462288587283,0.025369531250867244,0.0
ch02,-3.4212389047085847,0.02510145612104869,0.0
ch03,-6.742341736087976,0.026526874111192044,0.0
ch04,-3.938926218766528,0.026285146481605924,0.0
ch05,-2.955783008100844,0.020752379247938935,0.0
ch06,-3.3864358203301594,0.025978670498615172,0.0
ch07,-2.6746366449741843,0.02029982743394163,0.0
