,cal0,cal1,cal2
ch01,-2.4810139720245816,0.025547763993171543,0.0
ch02,-3.52059302754184,0.025438660009935818,0.0
ch03,-6.571192557990038,0.02535313609081772,0.0
ch04,-4.334195532185575,0.02712001408686675,0.0
ch05,-2.238719151990688,0.021392270781362646,0.0
ch06,-2.5082422028814797,0.025508894864144507,0.0
ch07,-2.6903610497710413,0.019883888939977428,0.0
