,cal0,cal1,cal2
ch01,-2.563495302864179,0.02576973918367354,0.0
ch02,-3.56596378043472,0.025473723387415208,0.0
ch03,-6.743930617807171,0.026560288926455983,0.0
ch04,-3.9310111150490314,0.027134850748292513,0.0
ch05,-2.95229764393186,0.021560832077309848,0.0
ch06,-3.322030144952107,0.025321170758598806,0.0
ch07,-2.738892698053459,0.019923814232622777,0.0
