,cal0,cal1,cal2
ch01,-3.405504258080647,0.026525080466827847,0.0
ch02,-3.5845388234114623,0.025461969808653593,0.0
ch03,-6.75485644457782,0.026723684326326,0.0
ch04,-3.914426089800621,0.026433941570982396,0.0
ch05,-2.9501914054976703,0.021730775957148382,0.0
ch06,-3.3795080868522533,0.0250625107279087,0.0
ch07,-2.8713343629934687,0.020124873018911894,0.0
