,cal0,cal1,cal2
ch01,-3.224181930026231,0.026524150598693914,0.0
ch02,-3.566876633136098,0.025353874976514878,0.0
ch03,-6.8455720415570775,0.027343283016948088,0.0
ch04,-4.002040934253774,0.025918369960652183,0.0
ch05,-2.664071798643409,0.02152938766291038,0.0
ch06,-3.8528312462815038,0.02475492590258497,0.0
ch07,-2.9168219612420376,0.020286796046755543,0.0
