,cal0,cal1,cal2
ch01,-1.649971327531631,0.02660892148805901,0.0
ch02,-2.6724299754818333,0.025671226083709735,0.0
ch03,-5.840073948315109,0.02594919913757183,0.0
ch04,-3.3685319527188677,0.026854312687637744,0.0
ch05,-2.7341802231419123,0.021910084528782618,0.0
ch06,-3.6737903072579177,0.02603252366038714,0.0
ch07,-3.4282233066528796,0.020959830646838037,0.0
