,cal0,cal1,cal2
ch01,-1.7265135797595992,0.0265922795990056,0.0
ch02,-2.663777118779036,0.02563800360220537,0.0
ch03,-5.836771822864536,0.025955377512534312,0.0
ch04,-3.367510709294394,0.02693645011359563,0.0
ch05,-2.7303130853952466,0.02191237337580006,0.0
ch06,-3.6715594412625547,0.026034515344853165,0.0
ch07,-3.403738993101503,0.020957518055519694,0.0
