,cal0,cal1,cal2
ch01,-1.313491304228241,0.026671667026646275,0.0
ch02,-2.7044333334896224,0.02586108500438126,0.0
ch03,-5.856178713399419,0.025913257755877116,0.0
ch04,-3.372733939385099,0.0259993871199686,0.0
ch05,-2.7506397193530177,0.021884761342033023,0.0
ch06,-3.684378973667567,0.02602529741561774,0.0
ch07,-3.55685978457005,0.021016494586107687,0.0
