,cal0,cal1,cal2
ch01,-1.5677628469355842,0.02662445397325655,0.0
ch02,-2.6812733057897433,0.025709048499612277,0.0
ch03,-5.843666971705597,0.025942319026955266,0.0
ch04,-3.3695652509833365,0.026728546933766764,0.0
ch05,-2.738149838544432,0.02190676869527114,0.0
ch06,-3.676135639009885,0.02603055791734893,0.0
ch07,-3.4556428556050642,0.020963154004009974,0.0
