,cal0,cal1,cal2
ch01,-1.796638933275897,0.026574993407118427,0.0
ch02,-2.655641603687169,0.025608545391349064,0.0
ch03,-5.833760857522098,0.02596106197893907,0.0
ch04,-3.3665018602388384,0.026987812330911982,0.0
ch05,-2.7265516789110986,0.021913962021230155,0.0
ch06,-3.6694185265169694,0.026036522352785377,0.0
ch07,-3.3818247134810018,0.020955483087474178,0.0
