,cal0,cal1,cal2
ch01,-1.5294722114905,0.02655706856782009,0.0
ch02,-2.680740077522395,0.025954261837260847,0.0
ch03,-5.895037066357783,0.025910727737684304,0.0
ch04,-3.3804801011287,0.025642068587631822,0.0
ch05,-2.7827090777637657,0.021911461078586793,0.0
ch06,-3.6944129498207836,0.026012919325547102,0.0
ch07,-3.4961777205887232,0.021085126286417063,0.0
