,cal0,cal1,cal2
ch01,-2.0948305545852968,0.026477385714311425,0.0
ch02,-2.6249502786688916,0.02548234593697404,0.0
ch03,-5.821748351606013,0.025990707919997216,0.0
ch04,-3.3607268240774757,0.027059553806682467,0.0
ch05,-2.706373741926879,0.021917121729673108,0.0
ch06,-3.6578131518922112,0.026048771269632953,0.0
ch07,-3.287609644370851,0.02094476520175038,0.0
