,cal0,cal1,cal2
ch01,-1.2445075427909758,0.026697553204686336,0.0
ch02,-2.7092794854148696,0.02592733673176421,0.0
ch03,-5.860919078542378,0.025897474013525372,0.0
ch04,-3.3738118209599297,0.02566923707137893,0.0
ch05,-2.754985011739235,0.021870827631426247,0.0
ch06,-3.6879477890144727,0.02602402898678021,0.0
ch07,-3.594037694611233,0.021070717660802086,0.0
