,cal0,cal1,cal2
ch01,-1.969228171403742,0.026523484336854992,0.0
ch02,-2.6362024569061355,0.025536862431854584,0.0
ch03,-5.826468227106135,0.025976412554932386,0.0
ch04,-3.3635529296662465,0.027047919727215257,0.0
ch05,-2.715932980779591,0.02191636972351363,0.0
ch06,-3.6633941901638085,0.026042609275975005,0.0
ch07,-3.3281997425440863,0.020949853675879412,0.0
