,cal0,cal1,cal2
ch01,-3.029487358672281,0.025982729941077833,0.0
ch02,-2.566993789319356,0.025656131127257887,0.0
ch03,-5.96983158457041,0.026050123406348335,0.0
ch04,-3.348009126297298,0.02660311772949068,0.0
ch05,-2.8334243263228505,0.022354271567864268,0.0
ch06,-3.6783967501683934,0.02601342566209032,0.0
ch07,-2.9010602068087357,0.020024118408945555,0.0
