,cal0,cal1,cal2
ch01,-2.5955096692550317,0.026179248418879173,0.0
ch02,-2.5891705617397927,0.025721753924635774,0.0
ch03,-5.937726223453897,0.026001090862191586,0.0
ch04,-3.3874270799585235,0.026615173103455125,0.0
ch05,-2.8126560815502204,0.022184690469239758,0.0
ch06,-3.686214014028525,0.026009407242115756,0.0
ch07,-3.0518202142232065,0.0205737312548537,0.0
