,cal0,cal1,cal2
ch01,-1.1977622664027103,0.026729138158566024,0.0
ch02,-2.7118213649896683,0.02599772956036843,0.0
ch03,-5.865938613569309,0.02587379414607711,0.0
ch04,-3.374515654224233,0.025361622984166048,0.0
ch05,-2.7594152780352217,0.021853925107619278,0.0
ch06,-3.69255247862556,0.02602298110958757,0.0
ch07,-3.626934611376288,0.021141714242162397,0.0
