,cal0,cal1,cal2
ch01,-1.386612444308689,0.026634984370163064,0.0
ch02,-2.692804923205497,0.026015667734564412,0.0
ch03,-5.888705578655535,0.025882576091289352,0.0
ch04,-3.3789648199444686,0.025346677571468596,0.0
ch05,-2.7779108500275886,0.02187957712154452,0.0
ch06,-3.696910264836242,0.02601556962687892,0.0
ch07,-3.562728451098862,0.021151465028801077,0.0
