,cal0,cal1,cal2
ch01,-3.323933117883583,0.026090773253916448,0.0
ch02,-3.601824554401795,0.026087907317157474,0.0
ch03,-6.691172967955424,0.02713420466750857,0.0
ch04,-3.435530034045223,0.027062199254089005,0.0
ch05,-3.5392689086719065,0.021921456664152753,0.0
ch06,-3.7792838344156396,0.025969263262280298,0.0
ch07,-3.620992458031357,0.021389773357004385,0.0
