,cal0,cal1,cal2
ch01,-3.504116763813492,0.02603735203006741,0.0
ch02,-3.731993479186664,0.026338869341613304,0.0
ch03,-7.089236201016437,0.02739472756760418,0.0
ch04,-3.3148448821101777,0.02675374735126226,0.0
ch05,-3.864332777200286,0.021878062801620152,0.0
ch06,-3.6684567911409958,0.025998520731223405,0.0
ch07,-3.7248592486194627,0.021311749451508287,0.0
