,cal0,cal1,cal2
ch01,-3.6148842162544303,0.02603962911146707,0.0
ch02,-3.388636954182504,0.026524270940381796,0.0
ch03,-6.840956287935954,0.027231520455572627,0.0
ch04,-3.436102710189559,0.027095687076567537,0.0
ch05,-3.574707587433319,0.022000099190946042,0.0
ch06,-3.8018899643025943,0.025982096299213858,0.0
ch07,-3.903389744912411,0.02129429738686501,0.0
