,cal0,cal1,cal2
ch01,-3.596569313932523,0.026040605297259486,0.0
ch02,-3.4932267194085775,0.026436638634205666,0.0
ch03,-6.826171659100995,0.027197801098015457,0.0
ch04,-3.4298394271898243,0.02705563943753504,0.0
ch05,-3.5733546314424465,0.021950785782953595,0.0
ch06,-3.7964386323264794,0.025972558330227307,0.0
ch07,-3.845497697541868,0.02138933169048397,0.0
