,cal0,cal1,cal2
ch01,-3.550950873132205,0.02605146740416414,0.0
ch02,-3.3736400352976093,0.026222854168380858,0.0
ch03,-6.858112754454127,0.02720117297797086,0.0
ch04,-3.4281207632996735,0.026730246252421465,0.0
ch05,-3.574908263720187,0.022012754549033522,0.0
ch06,-3.8040269629868892,0.02598435149083342,0.0
ch07,-3.812318520081284,0.021340927412268583,0.0
