,cal0,cal1,cal2
ch01,-3.5749130002191087,0.026047259083497032,0.0
ch02,-3.3629188120090396,0.026338525124443735,0.0
ch03,-6.854104920824342,0.027211671067236737,0.0
ch04,-3.4287365573076154,0.026845250827221525,0.0
ch05,-3.575033548155792,0.022013056695449243,0.0
ch06,-3.8034220665275096,0.025984273520085796,0.0
ch07,-3.8509533230566126,0.021314645876201688,0.0
