,cal0,cal1,cal2
ch01,-3.567399824444795,0.02603996842008703,0.0
ch02,-3.58399760803388,0.02638878967467546,0.0
ch03,-6.815457065565955,0.027191187476294645,0.0
ch04,-3.4302689451254276,0.02693742618153245,0.0
ch05,-3.571901519766065,0.021924369682823547,0.0
ch06,-3.792671117138304,0.025975060726027194,0.0
ch07,-3.7979433302305745,0.0213936908181346,0.0
