,cal0,cal1,cal2
ch01,-3.4191374477485414,0.026061500922132837,0.0
ch02,-3.7480119944719688,0.026210867538834143,0.0
ch03,-6.753503863595966,0.0271599016538249,0.0
ch04,-3.43278517597948,0.02698263047257695,0.0
ch05,-3.558576138087303,0.02191362844186386,0.0
ch06,-3.7862801514723605,0.025969165649516204,0.0
ch07,-3.673695815658546,0.021400260312294757,0.0
