,cal0,cal1,cal2
ch01,-3.6142411305672977,0.026039794604573452,0.0
ch02,-3.416346095695258,0.02650299084726401,0.0
ch03,-6.836205587521356,0.027213312487595596,0.0
ch04,-3.429468733548585,0.02711089318823359,0.0
ch05,-3.5743689034271484,0.021983298820709242,0.0
ch06,-3.7997798189957743,0.025978520836677517,0.0
ch07,-3.8907132617550553,0.021327798037387432,0.0
