,cal0,cal1,cal2
ch01,-3.3830023340564424,0.02607185686572965,0.0
ch02,-3.697330816248324,0.026162852611614176,0.0
ch03,-6.733027533324225,0.027150254294500794,0.0
ch04,-3.4336534360815483,0.0270433201642927,0.0
ch05,-3.552818246094385,0.02191910118680934,0.0
ch06,-3.7849771443682925,0.025968581917792947,0.0
ch07,-3.654941106763714,0.02139834234844285,0.0
