,cal0,cal1,cal2
ch01,-3.4065860237549077,0.0260649812001716,0.0
ch02,-3.732757887275469,0.026193677443090098,0.0
ch03,-6.746739727823137,0.027156463767308816,0.0
ch04,-3.43306909752733,0.027010948251465345,0.0
ch05,-3.556738652545577,0.02191615536301088,0.0
ch06,-3.7860130553181435,0.025968654817743554,0.0
ch07,-3.667284965342099,0.021400585832822706,0.0
