,cal0,cal1,cal2
ch01,-3.4741376221377642,0.026044713020881308,0.0
ch02,-3.764704741935342,0.026296236776698796,0.0
ch03,-6.779710377986264,0.02717947327531755,0.0
ch04,-3.431608081177495,0.0267997818585252,0.0
ch05,-3.565052693108586,0.021888758449493985,0.0
ch06,-3.7836514092556994,0.025988295337041695,0.0
ch07,-3.703004639883461,0.021342900720734137,0.0
