,cal0,cal1,cal2
ch01,-3.3945410770147766,0.02606843281454644,0.0
ch02,-3.7155134025014185,0.0261777444600522,0.0
ch03,-6.739910813919824,0.0271532685069271,0.0
ch04,-3.43335855266121,0.027030526687825584,0.0
ch05,-3.554818551615328,0.021917897098211497,0.0
ch06,-3.7855678577576817,0.0259685515188988,0.0
ch07,-3.661040489332206,0.021399653585537193,0.0
