,cal0,cal1,cal2
ch01,-2.747762407222414,0.026456283030746108,0.0
ch02,-2.7900005509936086,0.02542015447940867,0.0
ch03,-6.20430317559492,0.02658264149308173,0.0
ch04,-3.5704253931696615,0.027062529713034484,0.0
ch05,-3.2118455251249762,0.02192091243827602,0.0
ch06,-3.6857123113487558,0.02589341158234517,0.0
ch07,-3.4113704382482264,0.02142638869537942,0.0
