,cal0,cal1,cal2
ch01,-2.7855322273239307,0.02649045931426718,0.0
ch02,-2.812356454290338,0.025408512706288404,0.0
ch03,-6.245720980120845,0.026529287813027436,0.0
ch04,-3.5608774735939663,0.0270625604705928,0.0
ch05,-3.1900559493610543,0.021919873158623673,0.0
ch06,-3.6946566842109707,0.025888364714366962,0.0
ch07,-3.4335599105019536,0.0213711530647185,0.0
