,cal0,cal1,cal2
ch01,-2.742630234376692,0.02645049051263003,0.0
ch02,-2.7859273863951555,0.02542499374653829,0.0
ch03,-6.191510339062852,0.02659577437789137,0.0
ch04,-3.572639954253551,0.027062549503627718,0.0
ch05,-3.216721487492608,0.021921024533706028,0.0
ch06,-3.6829827219003874,0.02589525168553761,0.0
ch07,-3.4029046589275933,0.02144038729815906,0.0
