,cal0,cal1,cal2
ch01,-2.7929175450822696,0.026497888359634836,0.0
ch02,-2.8166802713330656,0.025406594386684522,0.0
ch03,-6.251873055968385,0.0265189380219864,0.0
ch04,-3.5589176385290924,0.027062561631589953,0.0
ch05,-3.185461692147663,0.02191965175081726,0.0
ch06,-3.6959278049225714,0.025887780222311058,0.0
ch07,-3.436051424622827,0.021360740693849384,0.0
