,cal0,cal1,cal2
ch01,-2.74027664447982,0.026446122173741052,0.0
ch02,-2.7829380669198827,0.025430644691556835,0.0
ch03,-6.1784463388456565,0.026608178791970135,0.0
ch04,-3.5746776109566456,0.02706258212176634,0.0
ch05,-3.221136247084417,0.02192105707055904,0.0
ch06,-3.68028746293997,0.02589725384464231,0.0
ch07,-3.3937453960459294,0.021453712836773896,0.0
