,cal0,cal1,cal2
ch01,-2.789288976151629,0.02649417768553413,0.0
ch02,-2.814529781334514,0.025407570303990625,0.0
ch03,-6.248861448128796,0.02652412915466562,0.0
ch04,-3.559905589629792,0.027062561461053306,0.0
ch05,-3.1877818073086504,0.02191976149925722,0.0
ch06,-3.6953105899469074,0.025888058433680115,0.0
ch07,-3.434864731776517,0.02136595299680629,0.0
