,cal0,cal1,cal2
ch01,-2.7440106278701264,0.02645224702751336,0.0
ch02,-2.7871534603452632,0.025423279117027228,0.0
ch03,-6.195814927040136,0.02659147516946463,0.0
ch04,-3.5719212100086573,0.02706254087273919,0.0
ch05,-3.2151475771493523,0.021920997146435656,0.0
ch06,-3.6838935441752167,0.02589461931368073,0.0
ch07,-3.4058203519560326,0.021435790267441437,0.0
