,cal0,cal1,cal2
ch01,-2.740196453909892,0.02644177060888217,0.0
ch02,-2.7801243088032126,0.02543885448882389,0.0
ch03,-6.160968137516716,0.026623514169677388,0.0
ch04,-3.577112897802784,0.02706262399629337,0.0
ch05,-3.226315973198789,0.0219210316721412,0.0
ch06,-3.6769149089172117,0.025900140023066794,0.0
ch07,-3.3811397845946405,0.021470240605279387,0.0
