,cal0,cal1,cal2
ch01,-2.7408588621050534,0.026439881053871777,0.0
ch02,-2.779071735153873,0.0254429823620996,0.0
ch03,-6.15234561611995,0.026630651551199837,0.0
ch04,-3.5782080033812167,0.02706263993671143,0.0
ch05,-3.2286097836914314,0.02192101236918679,0.0
ch06,-3.675382596156695,0.025901662062197354,0.0
ch07,-3.3749506995645877,0.02147790202228371,0.0
