,cal0,cal1,cal2
ch01,-2.7816821269983527,0.026486765009535052,0.0
ch02,-2.810164316905042,0.025409430023398644,0.0
ch03,-6.242456705365081,0.026534408772312945,0.0
ch04,-3.5618329769344075,0.027062558583473516,0.0
ch05,-3.192283263442409,0.02191998591852592,0.0
ch06,-3.693968444548293,0.025888698493782256,0.0
ch07,-3.432138157570119,0.02137633698308718,0.0
