,cal0,cal1,cal2
ch01,-2.7399964001971537,0.026444913504666635,0.0
ch02,-2.782131170849199,0.0254326547386583,0.0
ch03,-6.174067453132692,0.026612143896252615,0.0
ch04,-3.575316837551532,0.027062593508382592,0.0
ch05,-3.222506245850318,0.02192105541424827,0.0
ch06,-3.679413617992206,0.02589795371503864,0.0
ch07,-3.3906043365592957,0.021457985677229778,0.0
