,cal0,cal1,cal2
ch01,-2.7399130420932476,0.02644379836916348,0.0
ch02,-2.7813991168213614,0.0254347032766528,0.0
ch03,-6.169689521700619,0.026616022039389724,0.0
ch04,-3.575935863005965,0.027062604440738366,0.0
ch05,-3.223825946670118,0.021921049750464893,0.0
ch06,-3.6785580212727105,0.0258986685499732,0.0
ch07,-3.387445722287215,0.02146216722785579,0.0
