,cal0,cal1,cal2
ch01,-2.8340810022475655,0.026364860129603433,0.0
ch02,-3.2338119397056024,0.025408016871020404,0.0
ch03,-6.525686516915418,0.026829206299835616,0.0
ch04,-3.5553504982825737,0.0270633298357411,0.0
ch05,-2.9550926974011325,0.021929979964568757,0.0
ch06,-3.5060638292948214,0.02592186785530255,0.0
ch07,-3.0685876644432373,0.021034693144723872,0.0
