,cal0,cal1,cal2
ch01,-2.996457009892322,0.026469212030733442,0.0
ch02,-3.4263964274724668,0.025544918830336185,0.0
ch03,-6.6585316716711995,0.026869991501275056,0.0
ch04,-3.560414095501476,0.027067830310450982,0.0
ch05,-3.052221785320193,0.021947389591121483,0.0
ch06,-3.5398392512021197,0.0259204324130462,0.0
ch07,-3.117170260385207,0.021029596496693583,0.0
