,cal0,cal1,cal2
ch01,-3.014610880852205,0.02646604317649908,0.0
ch02,-3.438625613507116,0.025552606129152028,0.0
ch03,-6.662600459882441,0.0268698610761159,0.0
ch04,-3.560687239481378,0.027065583063196407,0.0
ch05,-3.0558641413951717,0.021942157714860466,0.0
ch06,-3.5409350646094864,0.02591989126550586,0.0
ch07,-3.1161853682543854,0.02102924317481392,0.0
