,cal0,cal1,cal2
ch01,-2.953902386461732,0.026475409533244627,0.0
ch02,-3.400941467962938,0.02552715279518218,0.0
ch03,-6.650023899177347,0.026870424358062642,0.0
ch04,-3.559878576253076,0.027077720920972864,0.0
ch05,-3.0448382617615537,0.02196264315404206,0.0
ch06,-3.5379607881522124,0.025921365140024136,0.0
ch07,-3.120273848741594,0.021030473462364207,0.0
