,cal0,cal1,cal2
ch01,-2.785910510175593,0.02649178367138443,0.0
ch02,-3.3269692799486204,0.02543855606984869,0.0
ch03,-6.621714532264514,0.026877707277777683,0.0
ch04,-3.55837403783025,0.027219654674419284,0.0
ch05,-3.022006985643184,0.022127010996301683,0.0
ch06,-3.5391115295807776,0.02585689800185812,0.0
ch07,-3.1436450652965267,0.02124994041511037,0.0
