,cal0,cal1,cal2
ch01,-2.8137824491211543,0.026437347191941907,0.0
ch02,-3.2619700116209773,0.02542999853623666,0.0
ch03,-6.561242210035251,0.02684650303998181,0.0
ch04,-3.556157802839883,0.027087186006769674,0.0
ch05,-2.978637700875484,0.021971592627637388,0.0
ch06,-3.5132311658616495,0.02592354519089072,0.0
ch07,-3.0922086046982136,0.021035873739642368,0.0
