,cal0,cal1,cal2
ch01,-2.976273704980173,0.026472343848790634,0.0
ch02,-3.413806622161031,0.02553648666415267,0.0
ch03,-6.654338839149496,0.02687017029995835,0.0
ch04,-3.5601444713715273,0.027071589926095256,0.0
ch05,-3.0485460301824823,0.02195404497996334,0.0
ch06,-3.538838300122456,0.02592093481910316,0.0
ch07,-3.118507575708323,0.021029974624373716,0.0
