,cal0,cal1,cal2
ch01,-2.9024463764173443,0.02648117024003169,0.0
ch02,-3.374922395964942,0.025504947141762765,0.0
ch03,-6.64103686281236,0.026871323585194725,0.0
ch04,-3.559358840409507,0.027101954290148063,0.0
ch05,-3.0373326219324444,0.02198902489488449,0.0
ch06,-3.536738905828606,0.025920984802591158,0.0
ch07,-3.1254465705230166,0.02103501238842522,0.0
