,cal0,cal1,cal2
ch01,-2.7615531471606123,0.02649468793308417,0.0
ch02,-3.31693891501311,0.0254173793883784,0.0
ch03,-6.616623194977493,0.026882380255656306,0.0
ch04,-3.558479735001298,0.027252804016548726,0.0
ch05,-3.018120626213061,0.022187897965232583,0.0
ch06,-3.542493034312479,0.025814604034730862,0.0
ch07,-3.148537971660022,0.02139147242956557,0.0
