,cal0,cal1,cal2
ch01,-2.8025946448048926,0.026447282680699576,0.0
ch02,-3.265880028903083,0.02542973793109118,0.0
ch03,-6.567063842167197,0.02684991860433103,0.0
ch04,-3.5563232125013027,0.0271017684980815,0.0
ch05,-2.982600570363386,0.021987044227452568,0.0
ch06,-3.51543599939177,0.025922717175313383,0.0
ch07,-3.098279041272304,0.02103891079232953,0.0
