,cal0,cal1,cal2
ch01,-2.92926763969333,0.026478367200635386,0.0
ch02,-3.3879261060957306,0.02551672101125356,0.0
ch03,-6.6455890714338,0.02687079100559899,0.0
ch04,-3.55961662555352,0.02708738408807206,0.0
ch05,-3.0410999443692193,0.021973936695043855,0.0
ch06,-3.5372440781722547,0.025921569903968125,0.0
ch07,-3.122556055314546,0.021031561303475867,0.0
