,cal0,cal1,cal2
ch01,-2.7892100217060642,0.02645635818986789,0.0
ch02,-3.2696962894148864,0.02542762673638283,0.0
ch03,-6.572838293416929,0.026853634672564918,0.0
ch04,-3.55649666918292,0.02712253695741436,0.0
ch05,-2.9865670347373414,0.022007869471114563,0.0
ch06,-3.5180378321840604,0.025919474999822938,0.0
ch07,-3.1052437280386798,0.021049482722614015,0.0
