,cal0,cal1,cal2
ch01,-2.832817543283348,0.026403055816862538,0.0
ch02,-3.248907410230318,0.025422670848962752,0.0
ch03,-6.543558712086768,0.026837392816197684,0.0
ch04,-3.555712730714144,0.027067619953134055,0.0
ch05,-2.9667982788061007,0.021943897911576356,0.0
ch06,-3.5084965114425097,0.02592305068559273,0.0
ch07,-3.0783374167435165,0.02103502146679661,0.0
