,cal0,cal1,cal2
ch01,-2.7589613361419634,0.02647242114187716,0.0
ch02,-3.277643595163975,0.02541653321483216,0.0
ch03,-6.584220801976715,0.026862540360456176,0.0
ch04,-3.556866589479351,0.027183452593303833,0.0
ch05,-2.9945001018328297,0.022075055355397763,0.0
ch06,-3.5248900482606627,0.025890811250433517,0.0
ch07,-3.1218964000674863,0.021142667712991146,0.0
