,cal0,cal1,cal2
ch01,-2.814063971006779,0.026488915050835612,0.0
ch02,-3.33794842086777,0.025458486610877074,0.0
ch03,-6.626705380168999,0.026874981676177082,0.0
ch04,-3.558612770814503,0.027183636433264605,0.0
ch05,-3.0258732733638274,0.022076071609643314,0.0
ch06,-3.537440245766227,0.02588988354902642,0.0
ch07,-3.1383247689755938,0.021140057688257666,0.0
