,cal0,cal1,cal2
ch01,-2.406023632583381,0.026139592024485313,0.0
ch02,-2.735009686140833,0.024874188292399062,0.0
ch03,-6.088263592538457,0.026198720930581162,0.0
ch04,-3.6201644673402624,0.02772018645402707,0.0
ch05,-2.874666781746019,0.022418276686887798,0.0
ch06,-3.5067278497352863,0.0256792158799657,0.0
ch07,-2.9332614594269764,0.020533295713788997,0.0
