,cal0,cal1,cal2
ch01,-2.4196798633632834,0.026186939128109037,0.0
ch02,-2.7153654336743713,0.024764872066847105,0.0
ch03,-6.089542703816229,0.026201430998632945,0.0
ch04,-3.632592731636781,0.027433988507421136,0.0
ch05,-2.902366496001573,0.0219747430252723,0.0
ch06,-3.4854092231629252,0.025672273044733636,0.0
ch07,-2.8636154159068363,0.021053103018513215,0.0
