,cal0,cal1,cal2
ch01,-2.4071797884868613,0.026145974784469755,0.0
ch02,-2.7291749182455147,0.024884393670637425,0.0
ch03,-6.087472401454899,0.02619395976799348,0.0
ch04,-3.6192653132934764,0.027647607905299364,0.0
ch05,-2.8771415272335794,0.022331234117641992,0.0
ch06,-3.501586646535851,0.025675688528650514,0.0
ch07,-2.929515091683035,0.020599654379029324,0.0
