,cal0,cal1,cal2
ch01,-2.5728312914191647,0.02624999565476611,0.0
ch02,-2.980326346237484,0.02511324803920912,0.0
ch03,-6.11072142949681,0.026210180515302342,0.0
ch04,-3.6012678761038677,0.02707710470116221,0.0
ch05,-2.850967476108743,0.02196878963246634,0.0
ch06,-3.5145005017669493,0.02569869281531336,0.0
ch07,-2.9278503315919866,0.020779546339836207,0.0
