,cal0,cal1,cal2
ch01,-2.478365037575165,0.026189036852333807,0.0
ch02,-2.8383980673311484,0.025012455393477444,0.0
ch03,-6.0967481726096695,0.026197127170550127,0.0
ch04,-3.609322971638389,0.027321802888493084,0.0
ch05,-2.86138011456955,0.02210301368682756,0.0
ch06,-3.5072892930302713,0.025685888625733143,0.0
ch07,-2.935601187278129,0.020759811952541445,0.0
