,cal0,cal1,cal2
ch01,-2.427905946799159,0.026154750237309555,0.0
ch02,-2.7721695486827254,0.024923251579744114,0.0
ch03,-6.091738671809089,0.02619710267045793,0.0
ch04,-3.613529254683972,0.02764208462242552,0.0
ch05,-2.867680255244455,0.02233069545062318,0.0
ch06,-3.507124796442025,0.025683564833784703,0.0
ch07,-2.9376551755395752,0.02059968784184011,0.0
