,cal0,cal1,cal2
ch01,-2.595157429659142,0.026269964081117377,0.0
ch02,-3.010329307480916,0.02513387782838245,0.0
ch03,-6.116367592237646,0.0262168832523059,0.0
ch04,-3.5986952115720428,0.02706719367710459,0.0
ch05,-2.8481723651704027,0.021954505260447895,0.0
ch06,-3.517623766316349,0.025703336705486326,0.0
ch07,-2.92495719742822,0.020779340679125246,0.0
