,cal0,cal1,cal2
ch01,-2.427031292767165,0.02618015620270899,0.0
ch02,-2.717898471008353,0.024871931850955778,0.0
ch03,-6.086928243745577,0.026192221590988392,0.0
ch04,-3.6280963806528357,0.027264405085686373,0.0
ch05,-2.8934068234000825,0.02201140029425639,0.0
ch06,-3.488655235356639,0.025661578437129712,0.0
ch07,-2.8918310650991317,0.020795275237895684,0.0
