,cal0,cal1,cal2
ch01,-2.5306358295404965,0.026218895275125886,0.0
ch02,-2.915529731337393,0.025072524154315195,0.0
ch03,-6.103131566091298,0.026202170120277268,0.0
ch04,-3.605235530442277,0.027133236161808866,0.0
ch05,-2.855799924282349,0.022008418208379527,0.0
ch06,-3.51034125527806,0.02569191998278855,0.0
ch07,-2.931990726025091,0.020779469741923583,0.0
