,cal0,cal1,cal2
ch01,-2.4965613087463416,0.026198858991518144,0.0
ch02,-2.8641500307678704,0.02503537775593566,0.0
ch03,-6.09873148369078,0.026198416819139873,0.0
ch04,-3.6079479476816796,0.02723817886415596,0.0
ch05,-2.859438565218236,0.02206120139681095,0.0
ch06,-3.508128712797006,0.02568769038206715,0.0
ch07,-2.934484683313598,0.020773532416953285,0.0
