,cal0,cal1,cal2
ch01,-2.4221270527346324,0.026187072907116794,0.0
ch02,-2.7149343315942405,0.024809325765868497,0.0
ch03,-6.088448367941865,0.02619735115604169,0.0
ch04,-3.631089907499783,0.027359609033443213,0.0
ch05,-2.899324027381105,0.02198351299882917,0.0
ch06,-3.4863170801755046,0.02566532821318626,0.0
ch07,-2.873438837149672,0.020910788996601575,0.0
