,cal0,cal1,cal2
ch01,-2.4601795634251036,0.02617869083729772,0.0
ch02,-2.813897624980138,0.024985952337254664,0.0
ch03,-6.094917572623966,0.02619633324304599,0.0
ch04,-3.6107099040111046,0.027424682515007907,0.0
ch05,-2.8634017059757597,0.02216058088741608,0.0
ch06,-3.5067180759316248,0.02568455129293979,0.0
ch07,-2.93657765049676,0.020728453286447915,0.0
