,cal0,cal1,cal2
ch01,-2.4162356140931083,0.02614394667228103,0.0
ch02,-2.7562056936113226,0.024893380574243177,0.0
ch03,-6.090402178051838,0.026200306993882823,0.0
ch04,-3.617297632320782,0.027717782391460586,0.0
ch05,-2.869934655401211,0.02241798523747069,0.0
ch06,-3.5094998284394623,0.025683154411131982,0.0
ch07,-2.937287589401809,0.02053333291098679,0.0
