,cal0,cal1,cal2
ch01,-2.5141131901997773,0.026208747495643944,0.0
ch02,-2.8901739845668324,0.025055224304690715,0.0
ch03,-6.100861354252628,0.026200115174788742,0.0
ch04,-3.606585310721444,0.02717611599305938,0.0
ch05,-2.8575781586798303,0.022030808703589796,0.0
ch06,-3.509161241797815,0.025689746990304105,0.0
ch07,-2.9332733407485074,0.02077823201857998,0.0
