,cal0,cal1,cal2
ch01,-2.9869198102677745,0.02626316373531886,0.0
ch02,-3.5696713778307743,0.025437045496974092,0.0
ch03,-6.571204088958714,0.026903394891610158,0.0
ch04,-3.684953824480954,0.027062879005078432,0.0
ch05,-3.281814473474997,0.021925657501073018,0.0
ch06,-3.6108424433555255,0.02570420134017533,0.0
ch07,-2.9687114289611025,0.02093018184743002,0.0
