,cal0,cal1,cal2
ch01,-3.0468036107149006,0.02646387414326199,0.0
ch02,-3.790435025859183,0.025610591511592132,0.0
ch03,-6.569077634887726,0.02685998959626802,0.0
ch04,-3.6805796051384445,0.027041980978151366,0.0
ch05,-3.286208567949345,0.02194256194077251,0.0
ch06,-3.599802470385216,0.025700721647274917,0.0
ch07,-2.792177920928011,0.020950785921858714,0.0
