,cal0,cal1,cal2
ch01,-3.0591392850664954,0.026495056257354356,0.0
ch02,-3.834573778918834,0.025644524001406266,0.0
ch03,-6.568831738301389,0.02685577563101626,0.0
ch04,-3.6801697932325412,0.02702817955345467,0.0
ch05,-3.286359940462211,0.021947960742323476,0.0
ch06,-3.5991101736736084,0.025700413148204468,0.0
ch07,-2.7615443055662627,0.0209519084581708,0.0
