,cal0,cal1,cal2
ch01,-3.035920095385231,0.0264339854086355,0.0
ch02,-3.749478677834092,0.02558131751490974,0.0
ch03,-6.569310422186101,0.02686426616108842,0.0
ch04,-3.680994740745645,0.027050594228415336,0.0
ch05,-3.2859993152718014,0.021938485236355755,0.0
ch06,-3.6006367473372816,0.025701011328211707,0.0
ch07,-2.819422109040954,0.020948787566735128,0.0
