,cal0,cal1,cal2
ch01,-3.1420982091968446,0.02661537534846437,0.0
ch02,-3.994675258865467,0.02588749715257681,0.0
ch03,-6.563897836612161,0.02680755207999862,0.0
ch04,-3.6756921281176282,0.02688370233247611,0.0
ch05,-3.2832197823516145,0.021995479342950812,0.0
ch06,-3.583477332597331,0.025691410152133498,0.0
ch07,-2.6139429343231715,0.02078373253899414,0.0
