,cal0,cal1,cal2
ch01,-3.157397676134241,0.026830094590210837,0.0
ch02,-4.08177565525829,0.02607050179638952,0.0
ch03,-6.566519025750808,0.02683256691438912,0.0
ch04,-3.708050083385926,0.026738732739380232,0.0
ch05,-3.285683613051617,0.02208308209884139,0.0
ch06,-3.611300405982568,0.025665371737167875,0.0
ch07,-2.4686928228426424,0.020022484291904584,0.0
