,cal0,cal1,cal2
ch01,-3.005313635727867,0.026335176715585332,0.0
ch02,-3.6305352291073616,0.02549737046471334,0.0
ch03,-6.570160518930016,0.026881697371871575,0.0
ch04,-3.6827066448149193,0.027061641975792007,0.0
ch05,-3.2846180703285768,0.021929557346007284,0.0
ch06,-3.604832983713277,0.025702291081218364,0.0
ch07,-2.902642890096003,0.020940269561326028,0.0
