,cal0,cal1,cal2
ch01,-3.1196346129254193,0.0266400140376492,0.0
ch02,-4.009763955432348,0.025849188014362416,0.0
ch03,-6.567663790902241,0.026840092862612887,0.0
ch04,-3.6785853675229747,0.026883922780182184,0.0
ch05,-3.286357374748824,0.02199786200225697,0.0
ch06,-3.599118173184809,0.025692402335825516,0.0
ch07,-2.5976882641809764,0.020765349318231385,0.0
