,cal0,cal1,cal2
ch01,-3.1317073656109744,0.026565336408267783,0.0
ch02,-3.952462607934166,0.025832674009345503,0.0
ch03,-6.56324736697602,0.026803204113754118,0.0
ch04,-3.675357125614857,0.0269346700328164,0.0
ch05,-3.2825230601208677,0.02197592495821727,0.0
ch06,-3.578960454875254,0.025695691355748694,0.0
ch07,-2.6647213926922153,0.020906014873577086,0.0
