,cal0,cal1,cal2
ch01,-3.159020892751606,0.026756039801667922,0.0
ch02,-4.059091981289942,0.026020919320642783,0.0
ch03,-6.56506685063133,0.026817633084825737,0.0
ch04,-3.6765291095006285,0.026775995094563014,0.0
ch05,-3.2844089706200252,0.022052979096006377,0.0
ch06,-3.595984470717111,0.025674002141197003,0.0
ch07,-2.5110347523070966,0.020284630907320442,0.0
