,cal0,cal1,cal2
ch01,-3.011264489885899,0.026356348711039267,0.0
ch02,-3.653204986575033,0.025514408852005205,0.0
ch03,-6.5699553955670105,0.02687731594916683,0.0
ch04,-3.682271166832011,0.027060629036472966,0.0
ch05,-3.2850413222712027,0.021931048842459538,0.0
ch06,-3.603695487938742,0.025701949567579853,0.0
ch07,-2.8850301636479307,0.020942371793088766,0.0
