,cal0,cal1,cal2
ch01,-2.99603147103375,0.02629997368321041,0.0
ch02,-3.597427342862346,0.025469005866129157,0.0
ch03,-6.570568917670336,0.026890444607793957,0.0
ch04,-3.6835919346339216,0.02706253948829667,0.0
ch05,-3.2836276501826736,0.02192744268240555,0.0
ch06,-3.6072009137670804,0.025703015796383337,0.0
ch07,-2.932967770976399,0.020936144894427196,0.0
