,cal0,cal1,cal2
ch01,-3.147773958382999,0.026768536841002343,0.0
ch02,-4.067275711884008,0.026001587838922226,0.0
ch03,-6.56693149939184,0.026833972800647365,0.0
ch04,-3.67797630067374,0.026776136229707356,0.0
ch05,-3.285974122987872,0.022054178232675463,0.0
ch06,-3.603827469618111,0.025674499402536674,0.0
ch07,-2.502605153342924,0.020275433357518788,0.0
