,cal0,cal1,cal2
ch01,-2.98000397727908,0.02623674066836477,0.0
ch02,-3.552033157628195,0.025407116580854844,0.0
ch03,-6.572150188392787,0.026920033351983993,0.0
ch04,-3.6868271561626593,0.02706294300487073,0.0
ch05,-3.2788808507477656,0.021924653358395673,0.0
ch06,-3.6155818793363337,0.02570594825756753,0.0
ch07,-3.002975411338066,0.020922715475987553,0.0
