,cal0,cal1,cal2
ch01,-2.989452575248438,0.026273516409942955,0.0
ch02,-3.57678649389026,0.025446555008807197,0.0
ch03,-6.570987226571383,0.02689911157897276,0.0
ch04,-3.684495511062978,0.027062822447226773,0.0
ch05,-3.282459578137297,0.021926117229343414,0.0
ch06,-3.6096271505356503,0.025703793565709235,0.0
ch07,-2.9579155165569944,0.02093213753413252,0.0
