,cal0,cal1,cal2
ch01,-3.103673481558459,0.026595809614342127,0.0
ch02,-3.9702511212287375,0.025785095545423548,0.0
ch03,-6.567988828516635,0.02684375400841436,0.0
ch04,-3.6789731063822235,0.026934915128935626,0.0
ch05,-3.2864518587205502,0.021978882179661853,0.0
ch06,-3.5984691797590855,0.025696933042691467,0.0
ch07,-2.644946150704983,0.020883147954492757,0.0
