,cal0,cal1,cal2
ch01,-2.9829498109724444,0.026247307991452102,0.0
ch02,-3.5593908650494788,0.025420693506459303,0.0
ch03,-6.571659570668007,0.026911825608776124,0.0
ch04,-3.685882783376793,0.02706292787454204,0.0
ch05,-3.2804136096766996,0.021925022024785492,0.0
ch06,-3.6132463906926975,0.025705052534100856,0.0
ch07,-2.987464558849509,0.020926374310782914,0.0
