,cal0,cal1,cal2
ch01,-3.0264394199963807,0.026405891812789663,0.0
ch02,-3.712665555390154,0.025555924319973052,0.0
ch03,-6.56953267099625,0.026868588566159732,0.0
ch04,-3.681415110700707,0.02705579400358785,0.0
ch05,-3.2857338374967986,0.021935362724690287,0.0
ch06,-3.601579574448569,0.025701309848121832,0.0
ch07,-2.8437266064378193,0.020946644403176957,0.0
