,cal0,cal1,cal2
ch01,-3.289817227497859,0.02590273275661868,0.0
ch02,-3.817815926605625,0.02533820709132966,0.0
ch03,-7.101327648891122,0.027261031293398668,0.0
ch04,-4.012129999134317,0.0271040120080443,0.0
ch05,-3.110808891990773,0.02184217330999451,0.0
ch06,-3.7098331767016903,0.025340113636024543,0.0
ch07,-2.7276789034356197,0.01993497229670567,0.0
