,cal0,cal1,cal2
ch01,-3.346965720059291,0.026001623066873522,0.0
ch02,-3.8514341430488366,0.025368418876948143,0.0
ch03,-7.094897262708111,0.027204328152657907,0.0
ch04,-4.00119750555135,0.027076417326672812,0.0
ch05,-3.1157822840898595,0.02188269931646587,0.0
ch06,-3.6654199413038526,0.025324559241699747,0.0
ch07,-2.7938559136564574,0.01995382449613012,0.0
