,cal0,cal1,cal2
ch01,-3.345948996693959,0.025975569167530962,0.0
ch02,-3.844306375620759,0.025352622685813873,0.0
ch03,-7.0989465778729075,0.027217124187966873,0.0
ch04,-4.003269048552031,0.02709376241553438,0.0
ch05,-3.1156345073402445,0.02186288889200706,0.0
ch06,-3.6793785029949584,0.025323410553927894,0.0
ch07,-2.7615574026514893,0.01990453389897022,0.0
