,cal0,cal1,cal2
ch01,-3.318480953680167,0.025894656577642602,0.0
ch02,-3.8234506695096164,0.025314670331699266,0.0
ch03,-7.103751024223604,0.027255884897567723,0.0
ch04,-4.010002543021549,0.02713321477482601,0.0
ch05,-3.1129736846763683,0.021795358140832888,0.0
ch06,-3.7234246038645247,0.02530058032512264,0.0
ch07,-2.692817914444202,0.019482583368597588,0.0
