,cal0,cal1,cal2
ch01,-3.3260916943590892,0.025891423645234515,0.0
ch02,-3.8256975860710654,0.025307483369107604,0.0
ch03,-7.103965878449481,0.02725730772969785,0.0
ch04,-4.055753808747994,0.027141026672047156,0.0
ch05,-3.11355947533296,0.021775843063840394,0.0
ch06,-3.7392197552472113,0.025285045407684885,0.0
ch07,-2.685059714942451,0.019299993004831806,0.0
