,cal0,cal1,cal2
ch01,-3.1983934883135174,0.025880731922246616,0.0
ch02,-3.797818447995057,0.025364985269072753,0.0
ch03,-6.992480873696899,0.027502067219861287,0.0
ch04,-4.2816504753626,0.027215676150445137,0.0
ch05,-3.31599988504341,0.02172634428527077,0.0
ch06,-3.74735111207731,0.02487348477532528,0.0
ch07,-2.767845943926047,0.019279449779726524,0.0
