,cal0,cal1,cal2
ch01,-3.245990825909593,0.02589806434000682,0.0
ch02,-3.8104949213493566,0.025355625287011938,0.0
ch03,-7.094083813065045,0.02727213281920846,0.0
ch04,-4.014947865675564,0.027127101527496377,0.0
ch05,-3.1069956729753305,0.021832870704551133,0.0
ch06,-3.70849523468482,0.025311843369030557,0.0
ch07,-2.755627011636626,0.019950827210506228,0.0
