,cal0,cal1,cal2
ch01,-3.347103379627849,0.02606037489132855,0.0
ch02,-3.8662147869747603,0.02539426007663979,0.0
ch03,-7.07986781816597,0.027171914730691978,0.0
ch04,-3.9956077476299834,0.02706365517888085,0.0
ch05,-3.115010099730298,0.021902779323547984,0.0
ch06,-3.6377686644119476,0.025317606017665393,0.0
ch07,-2.8501467239174056,0.01995228165129876,0.0
