,cal0,cal1,cal2
ch01,-3.332375466443583,0.025894450898583256,0.0
ch02,-3.82820344708696,0.025305333276131572,0.0
ch03,-7.034218134518782,0.027400855411907638,0.0
ch04,-4.272282997270806,0.0271444918930788,0.0
ch05,-3.2652102196306396,0.021766933464815508,0.0
ch06,-4.185949112602881,0.025277724464952495,0.0
ch07,-2.684156672391625,0.0192237125283655,0.0
