,cal0,cal1,cal2
ch01,-3.268137300336637,0.025900756394896786,0.0
ch02,-3.814337641764417,0.025348560428039162,0.0
ch03,-7.098263343240303,0.02726622832234403,0.0
ch04,-4.013591947117813,0.027102990671415472,0.0
ch05,-3.1090319482440187,0.021847208573086484,0.0
ch06,-3.7080873952529787,0.025344470757644053,0.0
ch07,-2.745268508702625,0.01999199182431068,0.0
