,cal0,cal1,cal2
ch01,-3.34641521582484,0.02608055525233719,0.0
ch02,-3.8701704375346884,0.02540132225888414,0.0
ch03,-7.072033264227694,0.027158416022186164,0.0
ch04,-3.993214242251007,0.027062941572351604,0.0
ch05,-3.1142675069168906,0.02190627018349628,0.0
ch06,-3.628068449655635,0.025314869882517674,0.0
ch07,-2.865479056961654,0.01995104823546691,0.0
