,cal0,cal1,cal2
ch01,-2.6743623535320333,0.026296183888904402,0.0
ch02,-2.870871002068437,0.02514892572337442,0.0
ch03,-6.118994634163891,0.02654370262270405,0.0
ch04,-3.4675631028545784,0.027062030533831567,0.0
ch05,-2.6718178739382017,0.021914882835179027,0.0
ch06,-3.602446119435169,0.02603372331480642,0.0
ch07,-2.9230531299065245,0.021009967318319056,0.0
