,cal0,cal1,cal2
ch01,-2.447993671417219,0.02636704394528998,0.0
ch02,-2.6849163287196527,0.025014926271315123,0.0
ch03,-5.9502164683857535,0.02636271717195507,0.0
ch04,-3.4711571681354174,0.026969029655034237,0.0
ch05,-2.576444635452699,0.021914426221495163,0.0
ch06,-3.6119179323108996,0.025995183715875336,0.0
ch07,-2.763436510452431,0.020965057546933535,0.0
