,cal0,cal1,cal2
ch01,-2.3957443879432248,0.02636780556968009,0.0
ch02,-2.6613111867336476,0.02503962366502161,0.0
ch03,-5.968338086831048,0.026376940718489443,0.0
ch04,-3.4698681964863076,0.02668892982316707,0.0
ch05,-2.5846283707597153,0.02191415514524101,0.0
ch06,-3.6113862933336462,0.025968943591140332,0.0
ch07,-2.7295721444151226,0.020818966898173828,0.0
