,cal0,cal1,cal2
ch01,-2.686426472117737,0.026294865851178635,0.0
ch02,-2.87931495186317,0.025158775302298052,0.0
ch03,-6.127972928494778,0.026551277456150907,0.0
ch04,-3.467618277687827,0.027062146157981318,0.0
ch05,-2.677480096673403,0.021914879342808585,0.0
ch06,-3.602367487544288,0.02603468596772,0.0
ch07,-2.9312407876158053,0.021011597995710146,0.0
