,cal0,cal1,cal2
ch01,-2.538508553035791,0.026318321550184254,0.0
ch02,-2.7679448709527756,0.025073091046265567,0.0
ch03,-6.044272402964562,0.026471558045187794,0.0
ch04,-3.467694857816369,0.027026013764341758,0.0
ch05,-2.6262753517820796,0.02191498189252912,0.0
ch06,-3.6050611513746884,0.026023009668900345,0.0
ch07,-2.835033506092664,0.020994501584171512,0.0
