,cal0,cal1,cal2
ch01,-2.5569193158172547,0.026314717597802833,0.0
ch02,-2.7824113375861677,0.025079421911252633,0.0
ch03,-6.0519323580638265,0.02647993513367897,0.0
ch04,-3.4676210533952587,0.027040570192979403,0.0
ch05,-2.63079805637991,0.0219149832898389,0.0
ch06,-3.6046068739869073,0.026024396963117872,0.0
ch07,-2.846620762921821,0.020996343647961744,0.0
