,cal0,cal1,cal2
ch01,-2.387082071095119,0.026371074474193103,0.0
ch02,-2.6591276252052722,0.02504896656051749,0.0
ch03,-5.973449207274438,0.026377982785842562,0.0
ch04,-3.4694197659185955,0.026609768567566913,0.0
ch05,-2.5871404608567263,0.021913969528449,0.0
ch06,-3.6114968805368144,0.025948575458494286,0.0
ch07,-2.7213819843345615,0.02071920848896915,0.0
