,cal0,cal1,cal2
ch01,-2.6981199621030716,0.026293687848530888,0.0
ch02,-2.8875216835662076,0.02516869871510777,0.0
ch03,-6.1370525776204,0.026558756928717106,0.0
ch04,-3.4676863664622357,0.02706221369696968,0.0
ch05,-2.683244686400437,0.021914879635998478,0.0
ch06,-3.6023314127948716,0.026035602851355432,0.0
ch07,-2.9392056787225345,0.021013207655507495,0.0
