,cal0,cal1,cal2
ch01,-2.621272548887764,0.026303350314843967,0.0
ch02,-2.832556059684882,0.025111214691874453,0.0
ch03,-6.084286224090732,0.0265125036602879,0.0
ch04,-3.4674773567452353,0.027059826527262888,0.0
ch05,-2.6502932449511225,0.021914929916974267,0.0
ch06,-3.6031907163383408,0.02602941885727698,0.0
ch07,-2.887709134418051,0.021003265486883065,0.0
