,cal0,cal1,cal2
ch01,-2.434359585918628,0.02636596133384147,0.0
ch02,-2.6776632646864753,0.025019068633193538,0.0
ch03,-5.954397670668209,0.02636691309760769,0.0
ch04,-3.4708072432022337,0.02691977813200906,0.0
ch05,-2.578207835622344,0.021914418077014917,0.0
ch06,-3.6117284847728692,0.02599543430978969,0.0
ch07,-2.756019653838505,0.020959103621409826,0.0
