,cal0,cal1,cal2
ch01,-2.4779606523743616,0.026330879726283975,0.0
ch02,-2.7229957610591713,0.025060132056137583,0.0
ch03,-6.0224318228531075,0.026445544540353607,0.0
ch04,-3.4680112590011185,0.026919260189595128,0.0
ch05,-2.613616131829324,0.02191486897547234,0.0
ch06,-3.606669483547968,0.0260162899659985,0.0
ch07,-2.795729760057489,0.020978979555865876,0.0
