,cal0,cal1,cal2
ch01,-2.7094861679537052,0.026292628478692116,0.0
ch02,-2.8955783680977056,0.02517865915393327,0.0
ch03,-6.1462236641178345,0.026566138370413744,0.0
ch04,-3.467767073667164,0.027062253695515327,0.0
ch05,-2.689106490159827,0.021914883616964836,0.0
ch06,-3.6023372190525356,0.026036473830595718,0.0
ch07,-2.9469596613498648,0.021014794900320828,0.0
