,cal0,cal1,cal2
ch01,-2.4175818990300253,0.026350004808833597,0.0
ch02,-2.6838782432156134,0.025059694399145727,0.0
ch03,-6.00242039297983,0.026416289787742585,0.0
ch04,-3.4684750882488973,0.026688791697516416,0.0
ch05,-2.60239842209784,0.02191440161119077,0.0
ch06,-3.6087906663552918,0.0259793474479432,0.0
ch07,-2.749521115584138,0.020828759423302253,0.0
