,cal0,cal1,cal2
ch01,-2.3729881934791703,0.025598937206993216,0.0
ch02,-3.572619637861657,0.025253245813731732,0.0
ch03,-6.467471678196261,0.026617745278145748,0.0
ch04,-3.890836177633466,0.026775307900233636,0.0
ch05,-2.9020782962579625,0.021688853768462787,0.0
ch06,-3.3548913748258995,0.02510137716947902,0.0
ch07,-3.0040511558677254,0.021690642120679407,0.0
