,cal0,cal1,cal2
ch01,-2.9297438464125767,0.025613373150083385,0.0
ch02,-3.278047339669203,0.02522628309091215,0.0
ch03,-6.482670785758062,0.026676379900253813,0.0
ch04,-3.895062464947279,0.026825378417774128,0.0
ch05,-2.910301520593286,0.02178249738051849,0.0
ch06,-3.343624828876763,0.025571246515178444,0.0
ch07,-2.9209112110335,0.020891490160635195,0.0
