,cal0,cal1,cal2
ch01,-2.9013085173972466,0.025610415217501983,0.0
ch02,-3.2016703350964226,0.025184438699047667,0.0
ch03,-6.48511499503443,0.02666709491875179,0.0
ch04,-3.8959702745926372,0.026948203228127035,0.0
ch05,-2.912377466353488,0.021827450276095464,0.0
ch06,-3.344240924313973,0.02538436713740768,0.0
ch07,-2.9198687094832003,0.02092137544697334,0.0
