,cal0,cal1,cal2
ch01,-2.7348179976059646,0.02561731105320409,0.0
ch02,-3.508410037624712,0.02529995875977731,0.0
ch03,-6.473997743023576,0.026684903252333927,0.0
ch04,-3.892434916528737,0.026634155536683544,0.0
ch05,-2.9048657374818583,0.02167606508338092,0.0
ch06,-3.346465475400731,0.02608433429445781,0.0
ch07,-2.9512215023542963,0.020829371189979563,0.0
