,cal0,cal1,cal2
ch01,-2.211273446790198,0.025601351829876124,0.0
ch02,-3.508694636030331,0.025206709504990803,0.0
ch03,-6.460763869004123,0.026603932196570982,0.0
ch04,-3.8892129114879412,0.026872945919367935,0.0
ch05,-2.900111957448223,0.02172239033503677,0.0
ch06,-3.358740282128069,0.02507416037220669,0.0
ch07,-3.0260090023577875,0.021698926930901,0.0
