,cal0,cal1,cal2
ch01,-2.9079490322494475,0.025624479714248444,0.0
ch02,-3.4009576020607764,0.025305985199542653,0.0
ch03,-6.478554274030188,0.026723690841018655,0.0
ch04,-3.8955259330102234,0.02662522531945945,0.0
ch05,-2.9074182342875563,0.02166543338339975,0.0
ch06,-3.344068234420194,0.026361532014117665,0.0
ch07,-2.925724710986744,0.020744022129084414,0.0
