,cal0,cal1,cal2
ch01,-2.8216597527082086,0.025607864108789586,0.0
ch02,-3.064570424984727,0.025122617629734514,0.0
ch03,-6.48999783891444,0.02665953258584659,0.0
ch04,-3.898301914544556,0.027053311607106362,0.0
ch05,-2.9179738335844623,0.021870618079585104,0.0
ch06,-3.348613927439841,0.02535748126628968,0.0
ch07,-2.9146791994381496,0.02090845041183536,0.0
