,cal0,cal1,cal2
ch01,-2.2637820375666835,0.025614468608593052,0.0
ch02,-3.396573087046886,0.025154415759633984,0.0
ch03,-6.455844785621866,0.026622770077114083,0.0
ch04,-3.887939750214758,0.026981646161015584,0.0
ch05,-2.899243306241489,0.02181478617375187,0.0
ch06,-3.3571662469344474,0.025325210442171585,0.0
ch07,-3.019289455962312,0.02103945883725087,0.0
