,cal0,cal1,cal2
ch01,-2.868660376825769,0.025625528343628707,0.0
ch02,-3.4401003835422483,0.02531939960424286,0.0
ch03,-6.8331829819817695,0.027490923885782538,0.0
ch04,-3.903831927305816,0.02659455847785159,0.0
ch05,-3.3514809844130204,0.02164154068671048,0.0
ch06,-3.3444316409792747,0.026470039531548934,0.0
ch07,-2.9312371036769695,0.02072582913033062,0.0
