,cal0,cal1,cal2
ch01,-2.934951318819759,0.025616499917781956,0.0
ch02,-3.3188211696728205,0.025252401514865866,0.0
ch03,-6.481354866892727,0.026684429512844384,0.0
ch04,-3.8946139562920745,0.02675045450564579,0.0
ch05,-2.9093074060816195,0.021747983237595747,0.0
ch06,-3.3435830997783813,0.02579764553353343,0.0
ch07,-2.9215375329146607,0.020850066103810384,0.0
