,cal0,cal1,cal2
ch01,-2.45846914119701,0.02560244172475436,0.0
ch02,-3.5680092523427396,0.025258676054610546,0.0
ch03,-6.46913496200381,0.026634291895078724,0.0
ch04,-3.891157285500243,0.02675226994420201,0.0
ch05,-2.9027029421009694,0.02170554490363876,0.0
ch06,-3.351770295682488,0.02527279987767928,0.0
ch07,-2.9914194779271157,0.021376921449671165,0.0
