,cal0,cal1,cal2
ch01,-2.3022381538908436,0.025596362061869448,0.0
ch02,-3.568756552069426,0.02524898070189671,0.0
ch03,-6.4657969210251185,0.026593379740161096,0.0
ch04,-3.9089414444473607,0.02679316969061176,0.0
ch05,-2.9015050595976137,0.02166965144993304,0.0
ch06,-3.3601048227418633,0.024978975278404647,0.0
ch07,-3.0146472328787555,0.021967690053000283,0.0
