,cal0,cal1,cal2
ch01,-2.552135650895649,0.02560649026511612,0.0
ch02,-3.5552748241672343,0.02526816266190605,0.0
ch03,-6.470780885301875,0.026649140932354893,0.0
ch04,-3.891576451049635,0.02671914429982882,0.0
ch05,-2.903377069713789,0.021709878012733337,0.0
ch06,-3.349528894587368,0.025489350651548833,0.0
ch07,-2.9778597972439798,0.021121903347186572,0.0
