,cal0,cal1,cal2
ch01,-2.9290389848145684,0.025620712602278425,0.0
ch02,-3.360143300056494,0.02528062783331869,0.0
ch03,-6.479981325405675,0.026697475713404573,0.0
ch04,-3.894177976549326,0.026679319484666276,0.0
ch05,-2.9083455571231838,0.02170601067210638,0.0
ch06,-3.3437284103477034,0.02609454513073532,0.0
ch07,-2.9228405723293283,0.020794249985257012,0.0
