,cal0,cal1,cal2
ch01,-2.8099702718233175,0.02560783444603975,0.0
ch02,-3.047474903278051,0.025114520195637206,0.0
ch03,-6.490748253780753,0.02665933254567585,0.0
ch04,-3.898778723328207,0.02705735826162466,0.0
ch05,-2.919145151123826,0.021874468610358116,0.0
ch06,-3.3499334306984223,0.025357605654940267,0.0
ch07,-2.913295482632452,0.02090438787849435,0.0
