,cal0,cal1,cal2
ch01,-3.0726127743087086,0.025901221710645034,0.0
ch02,-3.753076852814811,0.02539455034633911,0.0
ch03,-6.810836327544732,0.02728632785247159,0.0
ch04,-3.8313153127411392,0.027060066487355768,0.0
ch05,-3.071887202559129,0.02190322016209304,0.0
ch06,-3.5778857192498514,0.025334126021154115,0.0
ch07,-2.6729251028380765,0.020546999422745852,0.0
