,cal0,cal1,cal2
ch01,-2.9797391542419107,0.026088291736556853,0.0
ch02,-3.757301815554992,0.025471711784942702,0.0
ch03,-6.770221020376284,0.027293708472763533,0.0
ch04,-3.8308500446214127,0.02706233217044955,0.0
ch05,-3.073613978944179,0.021894312020958602,0.0
ch06,-3.509597242234117,0.025364102397953944,0.0
ch07,-2.6658161014989585,0.02055089103447333,0.0
