,cal0,cal1,cal2
ch01,-3.040757591842585,0.02600379474150383,0.0
ch02,-3.7880572994303625,0.02544853108181215,0.0
ch03,-6.800316122383548,0.027299543276142476,0.0
ch04,-3.830481826058329,0.027062225254170017,0.0
ch05,-3.0742187145394553,0.021897646608315,0.0
ch06,-3.5515543196843398,0.025345712820448583,0.0
ch07,-2.6728771697833116,0.020550279484926215,0.0
