,cal0,cal1,cal2
ch01,-3.017644837416511,0.026048585889790667,0.0
ch02,-3.7825760651518,0.02546510178135777,0.0
ch03,-6.790739200217162,0.02730168441328658,0.0
ch04,-3.8303437663527764,0.027062307547151186,0.0
ch05,-3.074742433086221,0.021895748406493047,0.0
ch06,-3.5352669596760102,0.025352853319689925,0.0
ch07,-2.6698761060762313,0.020551189238032955,0.0
