,cal0,cal1,cal2
ch01,-2.9900462161307964,0.026081404285199436,0.0
ch02,-3.765388154593719,0.02547218808260435,0.0
ch03,-6.776484521899492,0.027297442884247774,0.0
ch04,-3.8306124796648904,0.027062327342160207,0.0
ch05,-3.0742007731330845,0.021894511580710516,0.0
ch06,-3.5164897850635426,0.02536105695296345,0.0
ch07,-2.666530205413368,0.020551176326241576,0.0
