,cal0,cal1,cal2
ch01,-3.105556752472723,0.025606774513423594,0.0
ch02,-3.569689627981942,0.025034915218581855,0.0
ch03,-6.814272262838155,0.027196526471403755,0.0
ch04,-3.86837743113455,0.026909659681814718,0.0
ch05,-3.0613689983238848,0.02198102884607775,0.0
ch06,-3.6735602768540634,0.025629145770569225,0.0
ch07,-2.6234414151502072,0.020848880986399587,0.0
