,cal0,cal1,cal2
ch01,-2.9848333103216453,0.02608525552159784,0.0
ch02,-3.761399218356114,0.02547215895874856,0.0
ch03,-6.7733869782085305,0.02729571636088494,0.0
ch04,-3.8307222649445474,0.027062329800935793,0.0
ch05,-3.073933491705075,0.021894392140200922,0.0
ch06,-3.512993974588186,0.025362596897756908,0.0
ch07,-2.6661156118131872,0.020551050441154066,0.0
