,cal0,cal1,cal2
ch01,-3.0768977426433803,0.025880176705083687,0.0
ch02,-3.739150558096434,0.025380200199923528,0.0
ch03,-6.812082004392014,0.027282847281503247,0.0
ch04,-3.831530162107389,0.02705846898650452,0.0
ch05,-3.0713272291322427,0.021904790808249162,0.0
ch06,-3.5825887455276964,0.02533210358979448,0.0
ch07,-2.671750468476005,0.02054620518867779,0.0
