,cal0,cal1,cal2
ch01,-3.0926573621698368,0.025680047871672208,0.0
ch02,-3.586228455200983,0.025130323282819212,0.0
ch03,-6.816235528596058,0.027235652049175448,0.0
ch04,-3.8340620919579655,0.02695039962511418,0.0
ch05,-3.0652830078184232,0.021951540832637208,0.0
ch06,-3.6342031528024616,0.025460946380601087,0.0
ch07,-2.6367249357462668,0.0206792103415553,0.0
