,cal0,cal1,cal2
ch01,-3.0918091845854696,0.02571569720004639,0.0
ch02,-3.6018718318943974,0.025181445565521474,0.0
ch03,-6.816300789883531,0.027244498322614618,0.0
ch04,-3.8336651963324764,0.02697614625826332,0.0
ch05,-3.0661778430278472,0.021938546987162178,0.0
ch06,-3.624385099196494,0.02539008461552784,0.0
ch07,-2.6438364390780644,0.020608740387395845,0.0
