,cal0,cal1,cal2
ch01,-3.067920594475191,0.02592126346524987,0.0
ch02,-3.764442604655934,0.02540698431241744,0.0
ch03,-6.809438828072609,0.027289422093982326,0.0
ch04,-3.831122497386014,0.02706100724375463,0.0
ch05,-3.072399706896053,0.02190190993709955,0.0
ch06,-3.5732996405528206,0.025336124889077195,0.0
ch07,-2.673652582688843,0.020547721199632416,0.0
