,cal0,cal1,cal2
ch01,-3.0964641484016,0.025603796312137637,0.0
ch02,-3.5676341302320957,0.025029810378257255,0.0
ch03,-6.815593912655517,0.027208091471945313,0.0
ch04,-3.867462211470142,0.026909656685015243,0.0
ch05,-3.0633894763588896,0.021981397531669222,0.0
ch06,-3.6705957681968804,0.025633672630096534,0.0
ch07,-2.624430775074815,0.02085230943274346,0.0
