,cal0,cal1,cal2
ch01,-3.080700992316608,0.02585831143907504,0.0
ch02,-3.722757704312577,0.02536357842806803,0.0
ch03,-6.813172376186183,0.027278960500886722,0.0
ch04,-3.831767229030506,0.027055802220871027,0.0
ch05,-3.0707208550460594,0.021906709396746972,0.0
ch06,-3.5874399996939026,0.025330070285593965,0.0
ch07,-2.670047300952344,0.020545347492496417,0.0
