,cal0,cal1,cal2
ch01,-3.0866059468882514,0.025813230956941203,0.0
ch02,-3.683888107852281,0.025321592576977633,0.0
ch03,-6.8148749031047755,0.0272698536155508,0.0
ch04,-3.8323087012644734,0.02704461109402238,0.0
ch05,-3.0693735785914624,0.021912157533783082,0.0
ch06,-3.5977835750917477,0.02532651226842692,0.0
ch07,-2.664688937608574,0.02054392671570583,0.0
