,cal0,cal1,cal2
ch01,-3.0008051067363883,0.02607110244043538,0.0
ch02,-3.772947430384624,0.025470888698369464,0.0
ch03,-6.782450673899744,0.027300031550023914,0.0
ch04,-3.8304480835299897,0.027062321746090447,0.0
ch05,-3.0745770631787503,0.021894873773432418,0.0
ch06,-3.5237571515892263,0.02535787509211366,0.0
ch07,-2.667659979049909,0.020551314307718845,0.0
