,cal0,cal1,cal2
ch01,-3.0521177085338773,0.025974428361476315,0.0
ch02,-3.7842830288339933,0.025435335155626165,0.0
ch03,-6.804374672733632,0.0272965260694699,0.0
ch04,-3.8306742705642027,0.027062056268429693,0.0
ch05,-3.0736429767671756,0.021899014410744915,0.0
ch06,-3.5600543631223656,0.025341962037602642,0.0
ch07,-2.673842843052793,0.02054945900489743,0.0
