,cal0,cal1,cal2
ch01,-2.5161923108745943,0.027192659201571566,0.0
ch02,-2.7198946369943373,0.0252157118063144,0.0
ch03,-6.2111587238554105,0.026185790613355728,0.0
ch04,-3.5108366544590885,0.026967696086188077,0.0
ch05,-3.0285417516185995,0.021931178597413118,0.0
ch06,-3.7413765270938506,0.025872282039760122,0.0
ch07,-3.5691406212480508,0.021132641915216813,0.0
