,cal0,cal1,cal2
ch01,-2.57819118160978,0.027073834580294914,0.0
ch02,-2.741506891249464,0.025246887275467905,0.0
ch03,-6.200932862359246,0.026179510265900072,0.0
ch04,-3.508212519219475,0.027028661358813707,0.0
ch05,-3.0207589056687447,0.021927174708596543,0.0
ch06,-3.7377834197894066,0.025873872092889567,0.0
ch07,-3.5314132179678444,0.021125964657629927,0.0
