,cal0,cal1,cal2
ch01,-2.6637223828096888,0.02713327779536751,0.0
ch02,-2.7473291352094056,0.02531076508035604,0.0
ch03,-6.278301047684948,0.026309546562438786,0.0
ch04,-3.5320213460001195,0.027004672717942158,0.0
ch05,-3.0911795293450615,0.02192684082936413,0.0
ch06,-3.741955238743089,0.02586396551677628,0.0
ch07,-3.594123564399245,0.021191260676157127,0.0
