,cal0,cal1,cal2
ch01,-2.7048430988877468,0.027074847568811313,0.0
ch02,-2.7599524330380203,0.02533146371429786,0.0
ch03,-6.280764712588968,0.02631962034805812,0.0
ch04,-3.5331769256950962,0.02702823973819841,0.0
ch05,-3.0945192381653404,0.021924945351381446,0.0
ch06,-3.740369751132015,0.025863800105978236,0.0
ch07,-3.5802322532325737,0.021194837983937065,0.0
