,cal0,cal1,cal2
ch01,-2.34571399196089,0.027452766072876125,0.0
ch02,-2.673540270045961,0.025109573210396197,0.0
ch03,-6.230578809165571,0.026193341344578697,0.0
ch04,-3.51602700455246,0.02657581944760964,0.0
ch05,-3.043986136319819,0.02195329601284231,0.0
ch06,-3.7496348430674917,0.025883682659518722,0.0
ch07,-3.6672844594854106,0.021180519318947155,0.0
