,cal0,cal1,cal2
ch01,-2.601936460125228,0.0270169387009903,0.0
ch02,-2.7505589617788937,0.025259216662872556,0.0
ch03,-6.195728719431768,0.02617620653970393,0.0
ch04,-3.506894981906914,0.027042804204280034,0.0
ch05,-3.0168625057544296,0.021925898892429387,0.0
ch06,-3.736005499066836,0.025874771805744587,0.0
ch07,-3.5148032053721434,0.021122779128938986,0.0
