,cal0,cal1,cal2
ch01,-2.2641176772563614,0.027754338156842973,0.0
ch02,-2.655375671579556,0.02500169476205423,0.0
ch03,-6.252134706186997,0.026186839022450076,0.0
ch04,-3.5393026364601137,0.026182462351041363,0.0
ch05,-3.062833270828627,0.021991436936411115,0.0
ch06,-3.7632495326341466,0.025934128769384147,0.0
ch07,-3.747592162121331,0.021329868430154452,0.0
