,cal0,cal1,cal2
ch01,-2.549664079225874,0.02713268567458326,0.0
ch02,-2.7312043752234585,0.025232542960543468,0.0
ch03,-6.2060799342099155,0.026182729679498733,0.0
ch04,-3.5095265797161783,0.02700523401682464,0.0
ch05,-3.024652969674377,0.021928877487816047,0.0
ch06,-3.7395683512172844,0.025873023269404778,0.0
ch07,-3.5494597876448046,0.02112920916964583,0.0
