,cal0,cal1,cal2
ch01,-2.6569227839342617,0.02681820897649341,0.0
ch02,-2.7732630226554926,0.02529466324694994,0.0
ch03,-6.174574004716189,0.026163067405196378,0.0
ch04,-3.501600294926748,0.027060298156244885,0.0
ch05,-3.0013131285323955,0.021923165104991878,0.0
ch06,-3.728799947715778,0.025878752728690817,0.0
ch07,-3.459636883782075,0.021110361019094318,0.0
