,cal0,cal1,cal2
ch01,-2.5664733954705556,0.027253000267707266,0.0
ch02,-2.7196442716708336,0.025259520374509674,0.0
ch03,-6.272821374896034,0.026288192005343183,0.0
ch04,-3.529673337480609,0.026909329890377785,0.0
ch05,-3.084352246365532,0.02193271844096517,0.0
ch06,-3.7451656734249417,0.025864843898904682,0.0
ch07,-3.6263401422643544,0.021185153123634098,0.0
