,cal0,cal1,cal2
ch01,-2.304407799176926,0.02754755108986366,0.0
ch02,-2.664600993585856,0.025070029784820168,0.0
ch03,-6.235160588182509,0.026192130303981053,0.0
ch04,-3.517309620089605,0.02642448371401763,0.0
ch05,-3.047805377365917,0.02196473712481093,0.0
ch06,-3.752484139118968,0.02589829628509905,0.0
ch07,-3.695466124053758,0.021221471858133494,0.0
