,cal0,cal1,cal2
ch01,-2.7994638680434716,0.02691432833813083,0.0
ch02,-2.7899736549991965,0.02537905690599204,0.0
ch03,-6.287044870204284,0.026348108059389055,0.0
ch04,-3.5365651046379893,0.027055841295067322,0.0
ch05,-3.1042214511515427,0.021921495761358,0.0
ch06,-3.735485907375918,0.025863560347433923,0.0
ch07,-3.544922426297561,0.021205703727265428,0.0
