,cal0,cal1,cal2
ch01,-2.617521151573342,0.027192939908131025,0.0
ch02,-2.7337595900563842,0.025286972556396614,0.0
ch03,-6.275652845845484,0.02629909944357604,0.0
ch04,-3.5308533447882056,0.02696699767047131,0.0
ch05,-3.087789906306613,0.021929349255798716,0.0
ch06,-3.743544851934247,0.025864237846058666,0.0
ch07,-3.6094149928968635,0.02118785433763585,0.0
