,cal0,cal1,cal2
ch01,-2.7409742918379933,0.0270184960392809,0.0
ch02,-2.771352503490271,0.02534951719095118,0.0
ch03,-6.283043183724213,0.02632937952934838,0.0
ch04,-3.534319676526106,0.027042506035628553,0.0
ch05,-3.0978072443748954,0.021923494232803965,0.0
ch06,-3.738770358981325,0.025863683733830464,0.0
ch07,-3.5675227274338805,0.0211984523818865,0.0
