,cal0,cal1,cal2
ch01,-2.2515945837253213,0.0277544060725954,0.0
ch02,-2.653987616558551,0.024991893189186803,0.0
ch03,-6.243933686164601,0.026172394069963092,0.0
ch04,-3.5367771146351217,0.026182487839843352,0.0
ch05,-3.0553744015277027,0.02199167436551573,0.0
ch06,-3.7629578842403353,0.025935129011930416,0.0
ch07,-3.74233074441384,0.021322936143484326,0.0
