,cal0,cal1,cal2
ch01,-2.477940426944247,0.02725293243498199,0.0
ch02,-2.707946308603071,0.02519579195631201,0.0
ch03,-6.216158335610865,0.026188588566566348,0.0
ch04,-3.5121422369985735,0.02691013031707846,0.0
ch05,-3.0324223312969307,0.021934329036657613,0.0
ch06,-3.743232922930818,0.025871872958800866,0.0
ch07,-3.5906651391951363,0.021136789763758896,0.0
