,cal0,cal1,cal2
ch01,-2.603887958172348,0.02702892694187191,0.0
ch02,-2.8459434698672994,0.02539349830222413,0.0
ch03,-6.122693774151654,0.02689084582650522,0.0
ch04,-3.6773009686384355,0.027458838565662894,0.0
ch05,-3.291725334224097,0.022038182642746693,0.0
ch06,-3.6698749093342866,0.025872331742904018,0.0
ch07,-3.0607988166287554,0.021455003578743352,0.0
