,cal0,cal1,cal2
ch01,-2.689880039444696,0.026791825832349164,0.0
ch02,-2.8863386606893364,0.02541360666817584,0.0
ch03,-6.1523057205360026,0.026859968926635655,0.0
ch04,-3.674352777652993,0.02706447898152474,0.0
ch05,-3.2798428351346955,0.0219278200720351,0.0
ch06,-3.6201384380784614,0.02584709020317764,0.0
ch07,-3.1262356529439312,0.021403113956744428,0.0
