,cal0,cal1,cal2
ch01,-2.459972684722936,0.02642327458563286,0.0
ch02,-2.7539931708287715,0.025116409236769777,0.0
ch03,-6.00358144621097,0.026650171898744773,0.0
ch04,-3.363663762037622,0.02677116335851703,0.0
ch05,-2.722354976569307,0.02208544451331096,0.0
ch06,-3.8382869995309328,0.0258672827827284,0.0
ch07,-3.3393138083078036,0.021618096043048315,0.0
