,cal0,cal1,cal2
ch01,-2.69598529856236,0.02712165672947174,0.0
ch02,-2.9104913312591627,0.025458482571058483,0.0
ch03,-6.1299699160804195,0.026877492517066143,0.0
ch04,-3.6767476548958697,0.02725589036714964,0.0
ch05,-3.287509666885961,0.02197248562901065,0.0
ch06,-3.640201214216043,0.025855768036054508,0.0
ch07,-3.0211286862812567,0.021428419824281522,0.0
