,cal0,cal1,cal2
ch01,-2.4652027416292928,0.026482622850074765,0.0
ch02,-2.755044565468326,0.025134301381742646,0.0
ch03,-6.1339857216902365,0.02687596231480812,0.0
ch04,-3.618544328882359,0.02679220282422432,0.0
ch05,-3.2910646839964417,0.02207755134194719,0.0
ch06,-3.6962853411350256,0.02586694150185677,0.0
ch07,-3.319995875374853,0.021601805062438906,0.0
