,cal0,cal1,cal2
ch01,-2.4607704363879,0.026390845096041615,0.0
ch02,-2.7570945254435086,0.025122584563242005,0.0
ch03,-6.139396301777506,0.026878594677412937,0.0
ch04,-3.6181037644022327,0.026781768876930057,0.0
ch05,-3.2904705812111117,0.02207291511914594,0.0
ch06,-3.6988071201826296,0.02586820306712528,0.0
ch07,-3.346685777175282,0.021599166638889535,0.0
