,cal0,cal1,cal2
ch01,-2.666066082211809,0.02732309402393186,0.0
ch02,-2.8899027913846127,0.025499183000939195,0.0
ch03,-6.1215137865814935,0.02689192025165392,0.0
ch04,-3.677625105212884,0.02798440801100661,0.0
ch05,-3.291312986162624,0.02213367492966612,0.0
ch06,-3.6637032390048825,0.025921225030662194,0.0
ch07,-2.948938611589756,0.021567985597908835,0.0
