,cal0,cal1,cal2
ch01,-2.580337750369975,0.02695403222477024,0.0
ch02,-2.8288969957504264,0.025359344970103496,0.0
ch03,-6.123570204256559,0.0268906108319401,0.0
ch04,-3.677218096105828,0.027305060644355617,0.0
ch05,-3.2917689768336578,0.02202470499737043,0.0
ch06,-3.672297181642034,0.02586815114113064,0.0
ch07,-3.0998669852753307,0.021445328837783224,0.0
