,cal0,cal1,cal2
ch01,-2.556577461579951,0.02688190531642216,0.0
ch02,-2.8118350279090456,0.025324858384843607,0.0
ch03,-6.124691754488778,0.026890225794812924,0.0
ch04,-3.6771163194468386,0.02717592486701737,0.0
ch05,-3.2917661023267946,0.022018752292776746,0.0
ch06,-3.674887291273786,0.02586700012667342,0.0
ch07,-3.1388304350116876,0.02144488851701371,0.0
