,cal0,cal1,cal2
ch01,-2.7017071304854996,0.027202021258258324,0.0
ch02,-2.9168294604581417,0.02548147100176151,0.0
ch03,-6.126678219155886,0.026881234572047562,0.0
ch04,-3.67704477270108,0.02749141301260656,0.0
ch05,-3.2886893823572025,0.022009538170514684,0.0
ch06,-3.6453068008994816,0.025864193171251305,0.0
ch07,-2.9823735847770556,0.021446505059947725,0.0
