,cal0,cal1,cal2
ch01,-2.4761749742642807,0.026562213178229828,0.0
ch02,-2.760157228488457,0.025169474880322455,0.0
ch03,-6.131638372265245,0.02688324792506396,0.0
ch04,-3.676159205632273,0.02683488537284209,0.0
ch05,-3.2912953938862715,0.02205956430233627,0.0
ch06,-3.689045001000968,0.02586702286590602,0.0
ch07,-3.290551733971953,0.021559654874740035,0.0
