,cal0,cal1,cal2
ch01,-2.698852935078566,0.02716065633744309,0.0
ch02,-2.9139864404300897,0.025468903071139398,0.0
ch03,-6.128233161266731,0.026879342427846932,0.0
ch04,-3.6769067334103656,0.02735715546957814,0.0
ch05,-3.288123449724795,0.021988134179062733,0.0
ch06,-3.6427150607638854,0.025858440349909622,0.0
ch07,-3.002649135335742,0.02143416289210907,0.0
