,cal0,cal1,cal2
ch01,-2.6889565872278043,0.02682201157596552,0.0
ch02,-2.8872371752436865,0.025416324252657885,0.0
ch03,-6.149340447744837,0.026862097078725267,0.0
ch04,-3.674705375872053,0.02706573059533134,0.0
ch05,-3.280883849615722,0.021929385744411296,0.0
ch06,-3.6221526058686524,0.025847983432012753,0.0
ch07,-3.1181989980808615,0.021406337097024046,0.0
