,cal0,cal1,cal2
ch01,-2.704265308276517,0.027392868880886555,0.0
ch02,-2.9177719787789336,0.025532033529441906,0.0
ch03,-6.123183679026862,0.02688792982041208,0.0
ch04,-3.677524062857838,0.02799069784213883,0.0
ch05,-3.290100103024471,0.022123336602612474,0.0
ch06,-3.6539225566644418,0.02591795457755056,0.0
ch07,-2.9194875487046072,0.0215646963772303,0.0
