,cal0,cal1,cal2
ch01,-2.6881213723971635,0.026924947817685695,0.0
ch02,-2.892879617260692,0.02542670676017457,0.0
ch03,-6.141074560376414,0.026868148121454553,0.0
ch04,-3.6756328380385215,0.027078155746241023,0.0
ch05,-3.2837245669457795,0.021936830121896417,0.0
ch06,-3.628520812170851,0.025850661963211608,0.0
ch07,-3.089882809045544,0.02141518319207874,0.0
