,cal0,cal1,cal2
ch01,-2.62653400979194,0.02711310838148998,0.0
ch02,-2.8622033851655084,0.025428205273721406,0.0
ch03,-6.122060685058778,0.026891036725389613,0.0
ch04,-3.6773647138953405,0.027634373963579876,0.0
ch05,-3.2916349288776034,0.022060612231700503,0.0
ch06,-3.6676081999209544,0.02588214600935588,0.0
ch07,-3.0217600285324813,0.02147793677538783,0.0
