,cal0,cal1,cal2
ch01,-2.693413511145972,0.027082265779610697,0.0
ch02,-2.9066727058031243,0.02544981829308393,0.0
ch03,-6.131880001302715,0.02687565665188694,0.0
ch04,-3.6765674175497796,0.02718477222251513,0.0
ch05,-3.286848060007177,0.021960939909258247,0.0
ch06,-3.637753148092117,0.025854358951200362,0.0
ch07,-3.037807606060772,0.02142524860057262,0.0
