,cal0,cal1,cal2
ch01,-2.70405265319405,0.027252095792082733,0.0
ch02,-2.9186570797096634,0.02549651024570391,0.0
ch03,-6.125313229112837,0.02688321611938633,0.0
ch04,-3.677161901828328,0.027654052203002488,0.0
ch05,-3.289207457515272,0.02203872800025449,0.0
ch06,-3.647998691354812,0.025875607427967177,0.0
ch07,-2.960693440746426,0.02147129056543928,0.0
