,cal0,cal1,cal2
ch01,-3.022326040250062,0.025929720464382196,0.0
ch02,-3.6400803168652027,0.025292558445500633,0.0
ch03,-6.919262842747794,0.02725401125091285,0.0
ch04,-4.025612630590066,0.0270628258227372,0.0
ch05,-3.0565569539935007,0.021903271086585574,0.0
ch06,-3.7617375437263205,0.025433455796434114,0.0
ch07,-2.8936773998473657,0.020204380117454807,0.0
