,cal0,cal1,cal2
ch01,-2.983514950117675,0.025875057413344886,0.0
ch02,-3.6164626671397286,0.025275061869566597,0.0
ch03,-6.896050692217132,0.027248341945926742,0.0
ch04,-4.026607506509776,0.02706374725526395,0.0
ch05,-3.0395193057661545,0.02189698546436041,0.0
ch06,-3.77569751792212,0.02544406632627468,0.0
ch07,-2.8835018818033755,0.02023134821757202,0.0
