,cal0,cal1,cal2
ch01,-2.971699411428649,0.025858372042426553,0.0
ch02,-3.6104060316997146,0.025270344211066057,0.0
ch03,-6.888737252824636,0.027245866574804493,0.0
ch04,-4.026667168409168,0.027065546224506413,0.0
ch05,-3.0344661050995123,0.021893083670609628,0.0
ch06,-3.778386716366854,0.025446933874553577,0.0
ch07,-2.874093205229466,0.020238861184193182,0.0
