,cal0,cal1,cal2
ch01,-3.0006637498561015,0.025899454272096712,0.0
ch02,-3.626364444108711,0.025282498747572806,0.0
ch03,-6.906504027548545,0.02725140840140507,0.0
ch04,-4.026332406618184,0.0270630011209572,0.0
ch05,-3.0469675316863976,0.021900591303475072,0.0
ch06,-3.7705081096210895,0.025439619093963185,0.0
ch07,-2.8912017416067335,0.020219866029003563,0.0
