,cal0,cal1,cal2
ch01,-2.9073570970044473,0.025771623600873553,0.0
ch02,-3.580033132794674,0.025254309659691943,0.0
ch03,-6.845239829246278,0.027238148074036128,0.0
ch04,-4.070439614604107,0.027241573111268177,0.0
ch05,-3.006322615210504,0.021740395291633095,0.0
ch06,-3.7841270675931367,0.02504878003317367,0.0
ch07,-2.721174929496142,0.0209285306058447,0.0
