,cal0,cal1,cal2
ch01,-3.027510221644267,0.025936797281759672,0.0
ch02,-3.6434672470335214,0.02529503893697016,0.0
ch03,-6.922206401051237,0.027254361073621964,0.0
ch04,-4.025368794841471,0.0270628130472626,0.0
ch05,-3.058878610609151,0.0219037285249868,0.0
ch06,-3.759262920889676,0.025431879578636702,0.0
ch07,-2.8933928639264037,0.02020051502903876,0.0
