,cal0,cal1,cal2
ch01,-2.622781322307631,0.025414666192830195,0.0
ch02,-3.3712549355485257,0.025133486518771116,0.0
ch03,-6.6844799869281974,0.027117280890691597,0.0
ch04,-4.002743686128189,0.02726749292856768,0.0
ch05,-2.935235626312524,0.021722086997884943,0.0
ch06,-3.7001422192537876,0.02573314272361117,0.0
ch07,-2.802191404200416,0.019833029116800037,0.0
