,cal0,cal1,cal2
ch01,-2.7962865330889026,0.02569242706315894,0.0
ch02,-3.3705998129999797,0.025133819972783196,0.0
ch03,-6.733225427190635,0.027132022080103003,0.0
ch04,-4.009213219238466,0.027063507152349224,0.0
ch05,-2.9689392598637965,0.021888958937281655,0.0
ch06,-3.714230088850339,0.02548404677012312,0.0
ch07,-2.8445807843616016,0.02027710834476805,0.0
