,cal0,cal1,cal2
ch01,-2.539035153238793,0.025504208380272817,0.0
ch02,-3.2551706546355743,0.025285485148721705,0.0
ch03,-6.641853290949739,0.027089264978173995,0.0
ch04,-3.99613880449678,0.027420145136323952,0.0
ch05,-2.916663042329043,0.021748215403538253,0.0
ch06,-3.6070472040842114,0.02560080232985644,0.0
ch07,-2.7151786686456925,0.02029071212179881,0.0
