,cal0,cal1,cal2
ch01,-2.7817281876746227,0.02565321875390302,0.0
ch02,-3.3712439174503235,0.025124035427014912,0.0
ch03,-6.727227702373223,0.027128883389088358,0.0
ch04,-4.008473250398464,0.02706459997073767,0.0
ch05,-2.963779955331876,0.021882276707068406,0.0
ch06,-3.712314093759265,0.02548521702142489,0.0
ch07,-2.8424625134786363,0.02027630474849537,0.0
