,cal0,cal1,cal2
ch01,-2.5282108287433136,0.025484206771160714,0.0
ch02,-3.2683986660290327,0.025328652032472358,0.0
ch03,-6.646287620894084,0.027099989007446573,0.0
ch04,-3.9968379197254222,0.02752684119203565,0.0
ch05,-2.918238602610867,0.02169912509628076,0.0
ch06,-3.605491521075571,0.025712326559254754,0.0
ch07,-2.70836209296104,0.020310088656482057,0.0
