,cal0,cal1,cal2
ch01,-2.765426886390476,0.025611581297734557,0.0
ch02,-3.3744746653007236,0.025112743113168846,0.0
ch03,-6.720896939141245,0.027125828925850266,0.0
ch04,-4.007660680351379,0.027067528142569863,0.0
ch05,-2.9587034481843526,0.021871863639545068,0.0
ch06,-3.7108606002606037,0.025486853779535527,0.0
ch07,-2.8410315358044684,0.020274400296808878,0.0
