,cal0,cal1,cal2
ch01,-2.7738275921383844,0.025632633751234236,0.0
ch02,-3.372585182295429,0.02511863340199735,0.0
ch03,-6.724103831053949,0.02712733830084991,0.0
ch04,-4.008075880784192,0.027065723648089502,0.0
ch05,-2.9612301540332355,0.021877684364178442,0.0
ch06,-3.7114970700933227,0.02548584646996138,0.0
ch07,-2.8416431811443603,0.02027572522784248,0.0
