,cal0,cal1,cal2
ch01,-2.540702221061028,0.025426617920780676,0.0
ch02,-3.3335900979658817,0.02535188625028093,0.0
ch03,-6.667981216697384,0.027128858614595384,0.0
ch04,-4.000183650675011,0.027632644432198754,0.0
ch05,-2.9270952432635116,0.021620305573568296,0.0
ch06,-3.627780102962994,0.02586516918344046,0.0
ch07,-2.7272630468845285,0.02031723811258988,0.0
