,cal0,cal1,cal2
ch01,-2.5192912135901566,0.025428734460076065,0.0
ch02,-3.308532110851705,0.02542314522340243,0.0
ch03,-6.895116377585369,0.027652837253977856,0.0
ch04,-4.015798664253257,0.027729562842416053,0.0
ch05,-3.3634062627171777,0.021555223438799537,0.0
ch06,-3.1418062085535943,0.026033478429710277,0.0
ch07,-2.7031615833415836,0.02036574147365765,0.0
