,cal0,cal1,cal2
ch01,-2.681433347830277,0.025429973100881235,0.0
ch02,-3.3836438098599233,0.02505621617226034,0.0
ch03,-6.696192073646614,0.02711951297912042,0.0
ch04,-4.027152622308312,0.027138257709832463,0.0
ch05,-2.941865477061967,0.02174557137283356,0.0
ch06,-3.741395821626773,0.025795695258003928,0.0
ch07,-2.83635341946305,0.01967701178826889,0.0
