,cal0,cal1,cal2
ch01,-2.7604366636544495,0.026025774635188802,0.0
ch02,-3.1774441466796923,0.02494735216818263,0.0
ch03,-6.526702214507946,0.027023259439627294,0.0
ch04,-3.8085221110806677,0.027062986448146246,0.0
ch05,-3.1012864695344167,0.021926573561967973,0.0
ch06,-3.561970545424933,0.02565917498044819,0.0
ch07,-2.908438658123371,0.02061797909131096,0.0
