,cal0,cal1,cal2
ch01,-2.6291082933140766,0.02594617512658933,0.0
ch02,-3.160474677132993,0.02492126917645524,0.0
ch03,-6.466383608411431,0.02697839487355517,0.0
ch04,-3.7976820531332827,0.02706574962114532,0.0
ch05,-3.0894501218545,0.02192113054109693,0.0
ch06,-3.52906627837525,0.025648931813813027,0.0
ch07,-2.896519992677976,0.020612630848780195,0.0
