,cal0,cal1,cal2
ch01,-2.4142077895144407,0.02584901470413525,0.0
ch02,-3.1858067362881197,0.02505524907667808,0.0
ch03,-6.4319377477264545,0.026973982496891726,0.0
ch04,-3.799888252461635,0.02718007758329003,0.0
ch05,-3.0895666381100804,0.021793965791228,0.0
ch06,-3.4820200727496995,0.025810826772593574,0.0
ch07,-2.883795709922433,0.020125240801399175,0.0
