,cal0,cal1,cal2
ch01,-2.691185124806843,0.025973768523808366,0.0
ch02,-3.1578086941541565,0.024907092420636868,0.0
ch03,-6.484753237804902,0.02699147236869131,0.0
ch04,-3.8009588630085354,0.027063179815875502,0.0
ch05,-3.0913447204550937,0.02192791843553352,0.0
ch06,-3.540084881312281,0.025652278641638247,0.0
ch07,-2.896659656299845,0.020610930616228346,0.0
