,cal0,cal1,cal2
ch01,-2.7276127332328732,0.02599599286378773,0.0
ch02,-3.164788122788121,0.024915006327504072,0.0
ch03,-6.502945110954898,0.02700517486220108,0.0
ch04,-3.804180633625001,0.02706301036397765,0.0
ch05,-3.0945992858267792,0.021928764972219086,0.0
ch06,-3.5495822487556494,0.02565538103433753,0.0
ch07,-2.899475297944965,0.020612013722789965,0.0
