,cal0,cal1,cal2
ch01,-2.471130281945825,0.025893747871830887,0.0
ch02,-3.1819929140539855,0.024998727379193918,0.0
ch03,-6.44173715943991,0.026965811340901202,0.0
ch04,-3.7930734293462156,0.027128215941551515,0.0
ch05,-3.0890256448354356,0.021866370217856788,0.0
ch06,-3.506279885794508,0.025680723343113877,0.0
ch07,-2.8900477005380325,0.020513467499987125,0.0
