,cal0,cal1,cal2
ch01,-2.7331862876395165,0.02600016933803521,0.0
ch02,-3.1666020535871366,0.024918451466768278,0.0
ch03,-6.506496006813154,0.027007877663438856,0.0
ch04,-3.8048148957102415,0.027063003545498985,0.0
ch05,-3.0954086096129383,0.021928588173676367,0.0
ch06,-3.5513889575205693,0.025655965577704987,0.0
ch07,-2.9004311113346213,0.020612556608181423,0.0
