,cal0,cal1,cal2
ch01,-2.611800943216312,0.025939761980930696,0.0
ch02,-3.1627399237384646,0.024927585740055273,0.0
ch03,-6.462753407629491,0.026975999264616364,0.0
ch04,-3.797023453947213,0.027067694356480213,0.0
ch05,-3.089234247105256,0.021918314747785606,0.0
ch06,-3.5265440776865504,0.025648246106836057,0.0
ch07,-2.8964907115670453,0.020613291416045273,0.0
