,cal0,cal1,cal2
ch01,-2.411945338693109,0.025847989580697263,0.0
ch02,-3.1826785898600183,0.025067240510284514,0.0
ch03,-6.425744130588365,0.026966496284485397,0.0
ch04,-3.798578105433384,0.027180071688002433,0.0
ch05,-3.0901375383808785,0.02179267132107687,0.0
ch06,-3.4786876294935842,0.02580936304710771,0.0
ch07,-2.887876738673124,0.020128893407067795,0.0
