,cal0,cal1,cal2
ch01,-2.4473604906273723,0.025880149942143733,0.0
ch02,-3.184226486722657,0.025017395061268623,0.0
ch03,-6.438407890232782,0.026965885517702348,0.0
ch04,-3.792417912847926,0.027148205420330213,0.0
ch05,-3.089161556604103,0.021844656440209796,0.0
ch06,-3.5009153729855496,0.025718121754716057,0.0
ch07,-2.887513218538854,0.020402554048896113,0.0
