,cal0,cal1,cal2
ch01,-2.658284766593866,0.025958093150836765,0.0
ch02,-3.1577269164511543,0.024912350729611888,0.0
ch03,-6.473705042810426,0.026983453393614815,0.0
ch04,-3.7989969092453517,0.027063921208671342,0.0
ch05,-3.09004396723639,0.02192497720596601,0.0
ch06,-3.5337428741647323,0.025650294603453742,0.0
ch07,-2.8964264735796617,0.02061161487629663,0.0
