,cal0,cal1,cal2
ch01,-2.5227619825553784,0.025911953913251358,0.0
ch02,-3.175735205841893,0.024967645970020595,0.0
ch03,-6.448563085530295,0.02696795632320132,0.0
ch04,-3.794387958052436,0.02709489609664381,0.0
ch05,-3.088894962270677,0.021894649925051243,0.0
ch06,-3.5145030717301955,0.02565023978491016,0.0
ch07,-2.893948591794423,0.02060357042933172,0.0
