,cal0,cal1,cal2
ch01,-2.69994882448952,0.02597850908766059,0.0
ch02,-3.1587196475503507,0.024907204083049424,0.0
ch03,-6.488429878355002,0.02699420800269364,0.0
ch04,-3.8016088713381495,0.027063105606818978,0.0
ch05,-3.0918878377492334,0.02192839910586908,0.0
ch06,-3.5420682800059438,0.02565292114664963,0.0
ch07,-2.896955740135885,0.020610926497402243,0.0
