,cal0,cal1,cal2
ch01,-2.72158936016836,0.025991772125527755,0.0
ch02,-3.1630408432774786,0.024912093642855557,0.0
ch03,-6.499357075082504,0.027002448335740118,0.0
ch04,-3.803542574907283,0.027063020514799762,0.0
ch05,-3.093841746528589,0.021928855612932025,0.0
ch06,-3.5477526472664835,0.025654783749335906,0.0
ch07,-2.89864543613145,0.020611578137780653,0.0
