,cal0,cal1,cal2
ch01,-2.826466219282324,0.02704073505240475,0.0
ch02,-3.3435528694162944,0.025523247062206655,0.0
ch03,-6.619332643142639,0.02715249368509207,0.0
ch04,-3.620181631698519,0.027293790527281977,0.0
ch05,-3.3760925441950356,0.02199650366144791,0.0
ch06,-3.7744991216680566,0.025839051897156587,0.0
ch07,-2.9871396677384543,0.021138372364173496,0.0
