,cal0,cal1,cal2
ch01,-2.8077095173912245,0.027012725478660248,0.0
ch02,-3.348009029640583,0.025534976259305543,0.0
ch03,-6.620440448752087,0.02715086872824291,0.0
ch04,-3.619629038604496,0.027258620434698674,0.0
ch05,-3.376642320434619,0.02199333336742023,0.0
ch06,-3.7748489351167462,0.02584034540162245,0.0
ch07,-3.011474385377116,0.02113588545013902,0.0
