,cal0,cal1,cal2
ch01,-2.8980766166750622,0.02714753954841207,0.0
ch02,-3.3218706508223534,0.025480555511763533,0.0
ch03,-6.613161632898371,0.02716363097844128,0.0
ch04,-3.627700457217888,0.027420730472581825,0.0
ch05,-3.3732485975203943,0.022018408085767653,0.0
ch06,-3.774183698350945,0.025830716529382812,0.0
ch07,-2.917998482346633,0.021157596902121278,0.0
