,cal0,cal1,cal2
ch01,-2.9619285814033276,0.02675665542261992,0.0
ch02,-3.283020829228404,0.025516257156043713,0.0
ch03,-6.596139718150026,0.02713937270461838,0.0
ch04,-3.628464302021908,0.027071703731875413,0.0
ch05,-3.367169870604078,0.021949319266182443,0.0
ch06,-3.752485894320938,0.025849724144244052,0.0
ch07,-3.1443937928927355,0.02114392102065505,0.0
