,cal0,cal1,cal2
ch01,-2.681790982138195,0.026899370721789766,0.0
ch02,-3.375376735304106,0.025597245372405136,0.0
ch03,-6.626519308876629,0.027152945860760995,0.0
ch04,-3.6167338505167206,0.027490409465229782,0.0
ch05,-3.3797468716817796,0.02206027115845651,0.0
ch06,-3.782273220351875,0.025826120854383648,0.0
ch07,-3.0767718626969964,0.0215263912440393,0.0
