,cal0,cal1,cal2
ch01,-2.7189733531915907,0.02692924729763673,0.0
ch02,-3.365885978350972,0.02557635374850004,0.0
ch03,-6.624578305394915,0.02714871433904778,0.0
ch04,-3.6174363438335813,0.027350539035245886,0.0
ch05,-3.3787553688822323,0.022018607673273276,0.0
ch06,-3.7781958864894984,0.025835861185765092,0.0
ch07,-3.0683630078065858,0.021246609230794203,0.0
