,cal0,cal1,cal2
ch01,-2.909514840192752,0.027096920690879146,0.0
ch02,-3.3178486206233617,0.025486794636139586,0.0
ch03,-6.611773148812726,0.02715770922730506,0.0
ch04,-3.623540493526424,0.027379810642607603,0.0
ch05,-3.3726637327666165,0.02200570900308276,0.0
ch06,-3.7701943794651567,0.025834900991084046,0.0
ch07,-2.9396416374899768,0.021152495336510764,0.0
