,cal0,cal1,cal2
ch01,-2.9553219216135544,0.026850394730291844,0.0
ch02,-3.295233994514956,0.025515430138251607,0.0
ch03,-6.602044548313753,0.027144515557289778,0.0
ch04,-3.6268313929536555,0.027103430198988306,0.0
ch05,-3.369051691382657,0.02195702310961773,0.0
ch06,-3.7576217233205442,0.025848278730281636,0.0
ch07,-3.096754847362417,0.021141126012741887,0.0
