,cal0,cal1,cal2
ch01,-2.9200711848909866,0.02703988812965285,0.0
ch02,-3.313954052516857,0.02549440309503771,0.0
ch03,-6.61032407289193,0.027154331522654642,0.0
ch04,-3.624069696018946,0.027323440736997464,0.0
ch05,-3.372074045908508,0.021992301472166804,0.0
ch06,-3.767449509179051,0.025839524474743365,0.0
ch07,-2.9680847494888996,0.021146781199697793,0.0
