,cal0,cal1,cal2
ch01,-2.8587427379474075,0.027122429321854477,0.0
ch02,-3.334667601712766,0.025497378731257115,0.0
ch03,-6.61700256763741,0.02715789032957807,0.0
ch04,-3.6213164306217873,0.027389558958679908,0.0
ch05,-3.374972433457872,0.022012684765479577,0.0
ch06,-3.7748305030163958,0.025832819017008346,0.0
ch07,-2.9349538946589777,0.021150321167613888,0.0
