,cal0,cal1,cal2
ch01,-3.4417743682423154,0.02654905360178673,0.0
ch02,-3.7407147882815184,0.025385371910278336,0.0
ch03,-6.459514289711559,0.026498982391409562,0.0
ch04,-3.7668292402137524,0.027029266883085976,0.0
ch05,-3.058040418096584,0.021925562742602787,0.0
ch06,-3.321735085702035,0.02550649819062095,0.0
ch07,-3.046860905724009,0.02046454522756015,0.0
