,cal0,cal1,cal2
ch01,-3.4924244330820606,0.026502336112659314,0.0
ch02,-3.7912505947459656,0.025384782390746007,0.0
ch03,-6.558287860661338,0.026633327889501825,0.0
ch04,-3.792431487242856,0.027007208325592537,0.0
ch05,-3.100886685477526,0.02193734715249226,0.0
ch06,-3.3379808372967914,0.025504905315139142,0.0
ch07,-3.0459408186285244,0.0204529584798728,0.0
