,cal0,cal1,cal2
ch01,-3.411915710816899,0.026477987114877765,0.0
ch02,-3.7132034747689895,0.025369035657594873,0.0
ch03,-6.573019647924629,0.026662320947019293,0.0
ch04,-3.79520983950029,0.02704268506050531,0.0
ch05,-3.1058612340849256,0.021941269573222396,0.0
ch06,-3.345824109405904,0.025505403992648168,0.0
ch07,-3.025364624951801,0.02045419419469184,0.0
