,cal0,cal1,cal2
ch01,-3.2745874279313183,0.026517586349273172,0.0
ch02,-3.5885802062791186,0.02536363622694692,0.0
ch03,-6.44330673090255,0.026489276987417713,0.0
ch04,-3.758868387100987,0.02706025958458384,0.0
ch05,-3.0464729385105387,0.021926614214484125,0.0
ch06,-3.3302780674031878,0.02550970086350623,0.0
ch07,-3.010212226808787,0.020472235679158558,0.0
