,cal0,cal1,cal2
ch01,-3.7390179437063145,0.026597213389700673,0.0
ch02,-3.9831063687795027,0.025471945218842412,0.0
ch03,-6.487332041352573,0.026485518034023665,0.0
ch04,-3.7761937645611465,0.026692932276069444,0.0
ch05,-3.072864527133092,0.02190362634853664,0.0
ch06,-3.302600912848836,0.025559862809015555,0.0
ch07,-3.1310566350922246,0.020233940076194862,0.0
