,cal0,cal1,cal2
ch01,-3.539007239145201,0.02651496343655993,0.0
ch02,-3.8336395262352765,0.025395574849529996,0.0
ch03,-6.551058235598583,0.026617592270074337,0.0
ch04,-3.7910196825086815,0.026973807932344496,0.0
ch05,-3.0983708122150633,0.021934391447675818,0.0
ch06,-3.3336501728498993,0.025505346279844764,0.0
ch07,-3.0585958903401718,0.020450104402971295,0.0
