,cal0,cal1,cal2
ch01,-3.449978232376387,0.026489960858006863,0.0
ch02,-3.7506880140194903,0.025376055380022054,0.0
ch03,-6.565614022634527,0.02664817632999224,0.0
ch04,-3.793828367797197,0.02702903116708245,0.0
ch05,-3.1033844643240545,0.021939583614328847,0.0
ch06,-3.3420142365381933,0.02550506604963305,0.0
ch07,-3.0349195187545543,0.020453773513663193,0.0
