,cal0,cal1,cal2
ch01,-3.3643408697663544,0.02653573106548088,0.0
ch02,-3.6668786443317423,0.0253736634499838,0.0
ch03,-6.452265780745417,0.026495619995888915,0.0
ch04,-3.763657247152833,0.027051028646948576,0.0
ch05,-3.0533086015025948,0.021926533077624138,0.0
ch06,-3.3252830677098775,0.025507609606841165,0.0
ch07,-3.0296279059616418,0.020467498882503318,0.0
