,cal0,cal1,cal2
ch01,-3.348536515186339,0.026455800199861244,0.0
ch02,-3.6504992295161234,0.02535901599449423,0.0
ch03,-6.587998600645998,0.026688957434136063,0.0
ch04,-3.7979246669551303,0.027055843347300528,0.0
ch05,-3.11074022762163,0.02194339879729458,0.0
ch06,-3.352963752298352,0.025506264932743553,0.0
ch07,-3.010030987277108,0.020455157041280255,0.0
