,cal0,cal1,cal2
ch01,-3.7782743615992462,0.02659757290413595,0.0
ch02,-4.009650353272211,0.025493395659891293,0.0
ch03,-6.516911656779507,0.026503732377118026,0.0
ch04,-3.783975146166027,0.026611312182848304,0.0
ch05,-3.0856231132691008,0.021897740350046827,0.0
ch06,-3.299102403683333,0.025596903665420324,0.0
ch07,-3.143737716339106,0.020076757103289242,0.0
