,cal0,cal1,cal2
ch01,-3.8039500087923437,0.026616978293185975,0.0
ch02,-4.024428551572619,0.025515523293798182,0.0
ch03,-6.510582839366324,0.026451092608839818,0.0
ch04,-3.826690559108101,0.02655274075327168,0.0
ch05,-3.0830605776616475,0.021887247271948816,0.0
ch06,-3.281007107051873,0.025630624714366692,0.0
ch07,-3.1573520636278483,0.01993830103016238,0.0
