,cal0,cal1,cal2
ch01,-3.30024002216146,0.026436495794695064,0.0
ch02,-3.6055983758053944,0.025353002280402232,0.0
ch03,-6.603079712791012,0.026713850676769568,0.0
ch04,-3.800572292644666,0.0270603263072652,0.0
ch05,-3.1155009962531945,0.021944262319379983,0.0
ch06,-3.359665049901655,0.02550730050016542,0.0
ch07,-2.9988631618114376,0.02045653633037268,0.0
