,cal0,cal1,cal2
ch01,-3.486395332639474,0.02655582908775496,0.0
ch02,-3.782643812049974,0.025393451131764555,0.0
ch03,-6.463523233663797,0.02650006119211226,0.0
ch04,-3.7684072546036345,0.027007528836517688,0.0
ch05,-3.0604518570258437,0.02192453027663248,0.0
ch06,-3.3197633920383196,0.025506160362277246,0.0
ch07,-3.057224507700533,0.020462636853777017,0.0
