,cal0,cal1,cal2
ch01,-3.301407027498576,0.026523332751131567,0.0
ch02,-3.6102665484806393,0.025366216395677828,0.0
ch03,-6.446040319570201,0.026491458522992815,0.0
ch04,-3.7604679825522354,0.02705865573812251,0.0
ch05,-3.0487136271751014,0.02192669547628851,0.0
ch06,-3.3286155802048714,0.025508953698407676,0.0
ch07,-3.015994324524955,0.020470595921109735,0.0
