,cal0,cal1,cal2
ch01,-3.6391061623787744,0.026576284886565483,0.0
ch02,-3.912335533398764,0.02543119168590812,0.0
ch03,-6.477070200023272,0.026497929048140408,0.0
ch04,-3.773102214440072,0.026860748070901427,0.0
ch05,-3.067838744207169,0.021916689963624024,0.0
ch06,-3.3119209826218565,0.02551547159180855,0.0
ch07,-3.097354320237227,0.020417773964180916,0.0
