,cal0,cal1,cal2
ch01,-2.6864148620639714,0.02609448491571106,0.0
ch02,-3.0188720507536306,0.025586930530652557,0.0
ch03,-6.259389080422848,0.026970174197733093,0.0
ch04,-3.5645562020273927,0.027629874441478495,0.0
ch05,-3.3789961653606175,0.02197921937583021,0.0
ch06,-3.7958104831486854,0.025972317589499732,0.0
ch07,-3.4593284112405396,0.021421418533642066,0.0
