,cal0,cal1,cal2
ch01,-2.6909520124679553,0.02611872400955494,0.0
ch02,-2.9889254034044463,0.025567385411408888,0.0
ch03,-6.236175157714711,0.026953277894009635,0.0
ch04,-3.566973262482081,0.027463443620070232,0.0
ch05,-3.3750905646777403,0.02198556244765641,0.0
ch06,-3.783871926289956,0.02596598004156498,0.0
ch07,-3.4022364464481663,0.02146092154420765,0.0
