,cal0,cal1,cal2
ch01,-2.690774453372504,0.0262221013542243,0.0
ch02,-2.866619927774526,0.02554711095948986,0.0
ch03,-6.189136720779546,0.026926623255428585,0.0
ch04,-3.570841613790098,0.027066665088574915,0.0
ch05,-3.3625240567786068,0.02193761522060637,0.0
ch06,-3.754645945188428,0.025961676136782876,0.0
ch07,-3.4167576027547244,0.021509194009316886,0.0
