,cal0,cal1,cal2
ch01,-2.687797117805643,0.02609262732580935,0.0
ch02,-3.021040707527692,0.02559194053310998,0.0
ch03,-6.264034862570879,0.026974288733281337,0.0
ch04,-3.564080481039348,0.027640288116863344,0.0
ch05,-3.3796439776013925,0.02197181331225338,0.0
ch06,-3.7984427234940696,0.025979054796648218,0.0
ch07,-3.4817909506312343,0.021390506570698926,0.0
