,cal0,cal1,cal2
ch01,-2.6900607893233293,0.026197934130183648,0.0
ch02,-2.894779093140536,0.025553529291442993,0.0
ch03,-6.200988824743278,0.02693595985419912,0.0
ch04,-3.5698820811443057,0.027081382659738834,0.0
ch05,-3.3664890705334396,0.0219419271101487,0.0
ch06,-3.7618859362036607,0.02596210998046862,0.0
ch07,-3.421310763294189,0.02150278990364823,0.0
