,cal0,cal1,cal2
ch01,-2.6904150433534118,0.026214264053633037,0.0
ch02,-2.875047439306276,0.02554922743519601,0.0
ch03,-6.192979185892344,0.026929793654274427,0.0
ch04,-3.5705345300284517,0.02706933637114678,0.0
ch05,-3.363889532052653,0.021938848630472366,0.0
ch06,-3.7570449745569845,0.025961835755777186,0.0
ch07,-3.4187869658652854,0.02150714171768623,0.0
