,cal0,cal1,cal2
ch01,-2.690253336199364,0.026106391961190464,0.0
ch02,-2.997807535921452,0.025568867118237252,0.0
ch03,-6.240791117100988,0.02695150476624267,0.0
ch04,-3.593265150510857,0.02752990889274242,0.0
ch05,-3.3759615668210508,0.02199558944628003,0.0
ch06,-3.7882308021329276,0.025967189333858057,0.0
ch07,-3.402112440200254,0.021450344109417242,0.0
