,cal0,cal1,cal2
ch01,-2.68916504030465,0.026097777663083677,0.0
ch02,-3.0052334921665342,0.025571554593323,0.0
ch03,-6.20273696520258,0.02682629619841095,0.0
ch04,-3.712315855135981,0.027582309745944996,0.0
ch05,-3.599184238866812,0.02200090453833619,0.0
ch06,-3.838112717772942,0.02596786984884591,0.0
ch07,-3.4075931866421154,0.021443500244626757,0.0
