,cal0,cal1,cal2
ch01,-2.690175217837388,0.026206201633430147,0.0
ch02,-2.8844417830545,0.025551371822000606,0.0
ch03,-6.196932461826309,0.026932910994120644,0.0
ch04,-3.570214587693222,0.02707385674383958,0.0
ch05,-3.36521134794907,0.021940266040031006,0.0
ch06,-3.7594566686747477,0.02596198034419145,0.0
ch07,-3.4203360405430554,0.02150500602935601,0.0
