,cal0,cal1,cal2
ch01,-2.727996067222579,0.0260807726963725,0.0
ch02,-3.02476928715664,0.025600682034452982,0.0
ch03,-6.2824024093790625,0.02698750856908584,0.0
ch04,-3.5957763095060304,0.027607665356904745,0.0
ch05,-3.381804912083453,0.021962946164438345,0.0
ch06,-3.8105025161759247,0.02599927574887072,0.0
ch07,-3.5463831952502063,0.021292394049562104,0.0
