,cal0,cal1,cal2
ch01,-3.5117305844154134,0.026970080222437146,0.0
ch02,-3.9258402109031056,0.026680411554962407,0.0
ch03,-6.780604270334302,0.02713518935024927,0.0
ch04,-3.85403388491826,0.026158452051788832,0.0
ch05,-2.990656559741151,0.02107716579427594,0.0
ch06,-3.5238925317966525,0.0248710290583386,0.0
ch07,-2.237452816771536,0.02077220050360925,0.0
