,cal0,cal1,cal2
ch01,-3.722145899859794,0.026556887106293354,0.0
ch02,-4.069358390366104,0.025999178492858783,0.0
ch03,-6.765546028748077,0.026888214419821654,0.0
ch04,-3.5505568412887047,0.02620405015331853,0.0
ch05,-2.982996883963079,0.021385751149754093,0.0
ch06,-3.4362783941935424,0.02404568310006484,0.0
ch07,-2.3037327429682963,0.020908931351170775,0.0
