,cal0,cal1,cal2
ch01,-3.3993045726620292,0.027085074668982554,0.0
ch02,-3.8396549697327904,0.026844353756040787,0.0
ch03,-6.78856533245333,0.027253581647893217,0.0
ch04,-3.7104190785828277,0.026215788039857246,0.0
ch05,-2.9955735115894564,0.020968500247261174,0.0
ch06,-3.5568331883612405,0.02479997409847906,0.0
ch07,-2.245952704388805,0.020914203487830376,0.0
