,cal0,cal1,cal2
ch01,-3.721683791074464,0.02643598015374186,0.0
ch02,-4.085193422615315,0.025831514165579456,0.0
ch03,-6.752276104177948,0.02686789546692792,0.0
ch04,-3.864786989268384,0.026522269436880328,0.0
ch05,-2.977499245863528,0.02160864300874599,0.0
ch06,-3.444739338410899,0.02468492171481574,0.0
ch07,-2.4018418774329495,0.020564952543836897,0.0
