,cal0,cal1,cal2
ch01,-3.2833425588941676,0.02669279184421216,0.0
ch02,-3.788929059995715,0.02608922359534907,0.0
ch03,-6.806256147552386,0.027139742327841786,0.0
ch04,-3.844438993533454,0.027028951247841694,0.0
ch05,-3.011094697461993,0.02178276395216419,0.0
ch06,-3.5587269175231793,0.025251514823833043,0.0
ch07,-2.4865419900907852,0.020400050390623776,0.0
