,cal0,cal1,cal2
ch01,-3.669328381198595,0.026400972792465394,0.0
ch02,-4.0544783625094825,0.02580996985383492,0.0
ch03,-6.745361796606376,0.026859365699649432,0.0
ch04,-3.867235959728543,0.026769455308533974,0.0
ch05,-2.9750023335087397,0.021718253406626507,0.0
ch06,-3.447602952351798,0.02509366841038462,0.0
ch07,-2.4582032376806446,0.020352691668040452,0.0
