,cal0,cal1,cal2
ch01,-3.738747738379848,0.02644919272851187,0.0
ch02,-4.091854595806775,0.025845384552962793,0.0
ch03,-6.755672505838867,0.0268657469813148,0.0
ch04,-3.8619431713302452,0.02639554157680308,0.0
ch05,-2.978813374791267,0.021532630463959295,0.0
ch06,-3.439145838424472,0.02434661312313239,0.0
ch07,-2.372016498383391,0.020739079966058425,0.0
