,cal0,cal1,cal2
ch01,-3.6975681232838795,0.026420213117453923,0.0
ch02,-4.072366141530531,0.02582064033252915,0.0
ch03,-6.748837144334171,0.026864841191423013,0.0
ch04,-3.8660016023200283,0.02665249076517476,0.0
ch05,-2.9762283245628116,0.02167090973747694,0.0
ch06,-3.4470161079012636,0.024944541206620038,0.0
ch07,-2.4310317615334647,0.02043110952990688,0.0
