,cal0,cal1,cal2
ch01,-3.306031658165953,0.026799372750540784,0.0
ch02,-3.780435546137264,0.026251977870778157,0.0
ch03,-6.801490632116026,0.02713732597894051,0.0
ch04,-3.8467048272162576,0.026916604595634542,0.0
ch05,-3.0058533814889556,0.021683871887178907,0.0
ch06,-3.552781390405439,0.025240421383979396,0.0
ch07,-2.424445229051542,0.020393027711381424,0.0
