,cal0,cal1,cal2
ch01,-3.269678077369231,0.026622477882631695,0.0
ch02,-3.796401247184691,0.026011508652288417,0.0
ch03,-6.808753695472726,0.027144939330515087,0.0
ch04,-3.8430524530634695,0.027050878849143378,0.0
ch05,-3.014585294773994,0.021817157807555925,0.0
ch06,-3.5625023927682946,0.025256623945311946,0.0
ch07,-2.5177281416260264,0.02040712732882993,0.0
