,cal0,cal1,cal2
ch01,-3.353861983618303,0.026966738479641678,0.0
ch02,-3.8027216340713865,0.02662395519676848,0.0
ch03,-6.793345077166608,0.027166224930627512,0.0
ch04,-3.850069400891783,0.02646263385068162,0.0
ch05,-2.9989490166519053,0.021300207680208825,0.0
ch06,-3.547936979479261,0.0250422041242587,0.0
ch07,-2.3047098614493597,0.020615914394173093,0.0
