,cal0,cal1,cal2
ch01,-3.745775942874538,0.026467396623199933,0.0
ch02,-4.091578357746293,0.025869909941730183,0.0
ch03,-6.759020266917707,0.026848708792071557,0.0
ch04,-3.553289423701933,0.026292292209203275,0.0
ch05,-2.9801689275863956,0.02145546152807155,0.0
ch06,-3.424743122116994,0.024044236384424215,0.0
ch07,-2.3440657509780762,0.02089620621928004,0.0
