,cal0,cal1,cal2
ch01,-3.430832844166393,0.02709755066722721,0.0
ch02,-3.8649839131849415,0.026876809707452095,0.0
ch03,-6.741087325458062,0.029196245712997164,0.0
ch04,-3.0547204789076616,0.026143418419344488,0.0
ch05,-1.4995421565930003,0.02088218528690837,0.0
ch06,-3.859455174879498,0.024750419191307098,0.0
ch07,-2.2304940899311934,0.020969840277151854,0.0
