,cal0,cal1,cal2
ch01,-3.691774951570994,0.02662768042145977,0.0
ch02,-4.048227836012053,0.026107609288546864,0.0
ch03,-6.768712382378071,0.026945567242286566,0.0
ch04,-3.857358774581043,0.026208632524466813,0.0
ch05,-2.9844654445453878,0.021385921658202897,0.0
ch06,-3.4623458841013997,0.02434309875965846,0.0
ch07,-2.2908822352351907,0.02077219461662816,0.0
