,cal0,cal1,cal2
ch01,-3.63935381256899,0.026380703259367103,0.0
ch02,-4.032844661267561,0.02579883363517302,0.0
ch03,-6.741856310823706,0.026852618021650818,0.0
ch04,-3.868489945600026,0.026863870434874437,0.0
ch05,-2.9738229309811484,0.021753545551996364,0.0
ch06,-3.4471982211713366,0.02515951525438639,0.0
ch07,-2.4828513617278922,0.020315449564042565,0.0
