,cal0,cal1,cal2
ch01,-3.338093106686057,0.026911461528446864,0.0
ch02,-3.7913409490958454,0.026509746284195907,0.0
ch03,-6.795563846622574,0.02715171996482326,0.0
ch04,-3.8491918958620506,0.026605179874360275,0.0
ch05,-3.0006593252294875,0.02144184482448945,0.0
ch06,-3.548177368744161,0.025141481423818078,0.0
ch07,-2.337968033313606,0.020496131524933684,0.0
