,cal0,cal1,cal2
ch01,-3.2904713985359453,0.026728802326151765,0.0
ch02,-3.785181729986241,0.02613606244797022,0.0
ch03,-6.804801316749449,0.02713798370123954,0.0
ch04,-3.845169533258363,0.027006453294145038,0.0
ch05,-3.009346090981049,0.02175822116775105,0.0
ch06,-3.5567454837946264,0.02524884584506649,0.0
ch07,-2.468171221285753,0.020396536088721065,0.0
