,cal0,cal1,cal2
ch01,-3.271969245647605,0.026207736388537687,0.0
ch02,-3.258639913190259,0.02571939598343079,0.0
ch03,-6.644862968836789,0.026897299660579126,0.0
ch04,-3.412009604285545,0.027062448255081147,0.0
ch05,-2.982063006789489,0.02191921843496898,0.0
ch06,-3.7336882338486386,0.026121676861402134,0.0
ch07,-3.3902219823001167,0.021246350780908432,0.0
