,cal0,cal1,cal2
ch01,-3.27348287233586,0.026205178043525495,0.0
ch02,-3.247571107328567,0.025715351958542656,0.0
ch03,-6.636098790231459,0.02689296070619777,0.0
ch04,-3.411801946875756,0.027062446451264488,0.0
ch05,-2.974543940175465,0.02191957518474232,0.0
ch06,-3.7345743158417077,0.026122484537276683,0.0
ch07,-3.3918682972655967,0.02124529788354107,0.0
