,cal0,cal1,cal2
ch01,-3.3075979122212025,0.02618283281591093,0.0
ch02,-3.1749916334674295,0.025695112428562414,0.0
ch03,-6.57845437029438,0.02686579856037262,0.0
ch04,-3.410597297386324,0.027062436681355648,0.0
ch05,-2.9285134627440503,0.02192348333087091,0.0
ch06,-3.7395526406668527,0.026126645888267665,0.0
ch07,-3.411245788066055,0.021237835219259576,0.0
