,cal0,cal1,cal2
ch01,-3.3490361038209695,0.026166789061452794,0.0
ch02,-3.1355017550237996,0.02568904934342291,0.0
ch03,-6.546744517613307,0.026851992860724868,0.0
ch04,-3.4100304457671853,0.027062482010820624,0.0
ch05,-2.9051314566460738,0.02192802101825961,0.0
ch06,-3.742271409672023,0.026128248244648503,0.0
ch07,-3.4304993617375086,0.021233349188421517,0.0
