,cal0,cal1,cal2
ch01,-3.2840919685855074,0.026195593708855196,0.0
ch02,-3.2127641253696533,0.025704191453708874,0.0
ch03,-6.608316296598663,0.026879570449406365,0.0
ch04,-3.411189635375172,0.027062442728556946,0.0
ch05,-2.951696443867278,0.021921034535420103,0.0
ch06,-3.7370953273384613,0.026124716190012602,0.0
ch07,-3.3991625391706934,0.02124181574173612,0.0
