,cal0,cal1,cal2
ch01,-3.3330114784410587,0.026172482425212137,0.0
ch02,-3.1486169183494686,0.025690672099764826,0.0
ch03,-6.557504015555737,0.026856567822079392,0.0
ch04,-3.410216205592114,0.02706244038061836,0.0
ch05,-2.912938782896464,0.021926157150456215,0.0
ch06,-3.7413050476943615,0.026127754736572983,0.0
ch07,-3.42308627010679,0.021234898880700535,0.0
