,cal0,cal1,cal2
ch01,-3.319218716404873,0.026177837938263667,0.0
ch02,-3.161848396449015,0.025692706119531956,0.0
ch03,-6.568077264570276,0.026861177187971572,0.0
ch04,-3.4104052297010083,0.027062434280702114,0.0
ch05,-2.920734577252673,0.021924676399187545,0.0
ch06,-3.7404065739590213,0.026127218785437965,0.0
ch07,-3.4167144915481034,0.02123639534908752,0.0
