,cal0,cal1,cal2
ch01,-3.4317544853621893,0.02610847269079001,0.0
ch02,-3.0711725360069115,0.025702192653197658,0.0
ch03,-6.455276705184502,0.026825029880582506,0.0
ch04,-3.4088791029818184,0.027143332614819334,0.0
ch05,-2.842931650394043,0.021990426173931057,0.0
ch06,-3.7620038156218287,0.026036996521030125,0.0
ch07,-3.5431204133778156,0.021297201367283726,0.0
