,cal0,cal1,cal2
ch01,-3.271216566446007,0.026210006744856518,0.0
ch02,-3.269512936828962,0.02572355879380525,0.0
ch03,-6.6533681123305906,0.02690156565598937,0.0
ch04,-3.412218742843144,0.027062450349807695,0.0
ch05,-2.989526176765202,0.021918907705286317,0.0
ch06,-3.732772199034036,0.026120838523282165,0.0
ch07,-3.388893418850571,0.021247351005639754,0.0
