,cal0,cal1,cal2
ch01,-3.2758995903663393,0.026202313173841914,0.0
ch02,-3.23626376238688,0.025711451701506804,0.0
ch03,-6.627081752620644,0.026888554815351958,0.0
ch04,-3.4115959448170603,0.02706244496749923,0.0
ch05,-2.9669734207142966,0.021919987832435258,0.0
ch06,-3.735434184151059,0.026123260803396338,0.0
ch07,-3.393874189716487,0.021244191546322323,0.0
