,cal0,cal1,cal2
ch01,-3.1168737977131844,0.026091372138078696,0.0
ch02,-3.0789919653783793,0.02588690105177507,0.0
ch03,-6.40720350525469,0.026805213054565187,0.0
ch04,-3.4083323772091934,0.027489450747486596,0.0
ch05,-2.812612667384788,0.02200920129066317,0.0
ch06,-3.7626119156910574,0.02598282035469686,0.0
ch07,-3.574099601176332,0.02135258515348543,0.0
