,cal0,cal1,cal2
ch01,-2.9885102048260905,0.02666600797280851,0.0
ch02,-3.2369473108506264,0.025252898095852294,0.0
ch03,-6.551074366366965,0.026940414596177815,0.0
ch04,-3.4989662550708234,0.02663689849128843,0.0
ch05,-2.946853434006525,0.02199572014855417,0.0
ch06,-3.394293503817601,0.026693684800717994,0.0
ch07,-2.469239427181067,0.02062547847167692,0.0
