,cal0,cal1,cal2
ch01,-2.907090472486252,0.0264242278833426,0.0
ch02,-3.229799288131271,0.025315277895205383,0.0
ch03,-6.557524923465782,0.02691503443155378,0.0
ch04,-3.6191938845200635,0.02705888953438209,0.0
ch05,-2.972783678484062,0.021909097056819836,0.0
ch06,-3.453304812473491,0.025785743839712934,0.0
ch07,-2.7379318392867287,0.020796405148570066,0.0
