,cal0,cal1,cal2
ch01,-2.94646570689683,0.026550799302549305,0.0
ch02,-3.134962785220209,0.025280651353108974,0.0
ch03,-6.553515196587313,0.02691837422546195,0.0
ch04,-3.6190836893568497,0.02689816251872007,0.0
ch05,-2.9553797114529967,0.02193777619390008,0.0
ch06,-3.454064106679112,0.02586171610709752,0.0
ch07,-2.581977133051294,0.020779650707431204,0.0
