,cal0,cal1,cal2
ch01,-2.999346697233816,0.026665767108867953,0.0
ch02,-3.2895175059134223,0.025278722570804057,0.0
ch03,-6.33910256780607,0.02732153226699876,0.0
ch04,-2.96409377376869,0.026593988534327935,0.0
ch05,-3.3196289045645324,0.022003731489745007,0.0
ch06,-2.427110487939173,0.02678783355200774,0.0
ch07,-2.4650945601792182,0.020608218256041914,0.0
