,cal0,cal1,cal2
ch01,-2.9780615278694698,0.026134300146602316,0.0
ch02,-3.736960907032624,0.0257044142864787,0.0
ch03,-6.5373912409735215,0.02683369793769909,0.0
ch04,-3.623096864756725,0.02684817277228106,0.0
ch05,-2.9201019331972664,0.02191543951711565,0.0
ch06,-3.6075458801963802,0.025736662221039857,0.0
ch07,-2.8411921767343666,0.020839511839833735,0.0
