,cal0,cal1,cal2
ch01,-3.05032620304554,0.02623070424789212,0.0
ch02,-3.7397266629827017,0.025982909680970043,0.0
ch03,-6.544500784247079,0.02688460198897696,0.0
ch04,-3.576780368353812,0.02647488761298253,0.0
ch05,-2.9307885929384865,0.02193144218966811,0.0
ch06,-3.626485702240134,0.025719701476544666,0.0
ch07,-2.709905050502868,0.0214538908013085,0.0
