,cal0,cal1,cal2
ch01,-2.918303919867065,0.02648871342825809,0.0
ch02,-3.1657866886989185,0.02530364768795072,0.0
ch03,-6.555620239932657,0.02691580041718639,0.0
ch04,-3.619008138867794,0.02703379663481792,0.0
ch05,-2.9640643296570564,0.021916333830830106,0.0
ch06,-3.4576066433144996,0.025780892905815693,0.0
ch07,-2.6785702688350366,0.020795984246502273,0.0
