,cal0,cal1,cal2
ch01,-2.937743297734079,0.02653494691635402,0.0
ch02,-3.1340696599595272,0.025288415382894405,0.0
ch03,-6.554067002861132,0.026917269008628657,0.0
ch04,-3.6190393033169745,0.026949966733965804,0.0
ch05,-2.9575409549917095,0.02192981197768629,0.0
ch06,-3.4564942407852848,0.025805696828013616,0.0
ch07,-2.6105223042358414,0.020790176350886834,0.0
