,cal0,cal1,cal2
ch01,-3.0377139696187916,0.026414439767748217,0.0
ch02,-3.5629229840877805,0.02564008702636761,0.0
ch03,-6.547294515150901,0.026898724028375308,0.0
ch04,-3.62029922528707,0.026550644968180215,0.0
ch05,-2.936613405908129,0.021952290044364373,0.0
ch06,-3.5254629766650294,0.02596010998840912,0.0
ch07,-2.5951666752849896,0.020900503153578304,0.0
