,cal0,cal1,cal2
ch01,-2.9452866159510562,0.026117856109973053,0.0
ch02,-3.6493364845773546,0.025593694772428097,0.0
ch03,-6.534506463378358,0.026818243286392502,0.0
ch04,-3.6239460810453785,0.02696656193140669,0.0
ch05,-2.916878733755038,0.021913331352094605,0.0
ch06,-3.6067914331203275,0.025735701315903737,0.0
ch07,-2.8648939576082255,0.0207824387541074,0.0
