,cal0,cal1,cal2
ch01,-3.029214892240653,0.02648509332106165,0.0
ch02,-3.491246951274456,0.025527754928138933,0.0
ch03,-6.548130460034178,0.026906816799733748,0.0
ch04,-3.620088573448294,0.026565616503022423,0.0
ch05,-2.9386135251502465,0.0219655127074802,0.0
ch06,-3.49713111221576,0.026177208995921686,0.0
ch07,-2.5522657052091207,0.020775169014004908,0.0
