,cal0,cal1,cal2
ch01,-2.9301199899833477,0.026520202749763848,0.0
ch02,-3.1401284737333555,0.025294608305331177,0.0
ch03,-6.554600331917543,0.026916565853076502,0.0
ch04,-3.6190121020854606,0.026988728013417836,0.0
ch05,-2.95971010189833,0.021923962025205437,0.0
ch06,-3.457637615373227,0.025785902778001052,0.0
ch07,-2.636053110521325,0.020794183941265115,0.0
