,cal0,cal1,cal2
ch01,-3.012339188688372,0.026149179537017207,0.0
ch02,-3.7924783471700123,0.025857446705581606,0.0
ch03,-6.540008612910311,0.026850152543705003,0.0
ch04,-3.6223315606813364,0.026674206122055868,0.0
ch05,-2.92350407443703,0.02191901347358528,0.0
ch06,-3.6140129360619953,0.0257260595076488,0.0
ch07,-2.8093507762564363,0.02108125197606573,0.0
