,cal0,cal1,cal2
ch01,-3.039315536096077,0.026164033809623555,0.0
ch02,-3.79622132517014,0.026014077652799773,0.0
ch03,-6.542372684254965,0.02687080049114609,0.0
ch04,-3.5774301505263972,0.0265188601764393,0.0
ch05,-2.9270711641102176,0.021924571443695307,0.0
ch06,-3.6462497009102544,0.025707862418454987,0.0
ch07,-2.7668501154836487,0.021453061819748456,0.0
