,cal0,cal1,cal2
ch01,-2.9236437366341868,0.02650484896120013,0.0
ch02,-3.151293874698168,0.02529957732730208,0.0
ch03,-6.555117392007744,0.026916108794665765,0.0
ch04,-3.6190018082814994,0.02701583627123806,0.0
ch05,-2.9618852019399062,0.02191961506537078,0.0
ch06,-3.4579192208314984,0.025781013917647835,0.0
ch07,-2.6586433683547384,0.020795521884961768,0.0
