,cal0,cal1,cal2
ch01,-3.027385360558566,0.02615408402038334,0.0
ch02,-3.8016963211220562,0.02594357342757075,0.0
ch03,-6.54122129616031,0.026859397940894977,0.0
ch04,-3.6217131897930654,0.026587216386961335,0.0
ch05,-2.9252679004357764,0.021921563035977313,0.0
ch06,-3.6233415120611054,0.025716166954454292,0.0
ch07,-2.7896567036668922,0.02127786544474376,0.0
