,cal0,cal1,cal2
ch01,-2.977498476737274,0.026637785803487267,0.0
ch02,-3.1949788768979515,0.025251569079316673,0.0
ch03,-6.551724791213846,0.02692850055264105,0.0
ch04,-3.6185731755205417,0.026694567394371194,0.0
ch05,-2.948963196814344,0.021979926122567085,0.0
ch06,-3.4270493997876197,0.026458385901651192,0.0
ch07,-2.4895294942148207,0.02066931034851691,0.0
