,cal0,cal1,cal2
ch01,-2.9064704559824572,0.026396034811812234,0.0
ch02,-3.2547686559073736,0.025320009509305172,0.0
ch03,-6.558433233475039,0.026914566971086698,0.0
ch04,-3.6193788242294915,0.027061170359707266,0.0
ch05,-2.9771198816998194,0.021907342605615047,0.0
ch06,-3.450435010150099,0.02578808394047207,0.0
ch07,-2.7589678329634233,0.020796330749773953,0.0
