,cal0,cal1,cal2
ch01,-3.086743618533433,0.026063110498442878,0.0
ch02,-3.465602860598296,0.02515673978621471,0.0
ch03,-6.395609345991853,0.026595666332301825,0.0
ch04,-3.7485645939039816,0.027063944741860493,0.0
ch05,-3.07921453759396,0.021899980483007793,0.0
ch06,-3.3537909034859688,0.025582460065162457,0.0
ch07,-2.9279960891682317,0.02093632763599685,0.0
