,cal0,cal1,cal2
ch01,-3.0251435086129117,0.026190355025316657,0.0
ch02,-3.3313453864742506,0.02504228588855815,0.0
ch03,-6.376543313493304,0.026564133100104765,0.0
ch04,-3.74663329104096,0.027095417808309756,0.0
ch05,-3.069923136344347,0.021907626250467247,0.0
ch06,-3.3382496045142895,0.025584228384068874,0.0
ch07,-2.9289595339909584,0.020947678115068438,0.0
