,cal0,cal1,cal2
ch01,-2.601712336799399,0.02616802140288362,0.0
ch02,-2.8338055662517045,0.024525480896667527,0.0
ch03,-6.3392549747185605,0.02644539969057522,0.0
ch04,-3.7432513984484825,0.027586406299618536,0.0
ch05,-3.0518884429362316,0.021637406042225176,0.0
ch06,-3.3092075153026332,0.026054098399247487,0.0
ch07,-2.7991584564853573,0.020255714449748947,0.0
