,cal0,cal1,cal2
ch01,-2.6390659176782454,0.026362432228391665,0.0
ch02,-2.843752508091602,0.024452207432633873,0.0
ch03,-6.342049813665522,0.02640808860146117,0.0
ch04,-3.7576748412771,0.027742850499836273,0.0
ch05,-3.0532843691013904,0.02189514836781725,0.0
ch06,-3.305220795388136,0.02604971900305188,0.0
ch07,-2.83107499672213,0.020106146077575104,0.0
