,cal0,cal1,cal2
ch01,-2.886647301622253,0.026287442111365772,0.0
ch02,-3.0871111251235543,0.02480630815524545,0.0
ch03,-6.360331709159606,0.026520205489769508,0.0
ch04,-3.7451291461671774,0.027393382777958847,0.0
ch05,-3.0621557304749247,0.02196441411152749,0.0
ch06,-3.325799579708977,0.025617164080911047,0.0
ch07,-2.918250481586782,0.02088947653140203,0.0
