,cal0,cal1,cal2
ch01,-3.08278267852838,0.02599271564144857,0.0
ch02,-3.4918725542815277,0.025193428770505753,0.0
ch03,-6.410247119748647,0.026616511483134053,0.0
ch04,-3.7502814605643953,0.027062891989636812,0.0
ch05,-3.0865757295876355,0.021900043805776807,0.0
ch06,-3.368617839699399,0.02558145193349561,0.0
ch07,-2.925600740249616,0.02092477941229655,0.0
