,cal0,cal1,cal2
ch01,-3.0827791335792805,0.026081462425123235,0.0
ch02,-3.4541057523848635,0.025144609136096452,0.0
ch03,-6.39251963398119,0.026591117670449107,0.0
ch04,-3.7482329948679816,0.02706480623772767,0.0
ch05,-3.077689101187723,0.021900284048937554,0.0
ch06,-3.351041215990018,0.02558271234431163,0.0
ch07,-2.928488687719998,0.02093842408788642,0.0
