,cal0,cal1,cal2
ch01,-3.0891852921041103,0.02603080217928477,0.0
ch02,-3.480714236778379,0.025175529503400376,0.0
ch03,-6.401638922046152,0.026604295629023694,0.0
ch04,-3.7492395481177345,0.02706318322220353,0.0
ch05,-3.082218741536588,0.021899782281987544,0.0
ch06,-3.3595062648077127,0.025582005598152487,0.0
ch07,-2.9269515617818547,0.020931913353415873,0.0
