,cal0,cal1,cal2
ch01,-3.088164795889417,0.02601679005666876,0.0
ch02,-3.4855130947554027,0.025182673279511906,0.0
ch03,-6.4045700423287,0.026608439628459872,0.0
ch04,-3.7495829180171643,0.02706302817360691,0.0
ch05,-3.083693075584465,0.021899815898063463,0.0
ch06,-3.362472454453265,0.025581803807117144,0.0
ch07,-2.926452503847694,0.02092960086685834,0.0
