,cal0,cal1,cal2
ch01,-2.9212686045856984,0.026268970049279323,0.0
ch02,-3.141729612247388,0.024871073671023026,0.0
ch03,-6.363544882895938,0.02653167475261309,0.0
ch04,-3.745422450836323,0.027288066904294316,0.0
ch05,-3.063693906226364,0.021942532003721572,0.0
ch06,-3.328455786910845,0.025595727440407858,0.0
ch07,-2.9221565514590546,0.020932784229727934,0.0
