,cal0,cal1,cal2
ch01,-3.0425305148560815,0.026167329841761486,0.0
ch02,-3.366363164341236,0.025069926804842296,0.0
ch03,-6.379787623186184,0.026570314863280254,0.0
ch04,-3.746945511098352,0.02708174876222111,0.0
ch05,-3.071486640770492,0.021904777673224216,0.0
ch06,-3.340701850589066,0.02558388439922402,0.0
ch07,-2.9293295384533242,0.02094601287188318,0.0
