,cal0,cal1,cal2
ch01,-3.0859605910942816,0.026004121785156473,0.0
ch02,-3.489113295037254,0.025188583973083458,0.0
ch03,-6.407440450408009,0.02661250449641542,0.0
ch04,-3.7499302219400654,0.027062940871630047,0.0
ch05,-3.085146074437924,0.021899907836686845,0.0
ch06,-3.365510103517411,0.025581619204968414,0.0
ch07,-2.9259967151490005,0.020927221905065106,0.0
