,cal0,cal1,cal2
ch01,-2.848924519194252,0.02631701197598772,0.0
ch02,-3.0330132145853432,0.02472957949945922,0.0
ch03,-6.357150707446167,0.026506166817134733,0.0
ch04,-3.744839560436076,0.02752048951411697,0.0
ch05,-3.0606303766557046,0.021996414464761194,0.0
ch06,-3.3228789161514727,0.025664878860149815,0.0
ch07,-2.912852715327267,0.020789173009557054,0.0
