,cal0,cal1,cal2
ch01,-3.052197271246988,0.026677276261548324,0.0
ch02,-3.5156770139745213,0.02547821758701041,0.0
ch03,-6.391503866202318,0.02632061869684149,0.0
ch04,-3.7005256595033167,0.027052545832742247,0.0
ch05,-2.9278789164314563,0.02193416703191028,0.0
ch06,-3.344102718346899,0.025534535494889852,0.0
ch07,-2.8219327199144604,0.020543784703717156,0.0
