,cal0,cal1,cal2
ch01,-2.97325380107908,0.026562037699014943,0.0
ch02,-3.427348656324392,0.025403534679454273,0.0
ch03,-6.410114023515218,0.026355803184550483,0.0
ch04,-3.6886846550767713,0.027062277419990767,0.0
ch05,-2.9200743841997885,0.02193166685200699,0.0
ch06,-3.3677896515537045,0.025550639967783412,0.0
ch07,-2.835303609871804,0.020556186529210884,0.0
