,cal0,cal1,cal2
ch01,-3.3199663527394097,0.026813584548814055,0.0
ch02,-3.7973852384153353,0.025935783717963276,0.0
ch03,-6.3763319754169805,0.026215935468344772,0.0
ch04,-3.7343498269616697,0.02628340628894744,0.0
ch05,-2.9500958994452016,0.02191731047888477,0.0
ch06,-3.367073547931136,0.02569516241034186,0.0
ch07,-2.8058727636493543,0.021076110802263143,0.0
