,cal0,cal1,cal2
ch01,-2.951453454890509,0.026497528204238806,0.0
ch02,-3.4116840121443026,0.025386286914008308,0.0
ch03,-6.425820445270922,0.026386528876260952,0.0
ch04,-3.680337205053415,0.02706230659067056,0.0
ch05,-2.917302755939173,0.02192697534560062,0.0
ch06,-3.392039962441695,0.025564138405787664,0.0
ch07,-2.842467039759392,0.020566061761358903,0.0
