,cal0,cal1,cal2
ch01,-2.9600543170365325,0.02652720112000436,0.0
ch02,-3.418274636744375,0.025392511404412066,0.0
ch03,-6.4178895287490105,0.026370553967129354,0.0
ch04,-3.68444567335557,0.027062321556844036,0.0
ch05,-2.9183601708026967,0.021929409881350958,0.0
ch06,-3.379479189870505,0.025557254408604943,0.0
ch07,-2.8392263886600464,0.02056106380444379,0.0
