,cal0,cal1,cal2
ch01,-3.1855944065884727,0.026758995810980384,0.0
ch02,-3.6898132793542775,0.025640024998312954,0.0
ch03,-6.38139205113474,0.02629038905180944,0.0
ch04,-3.709791518057617,0.026854336646366574,0.0
ch05,-2.936747276239834,0.02193008640205648,0.0
ch06,-3.339745887208997,0.025529023357967733,0.0
ch07,-2.809006209391309,0.0205492316116217,0.0
