,cal0,cal1,cal2
ch01,-2.9539292723221964,0.026506874767463807,0.0
ch02,-3.4137948824386393,0.025387940624368704,0.0
ch03,-6.423169299630067,0.026381064362437735,0.0
ch04,-3.681691427983613,0.027062312586819945,0.0
ch05,-2.9175828379744497,0.02192778857605808,0.0
ch06,-3.387777454082629,0.025561815667372617,0.0
ch07,-2.8414613631442824,0.020564382359973495,0.0
