,cal0,cal1,cal2
ch01,-2.94929213624719,0.026488692162780922,0.0
ch02,-3.4095825749318176,0.02538498211179856,0.0
ch03,-6.428471883452786,0.02639213253035714,0.0
ch04,-3.6789988348791742,0.02706230090525404,0.0
ch05,-2.9170944315787297,0.021926171361817556,0.0
ch06,-3.3963623420000255,0.025566487668332506,0.0
ch07,-2.843400879763943,0.020567754605312336,0.0
