,cal0,cal1,cal2
ch01,-2.9457257029649524,0.026472436282368277,0.0
ch02,-3.4052987005592588,0.02538323911983633,0.0
ch03,-6.433755516910192,0.026403749309057166,0.0
ch04,-3.6763713415968446,0.027062291610224925,0.0
ch05,-2.916890767849033,0.021924615225506087,0.0
ch06,-3.4051421586521387,0.02557126101264234,0.0
ch07,-2.8450642965303077,0.02057118071036945,0.0
