,cal0,cal1,cal2
ch01,-3.214050269167001,0.026769836142002595,0.0
ch02,-3.7201070719290357,0.025687242843769244,0.0
ch03,-6.380169701518818,0.026283185544798957,0.0
ch04,-3.711357977662671,0.026754849558770402,0.0
ch05,-2.9384644573574428,0.02192854234575239,0.0
ch06,-3.34112616930477,0.025537749908192544,0.0
ch07,-2.8063039861900734,0.020578325242386664,0.0
