,cal0,cal1,cal2
ch01,-3.1326866238443816,0.02673550704627627,0.0
ch02,-3.6258232960702417,0.025567436980519,0.0
ch03,-6.384266427253066,0.02630204283457125,0.0
ch04,-3.7066752405956427,0.02697889423648468,0.0
ch05,-2.9335140211950224,0.021932237364126066,0.0
ch06,-3.3392099453668465,0.02552770483966818,0.0
ch07,-2.8138221466874183,0.020538698038906452,0.0
