,cal0,cal1,cal2
ch01,-3.318726744534501,0.026835558457749712,0.0
ch02,-3.8012545622875344,0.02596402186899735,0.0
ch03,-6.236774107342274,0.02534583687516686,0.0
ch04,-3.798996025496906,0.026242448381104143,0.0
ch05,-0.4684201213013708,0.021916680181777694,0.0
ch06,-3.6901932588705884,0.02571617781778484,0.0
ch07,-2.800312994574068,0.021138150991354635,0.0
