,cal0,cal1,cal2
ch01,-3.684326359360754,0.026054203030268303,0.0
ch02,-4.447235509757256,0.026253625329261763,0.0
ch03,-6.863230091638691,0.027088647003642042,0.0
ch04,-3.510270894435515,0.02698546536577624,0.0
ch05,-3.545204695992441,0.022008611876641444,0.0
ch06,-3.821588301238938,0.02592473491772347,0.0
ch07,-3.6604549163934434,0.021356342243372184,0.0
