,cal0,cal1,cal2
ch01,-3.351508463968962,0.02605125733181995,0.0
ch02,-4.0198046277572645,0.02606212479631154,0.0
ch03,-6.891408701262676,0.027073244194386583,0.0
ch04,-3.508507481941166,0.027478107225912256,0.0
ch05,-3.545949622171373,0.022010522396063194,0.0
ch06,-3.820203376852102,0.025929729727302696,0.0
ch07,-3.5658494599079846,0.021498596644789723,0.0
