,cal0,cal1,cal2
ch01,-3.4008933324581463,0.02613555322816558,0.0
ch02,-3.831885909582588,0.026020953031901536,0.0
ch03,-6.775736174259238,0.027115037319770566,0.0
ch04,-3.5157116222355413,0.027062360178108102,0.0
ch05,-3.522869972352659,0.021933603726396748,0.0
ch06,-3.805841488587317,0.02589333950937624,0.0
ch07,-3.5116145030129524,0.0213049695394775,0.0
