,cal0,cal1,cal2
ch01,-3.382834565769242,0.026140133382224543,0.0
ch02,-3.8021196486088713,0.026008374798715424,0.0
ch03,-6.7699637120350316,0.027115393054434576,0.0
ch04,-3.516078288938101,0.02706260391655173,0.0
ch05,-3.5208485263962803,0.021932466783313082,0.0
ch06,-3.804545655131097,0.025893569308287553,0.0
ch07,-3.504120136097012,0.02130357570132738,0.0
