,cal0,cal1,cal2
ch01,-3.7510972757958507,0.026058887232768013,0.0
ch02,-4.503441713763679,0.026319891000858932,0.0
ch03,-6.875464018567357,0.026798105324935956,0.0
ch04,-3.587982550383194,0.02692764741906515,0.0
ch05,-3.8083322932108845,0.022050431881709427,0.0
ch06,-3.8991053766290333,0.025975226430494738,0.0
ch07,-3.6834881470757743,0.021398873298583327,0.0
