,cal0,cal1,cal2
ch01,-3.6502277887441092,0.026088314534554364,0.0
ch02,-4.325021323818474,0.026183853509458902,0.0
ch03,-6.825498582501892,0.027103163342051838,0.0
ch04,-3.51263179962508,0.027010886204779743,0.0
ch05,-3.5378178247197702,0.021969942940764375,0.0
ch06,-3.816587713802684,0.025898275374302292,0.0
ch07,-3.6135129564271424,0.021322753372479356,0.0
