,cal0,cal1,cal2
ch01,-3.299734352217259,0.026053428175798247,0.0
ch02,-3.945352799639022,0.026030820760775397,0.0
ch03,-6.587732654532292,0.02673110430672873,0.0
ch04,-3.75871708162691,0.027559442194710387,0.0
ch05,-3.8101751175568883,0.022028274436661707,0.0
ch06,-3.9161145155379757,0.02594914091442719,0.0
ch07,-3.55202756184442,0.021585512845347345,0.0
