,cal0,cal1,cal2
ch01,-3.7357438831872316,0.026069711364381135,0.0
ch02,-4.468673463130878,0.02627827365057562,0.0
ch03,-6.8405873918230675,0.027089085559743844,0.0
ch04,-3.511767052079665,0.026947377041678443,0.0
ch05,-3.541307481958336,0.022020523165817346,0.0
ch06,-3.821713767316422,0.02594704315852321,0.0
ch07,-3.664360917496509,0.021370676473125284,0.0
