,cal0,cal1,cal2
ch01,-3.491653448759842,0.02611559593089926,0.0
ch02,-4.009564496328888,0.026079036465254696,0.0
ch03,-6.798473336022802,0.027112187325847425,0.0
ch04,-3.5142917444206927,0.027057810227780723,0.0
ch05,-3.5302771967008963,0.02194106520316884,0.0
ch06,-3.8106763983097336,0.02589255700880093,0.0
ch07,-3.5474353746812923,0.02131050796431131,0.0
