,cal0,cal1,cal2
ch01,-3.6008602422537894,0.026052416416433532,0.0
ch02,-4.352285806200316,0.026196555964109275,0.0
ch03,-6.871267170513991,0.02709123403698937,0.0
ch04,-3.509740899462182,0.027061510489046734,0.0
ch05,-3.5460462960559878,0.02198588504946422,0.0
ch06,-3.8199925985274925,0.025898240574154283,0.0
ch07,-3.6332200343474774,0.02133489495940765,0.0
