,cal0,cal1,cal2
ch01,-3.4206369178311395,0.026130800526497893,0.0
ch02,-3.8671753792547636,0.026034199838476973,0.0
ch03,-6.781481278622379,0.027114554673278755,0.0
ch04,-3.515349493421876,0.027061936279803033,0.0
ch05,-3.5248261452138716,0.021934958311611515,0.0
ch06,-3.8070978482622264,0.025893122712245524,0.0
ch07,-3.519610498039657,0.02130636130440651,0.0
