,cal0,cal1,cal2
ch01,-3.465721397591531,0.02605050096596086,0.0
ch02,-4.176041879830112,0.02612674029756189,0.0
ch03,-6.882108169371099,0.027087744305983298,0.0
ch04,-3.5089925027117,0.027235367209300258,0.0
ch05,-3.5464990820962363,0.021982055377260005,0.0
ch06,-3.8189476803184,0.025896494563273087,0.0
ch07,-3.5968363796516325,0.02135032470621908,0.0
