,cal0,cal1,cal2
ch01,-3.322690154405189,0.02605211384460857,0.0
ch02,-3.9793076161228846,0.02604326152338523,0.0
ch03,-6.894155141001591,0.027060404305471335,0.0
ch04,-3.5505908372511255,0.027533869634105493,0.0
ch05,-3.5455390691330457,0.022022808469343964,0.0
ch06,-3.8228757737905514,0.025943415619594033,0.0
ch07,-3.5577496969693128,0.021559942118884547,0.0
