,cal0,cal1,cal2
ch01,-3.7400988825364347,0.026056148186959754,0.0
ch02,-4.498697792492911,0.026310145251821914,0.0
ch03,-6.854587780727778,0.02707553737797883,0.0
ch04,-3.5239068038673964,0.026937154403227234,0.0
ch05,-3.543945922820286,0.022042816676938328,0.0
ch06,-3.8258319413713906,0.025967036898806292,0.0
ch07,-3.681574327426485,0.021392565023461502,0.0
