,cal0,cal1,cal2
ch01,-3.5822718454277176,0.026099397977437728,0.0
ch02,-4.196875284709515,0.026135425468562068,0.0
ch03,-6.81493109548032,0.02710787189432552,0.0
ch04,-3.513279647179199,0.02704007036074562,0.0
ch05,-3.535048277170068,0.02195345044513087,0.0
ch06,-3.81413442177309,0.025892657479946284,0.0
ch07,-3.5833771917226254,0.021315021636416426,0.0
