,cal0,cal1,cal2
ch01,-3.010732041502898,0.027102554886472445,0.0
ch02,-3.353525695590811,0.025528690265345304,0.0
ch03,-6.809177745212927,0.02687934338867591,0.0
ch04,-3.5729915326679618,0.026465464525971174,0.0
ch05,-3.199812375609272,0.022180125866407163,0.0
ch06,-3.6140865318819007,0.025768620351645576,0.0
ch07,-3.168773064243975,0.021307633495766275,0.0
