,cal0,cal1,cal2
ch01,-2.974318479692204,0.027152948654305325,0.0
ch02,-3.417075905394284,0.025498677985527764,0.0
ch03,-6.123314523710368,0.026357635905467646,0.0
ch04,-3.1800185743099303,0.026547576116765698,0.0
ch05,-3.193367209361045,0.022269066643946615,0.0
ch06,-3.7096006315405132,0.025710208271076975,0.0
ch07,-3.2192953487203457,0.021421385428457677,0.0
