,cal0,cal1,cal2
ch01,-3.276297169891738,0.026746197496009712,0.0
ch02,-3.707081697265946,0.025803811685091438,0.0
ch03,-6.834554634813753,0.026890344961169772,0.0
ch04,-3.575385170112554,0.027056188084188096,0.0
ch05,-3.2322419003556275,0.021938935133765297,0.0
ch06,-3.602193514732979,0.02586447589111714,0.0
ch07,-3.1728783819101047,0.021130033200746846,0.0
