,cal0,cal1,cal2
ch01,-3.3007817126961663,0.026686762587345186,0.0
ch02,-3.772815239882357,0.025819988862660077,0.0
ch03,-6.837803696485213,0.0268897407021991,0.0
ch04,-3.5757616975931548,0.027060547128421635,0.0
ch05,-3.237704961414242,0.021932517664345837,0.0
ch06,-3.6018900059781056,0.025862387361007964,0.0
ch07,-3.1763376368142895,0.02113048087000843,0.0
