,cal0,cal1,cal2
ch01,-3.2613887163263384,0.02677686774946728,0.0
ch02,-3.6673430521965926,0.025793572210525657,0.0
ch03,-6.832772698963146,0.02689061666085699,0.0
ch04,-3.575198449519141,0.027051377932146344,0.0
ch05,-3.229455628724644,0.02194320858744713,0.0
ch06,-3.6024380806740255,0.025865509977197602,0.0
ch07,-3.1712458574873943,0.021129810652693773,0.0
