,cal0,cal1,cal2
ch01,-2.964375738615529,0.02709421962287341,0.0
ch02,-3.5254324006482363,0.02562452979794974,0.0
ch03,-6.796790091528179,0.026912095778900358,0.0
ch04,-3.5723080989766722,0.02701663357871881,0.0
ch05,-3.1871757387615274,0.02221655916745472,0.0
ch06,-3.622775651230533,0.025729062267972752,0.0
ch07,-3.3327232363820483,0.02144435097724905,0.0
