,cal0,cal1,cal2
ch01,-2.9754617790274773,0.027005355338270733,0.0
ch02,-3.6499902205537342,0.025794585004860975,0.0
ch03,-6.789965328069059,0.02697862801249994,0.0
ch04,-3.6938609757850616,0.027570262976106638,0.0
ch05,-3.180719028763675,0.022147109827537922,0.0
ch06,-3.635261023374482,0.02575116895379596,0.0
ch07,-3.456635666079999,0.021493261869488068,0.0
