,cal0,cal1,cal2
ch01,-3.3448765736153585,0.026530291926802136,0.0
ch02,-3.8835075566363018,0.025846049246585654,0.0
ch03,-6.845021404382134,0.026887992408371062,0.0
ch04,-3.5769151359738567,0.027062569561908122,0.0
ch05,-3.2531446904535075,0.021922246433392408,0.0
ch06,-3.60198913200934,0.025856021747710234,0.0
ch07,-3.188151182461694,0.021131777393059936,0.0
