,cal0,cal1,cal2
ch01,-3.0367774865900414,0.027058676191199938,0.0
ch02,-3.3435063378452945,0.025571303986325802,0.0
ch03,-6.812010954230413,0.026885024970497735,0.0
ch04,-3.573570531404913,0.02653539331981012,0.0
ch05,-3.2029086452096487,0.02212119005986747,0.0
ch06,-3.611086307198024,0.0258100341337543,0.0
ch07,-3.161466958040438,0.0212352634940932,0.0
