,cal0,cal1,cal2
ch01,-2.995726606118613,0.026933994706023454,0.0
ch02,-3.7574008320550627,0.02586158079068882,0.0
ch03,-6.782723631940581,0.026987914572615193,0.0
ch04,-3.693704653543643,0.0278198009644394,0.0
ch05,-3.174179839392453,0.02208719652628717,0.0
ch06,-3.6315558971907174,0.02578031446081312,0.0
ch07,-3.505514052987611,0.021447261550698246,0.0
