,cal0,cal1,cal2
ch01,-3.095697748557969,0.026987212861898688,0.0
ch02,-3.3666503429691503,0.025650277857357327,0.0
ch03,-6.817360942944822,0.026889529033046422,0.0
ch04,-3.573923237450001,0.026748756528718186,0.0
ch05,-3.2090195078668295,0.02203572510132958,0.0
ch06,-3.6073630699959285,0.025859569753640975,0.0
ch07,-3.1601165868715504,0.0211493588274455,0.0
