,cal0,cal1,cal2
ch01,-3.3270988536081365,0.026604039766403704,0.0
ch02,-3.8404164855000436,0.025836250657629962,0.0
ch03,-6.841888424762955,0.026888813359790445,0.0
ch04,-3.576333976400521,0.027062252388274918,0.0
ch05,-3.2456106966908287,0.02192623124543745,0.0
ch06,-3.601788115422146,0.02585921695809018,0.0
ch07,-3.182032421874265,0.02113114518787641,0.0
