,cal0,cal1,cal2
ch01,-3.3337873510408396,0.026578426213220104,0.0
ch02,-3.8567565597055657,0.025840097765432883,0.0
ch03,-6.843038859991061,0.026888522604363283,0.0
ch04,-3.576526706115982,0.027062418563879576,0.0
ch05,-3.248164759251586,0.021924708711458477,0.0
ch06,-3.6018266425187018,0.02585815353168173,0.0
ch07,-3.1840393512008123,0.021131360872146194,0.0
