,cal0,cal1,cal2
ch01,-3.319473215309657,0.026630660305361025,0.0
ch02,-3.8213735217793423,0.025831696455661468,0.0
ch03,-6.840632263097165,0.02688911649320789,0.0
ch04,-3.5761422304672643,0.027061961194722896,0.0
ch05,-3.2430153397392925,0.021928001247990728,0.0
ch06,-3.601782804343208,0.025860277633693137,0.0
ch07,-3.180073431741212,0.021130925958272293,0.0
