,cal0,cal1,cal2
ch01,-3.1798091011819114,0.026900453376621534,0.0
ch02,-3.4801669520675906,0.025731687598806535,0.0
ch03,-6.82459613490056,0.026891096255264597,0.0
ch04,-3.574462514259867,0.026971444284112276,0.0
ch05,-3.217968247676768,0.02197460084726722,0.0
ch06,-3.604321839936949,0.025869300300007746,0.0
ch07,-3.1648992099229276,0.021129343622377318,0.0
