,cal0,cal1,cal2
ch01,-3.125326896124184,0.02695833702969731,0.0
ch02,-3.3965627588339484,0.025682004520046403,0.0
ch03,-6.8198778787946415,0.026890422430186505,0.0
ch04,-3.5741016847916334,0.026844259659776895,0.0
ch05,-3.2120323241930047,0.022008858257093162,0.0
ch06,-3.606112783163263,0.02586723410781478,0.0
ch07,-3.161548881058712,0.021135404414187754,0.0
