,cal0,cal1,cal2
ch01,-2.7200035356497994,0.025533035687212862,0.0
ch02,-3.365350680923616,0.02513750683532192,0.0
ch03,-6.473918416657967,0.026827681484293216,0.0
ch04,-3.867931683822354,0.027121338674036894,0.0
ch05,-2.9082200388193273,0.021896254512634366,0.0
ch06,-3.359240200636046,0.02538026414637951,0.0
ch07,-3.113630662841763,0.020784146542748475,0.0
