,cal0,cal1,cal2
ch01,-2.9462263451075117,0.02560733176829994,0.0
ch02,-3.618853631377102,0.02522859851675002,0.0
ch03,-6.477234908574569,0.026737943615014435,0.0
ch04,-3.8736195243721796,0.027204917156027977,0.0
ch05,-2.889198785858673,0.021872445472705226,0.0
ch06,-3.4031446627555884,0.02536133548205555,0.0
ch07,-3.412183232345515,0.020820515232375075,0.0
