,cal0,cal1,cal2
ch01,-2.8619371034268104,0.02554244413485388,0.0
ch02,-3.5618401592773696,0.02522211307411733,0.0
ch03,-6.47283794268855,0.026801763113839007,0.0
ch04,-3.8690868427169693,0.027272068425680633,0.0
ch05,-2.902941029902799,0.021871224528881048,0.0
ch06,-3.3823608397012626,0.025336827672422253,0.0
ch07,-3.352024634778146,0.02079484142985004,0.0
