,cal0,cal1,cal2
ch01,-3.025034600786782,0.025576311451373252,0.0
ch02,-3.7376004580383078,0.02535095768326059,0.0
ch03,-6.4741729386943545,0.026750404689734903,0.0
ch04,-3.872369240892855,0.027522043234431724,0.0
ch05,-2.8931007892594134,0.021823550515747327,0.0
ch06,-3.4286098981425743,0.025038149189466827,0.0
ch07,-3.659961446845604,0.020833064911586017,0.0
