,cal0,cal1,cal2
ch01,-2.9070684901848614,0.025546119611040804,0.0
ch02,-3.6182407225418105,0.025257640567739645,0.0
ch03,-6.4727002471738695,0.026793128640766332,0.0
ch04,-3.8694805292523684,0.027352987316138565,0.0
ch05,-2.9013153572990116,0.021859107291483947,0.0
ch06,-3.3918614151114705,0.02527637767729231,0.0
ch07,-3.440470674567723,0.020801452850464173,0.0
