,cal0,cal1,cal2
ch01,-2.9017706334168336,0.025622759351437156,0.0
ch02,-3.5378922741505914,0.025192889179536444,0.0
ch03,-6.479333052848289,0.02673084627654858,0.0
ch04,-3.874485378787049,0.02712068206152603,0.0
ch05,-2.887745278939667,0.02188184737784989,0.0
ch06,-3.3992262635577775,0.025373253556015562,0.0
ch07,-3.3147050682756185,0.020824472866432225,0.0
