,cal0,cal1,cal2
ch01,-2.4947296937300085,0.02550614573215186,0.0
ch02,-3.072837097683997,0.025001484324630827,0.0
ch03,-6.479034827626268,0.026895356215133174,0.0
ch04,-3.82628714320335,0.02706485126851783,0.0
ch05,-2.920380726020531,0.0219622058644701,0.0
ch06,-3.2961351498617675,0.025691927917306137,0.0
ch07,-2.7385616808897386,0.02067726209391156,0.0
