,cal0,cal1,cal2
ch01,-2.5884939492738708,0.025524894314544532,0.0
ch02,-3.182660591636773,0.025067123873955,0.0
ch03,-6.475992797245651,0.02685587146227375,0.0
ch04,-3.8668187482580563,0.02707509818497885,0.0
ch05,-2.9140552454262467,0.02192223836722801,0.0
ch06,-3.336771701659858,0.02544913342335697,0.0
ch07,-2.907720758878294,0.02075721439988781,0.0
