,cal0,cal1,cal2
ch01,-2.767222409578217,0.02553572293660831,0.0
ch02,-3.4328050785511723,0.02516294245838382,0.0
ch03,-6.473447108413509,0.026818928679096098,0.0
ch04,-3.8683122649093424,0.027156024583163622,0.0
ch05,-2.9063955050995833,0.021888886164419995,0.0
ch06,-3.366470047538829,0.025375157090312985,0.0
ch07,-3.1885352667813436,0.02078729644989548,0.0
