,cal0,cal1,cal2
ch01,-2.5398788050152534,0.02613250347885805,0.0
ch02,-2.5018949576040406,0.02487792755270367,0.0
ch03,-5.686097793717934,0.02606665408133765,0.0
ch04,-3.3717941821148076,0.02674516280477032,0.0
ch05,-2.502092631413242,0.021999157912385603,0.0
ch06,-3.615377671743621,0.025975165451540286,0.0
ch07,-2.634830586367296,0.020179166377477267,0.0
