,cal0,cal1,cal2
ch01,-2.47186619136115,0.026353834829968587,0.0
ch02,-2.505415132642306,0.024984830394941045,0.0
ch03,-5.6785701267061715,0.026013091759520893,0.0
ch04,-3.411572329691702,0.027026989896430893,0.0
ch05,-2.518732415529012,0.02193216575943064,0.0
ch06,-3.614853795414703,0.026013295402698408,0.0
ch07,-2.7673213082676513,0.02091264756303559,0.0
