,cal0,cal1,cal2
ch01,-2.5067222368502984,0.026240274266022642,0.0
ch02,-2.5397459294901656,0.024943282129722976,0.0
ch03,-5.733528856427741,0.026130677166600846,0.0
ch04,-3.3984017553479955,0.027059663295989914,0.0
ch05,-2.4976632667800724,0.021920699615265722,0.0
ch06,-3.6085430021157356,0.026060640881261563,0.0
ch07,-2.8143198398862697,0.020909486224828258,0.0
