,cal0,cal1,cal2
ch01,-2.4420807916870615,0.026435464019861035,0.0
ch02,-2.511491498007608,0.025025823231556162,0.0
ch03,-5.679314306116808,0.025996862290838255,0.0
ch04,-3.414994322201629,0.02705813000979605,0.0
ch05,-2.532164710131645,0.021924825113413572,0.0
ch06,-3.616029657110297,0.02600389332703669,0.0
ch07,-2.82150476761828,0.020918197516980905,0.0
