,cal0,cal1,cal2
ch01,-2.481565109693942,0.026329894103787183,0.0
ch02,-2.5041907990152996,0.024972827711971082,0.0
ch03,-5.678963256123522,0.026018160731043235,0.0
ch04,-3.4107603041746493,0.027005830110698577,0.0
ch05,-2.515805227057067,0.0219357652536683,0.0
ch06,-3.6146324580136246,0.02601533016744138,0.0
ch07,-2.7507753433397695,0.020907510868110508,0.0
