,cal0,cal1,cal2
ch01,-2.49197243888063,0.026304937203893278,0.0
ch02,-2.503138673646417,0.024959755314052354,0.0
ch03,-5.679585737914477,0.0260236983962315,0.0
ch04,-3.4099660517756574,0.026975410646509428,0.0
ch05,-2.5130567774556187,0.02194070793394818,0.0
ch06,-3.614452568656001,0.026016530502804357,0.0
ch07,-2.7326671153818856,0.020891746042264653,0.0
