,cal0,cal1,cal2
ch01,-2.5456373188709893,0.026111580076743645,0.0
ch02,-2.503916698228558,0.024870415695886793,0.0
ch03,-5.690268281598225,0.026077679014298874,0.0
ch04,-3.37039196204527,0.026745137103168535,0.0
ch05,-2.4990481864018954,0.021998884826771266,0.0
ch06,-3.6147623963715234,0.025979771750876263,0.0
ch07,-2.6336830798606634,0.020178264541942215,0.0
