,cal0,cal1,cal2
ch01,-2.52397128615657,0.026211009575759895,0.0
ch02,-2.5014247882694804,0.024912000271058485,0.0
ch03,-5.682817606077078,0.026044237849736054,0.0
ch04,-3.407691536797231,0.026830962386157002,0.0
ch05,-2.50591239297137,0.02196969302217363,0.0
ch06,-3.6143348997969227,0.02600080570378509,0.0
ch07,-2.670129304892835,0.02058819057765176,0.0
