,cal0,cal1,cal2
ch01,-2.510537329833432,0.026217505514039202,0.0
ch02,-2.528658261029961,0.024933940538725448,0.0
ch03,-5.7198352589716865,0.02611149414083134,0.0
ch04,-3.3997747076701637,0.02704917547228478,0.0
ch05,-2.4952617727875284,0.02192496596345287,0.0
ch06,-3.6093127759990282,0.026054377448912217,0.0
ch07,-2.783016698565833,0.0209079066154293,0.0
