,cal0,cal1,cal2
ch01,-2.507585982728561,0.026252811851005746,0.0
ch02,-2.5475299673254845,0.02494899789493517,0.0
ch03,-5.7436935663712605,0.026144315572460976,0.0
ch04,-3.3975803907701665,0.027061384679336775,0.0
ch05,-2.50027912232706,0.021919012178094596,0.0
ch06,-3.608149866393052,0.026064684156414466,0.0
ch07,-2.831708593342947,0.02091092416719376,0.0
