,cal0,cal1,cal2
ch01,-2.4481300350377535,0.0264177995472327,0.0
ch02,-2.5098298692568344,0.025016354950840022,0.0
ch03,-5.678778501835613,0.026000347404423734,0.0
ch04,-3.4141131560691913,0.027054972337419256,0.0
ch05,-2.528554845183337,0.021925995475123757,0.0
ch06,-3.615700228000131,0.026006268029593656,0.0
ch07,-2.809394748598538,0.02091700773405643,0.0
