,cal0,cal1,cal2
ch01,-2.5136848539967485,0.02624761496469028,0.0
ch02,-2.501712432813171,0.024929441908598787,0.0
ch03,-5.681514069957431,0.02603653462363244,0.0
ch04,-3.408431533563071,0.026884985000876733,0.0
ch05,-2.5081076665945403,0.021957032708709138,0.0
ch06,-3.614273851379619,0.026010818215103884,0.0
ch07,-2.691796671865025,0.02075344066389588,0.0
