,cal0,cal1,cal2
ch01,-2.531414439145366,0.026177063959427146,0.0
ch02,-2.512446576330961,0.024908049783267657,0.0
ch03,-5.701247429488001,0.02608453433453436,0.0
ch04,-3.402441756703473,0.026934131910438985,0.0
ch05,-2.4953405583772175,0.021946277236534452,0.0
ch06,-3.6112584301163206,0.026038599280476273,0.0
ch07,-2.7068198906750065,0.02084390564833833,0.0
