,cal0,cal1,cal2
ch01,-2.4630243623475327,0.026376689994409255,0.0
ch02,-2.5067785567875895,0.024995977488622687,0.0
ch03,-5.678407522707663,0.026008448788797146,0.0
ch04,-3.4124019458087664,0.0270408994178468,0.0
ch05,-2.521835258667998,0.021929506927018987,0.0
ch06,-3.61510884396172,0.02601100060698315,0.0
ch07,-2.782477304853887,0.02091460593891095,0.0
