,cal0,cal1,cal2
ch01,-2.536628708433061,0.026165621661115412,0.0
ch02,-2.5098205230532376,0.02489949362268098,0.0
ch03,-5.698175352529493,0.026080448598083804,0.0
ch04,-3.4030321041269285,0.026884554261107727,0.0
ch05,-2.49596631374777,0.02195600689138819,0.0
ch06,-3.611816948586891,0.026029172318368404,0.0
ch07,-2.686987940598457,0.020749224890176603,0.0
