,cal0,cal1,cal2
ch01,-2.5068452468459688,0.026246845158165562,0.0
ch02,-2.5435958772673435,0.024946141443758795,0.0
ch03,-5.738508754313851,0.02613741996227805,0.0
ch04,-3.397981727064895,0.027060755329860166,0.0
ch05,-2.4988702404511987,0.021919777415340957,0.0
ch06,-3.608335284084457,0.026062676209007127,0.0
ch07,-2.823287736520207,0.020910165149870086,0.0
