,cal0,cal1,cal2
ch01,-2.5925321889892428,0.025430909045432958,0.0
ch02,-2.9519769468417283,0.02472058108528313,0.0
ch03,-6.308292274471266,0.026582897786359715,0.0
ch04,-3.813778230529448,0.027351242311333984,0.0
ch05,-2.9433686547068008,0.021853364026076665,0.0
ch06,-3.2667661687354603,0.025039610703138513,0.0
ch07,-3.121409005337448,0.02170849136487086,0.0
