,cal0,cal1,cal2
ch01,-2.650916991578556,0.025570475532284868,0.0
ch02,-3.0605959292868112,0.02496688721393758,0.0
ch03,-6.343269491853946,0.026584296714021228,0.0
ch04,-3.8246903216749644,0.027131899382850003,0.0
ch05,-2.959629653719588,0.021890260283956714,0.0
ch06,-3.2769212981334546,0.0254617164332442,0.0
ch07,-2.905337456086995,0.020919670255682286,0.0
