,cal0,cal1,cal2
ch01,-2.717390984090846,0.025627588257893266,0.0
ch02,-3.124106382731544,0.024993881735997123,0.0
ch03,-6.353444273336249,0.026589868649818767,0.0
ch04,-3.8262823032790862,0.027071705947511678,0.0
ch05,-2.9651974521607993,0.021888779156109425,0.0
ch06,-3.2910790491191633,0.025467732897923465,0.0
ch07,-2.905655343659802,0.020901395735122702,0.0
