,cal0,cal1,cal2
ch01,-2.530848277665078,0.025401804403746092,0.0
ch02,-2.942734573977101,0.024882702819167973,0.0
ch03,-6.248599823806889,0.026804195560389935,0.0
ch04,-3.7559984765467935,0.02750324596224097,0.0
ch05,-1.1058723690088557,0.021916790338847258,0.0
ch06,-2.876233546538837,0.024477963156841635,0.0
ch07,-2.92166770905434,0.022013273858738917,0.0
