,cal0,cal1,cal2
ch01,-2.543756197846342,0.025428955777500074,0.0
ch02,-2.927431236395811,0.024826435015038895,0.0
ch03,-6.317537697123246,0.026580315256702618,0.0
ch04,-3.8209722146552343,0.027437243241546217,0.0
ch05,-2.947266645788311,0.02189013582028734,0.0
ch06,-3.2531202715489966,0.025041041295883786,0.0
ch07,-2.997775297276209,0.021420257332548903,0.0
