,cal0,cal1,cal2
ch01,-2.703280233450215,0.02561479259230664,0.0
ch02,-3.110712901045835,0.024988218868278775,0.0
ch03,-6.3509439952670155,0.02658814943849331,0.0
ch04,-3.825878702451227,0.027078115645289294,0.0
ch05,-2.9637886675872616,0.021888757466539725,0.0
ch06,-3.2876939294651697,0.02546777068746555,0.0
ch07,-2.9058936627162937,0.02090455048795752,0.0
