,cal0,cal1,cal2
ch01,-2.5680342671346623,0.025484681872415985,0.0
ch02,-2.9851167979270765,0.024925704899410036,0.0
ch03,-6.332824854067279,0.02658491968248416,0.0
ch04,-3.8231582203001135,0.02735479276863929,0.0
ch05,-2.9543355586404085,0.021902884298440655,0.0
ch06,-3.2567042019013783,0.025076524886480232,0.0
ch07,-2.90269403336318,0.021346304524850493,0.0
