,cal0,cal1,cal2
ch01,-2.534511029792884,0.02541428845438365,0.0
ch02,-2.9291268444291285,0.024847528278059028,0.0
ch03,-6.31999961305857,0.02658448965841761,0.0
ch04,-3.8212708189981592,0.027472370227706353,0.0
ch05,-2.948353038388783,0.02190109980890235,0.0
ch06,-3.2453899130812527,0.024801495618168707,0.0
ch07,-2.967069693858006,0.021665873801155977,0.0
