,cal0,cal1,cal2
ch01,-2.607686153697102,0.02545523335911062,0.0
ch02,-2.99305014256632,0.024744491759660998,0.0
ch03,-6.302208071262804,0.026574968158594822,0.0
ch04,-3.8185614156860996,0.027272570161260536,0.0
ch05,-2.940977041655148,0.021852414787994143,0.0
ch06,-3.27573288372706,0.025159360343266768,0.0
ch07,-3.1255083739300775,0.021498837575250413,0.0
