,cal0,cal1,cal2
ch01,-2.7665237225082535,0.025675457312495546,0.0
ch02,-3.1651219440417044,0.025013508297513264,0.0
ch03,-6.365342111535898,0.026600682171164593,0.0
ch04,-3.828355966225072,0.027063376594920526,0.0
ch05,-2.9723026337326006,0.021890291044985338,0.0
ch06,-3.307965813035055,0.025467640049311548,0.0
ch07,-2.902700031178518,0.020884088486670227,0.0
