,cal0,cal1,cal2
ch01,-2.687492746336331,0.025600944350553614,0.0
ch02,-3.095522392330534,0.024981869439435,0.0
ch03,-6.348411735603669,0.02658662397854008,0.0
ch04,-3.8254788351640108,0.027088736323851576,0.0
ch05,-2.9623894582732957,0.02188893092351663,0.0
ch06,-3.2842417713679417,0.025467650168262995,0.0
ch07,-2.905943198974742,0.02090775564919329,0.0
