,cal0,cal1,cal2
ch01,-2.5880016499401033,0.025512998864033787,0.0
ch02,-3.0032201367196856,0.024937629873797874,0.0
ch03,-6.335441131855458,0.026583683301443582,0.0
ch04,-3.823535635576218,0.02728462588257753,0.0
ch05,-2.9556244677014196,0.021897734829882422,0.0
ch06,-3.263175637126314,0.025277796255191463,0.0
ch07,-2.902915521412617,0.021124526897545886,0.0
