,cal0,cal1,cal2
ch01,-2.670008397646674,0.025586141355277925,0.0
ch02,-3.0787141831851437,0.024974779293761892,0.0
ch03,-6.345851941028324,0.026585324791980492,0.0
ch04,-3.825082707001387,0.027105763145312115,0.0
ch05,-2.961002286097508,0.02188938786871234,0.0
ch06,-3.2806739562866674,0.025466622201560332,0.0
ch07,-2.9057678324715344,0.020911767563405344,0.0
