,cal0,cal1,cal2
ch01,-2.7299087393736823,0.025639280880130375,0.0
ch02,-3.135643413146922,0.02499890712008446,0.0
ch03,-6.355908570706237,0.02659175722169718,0.0
ch04,-3.8266896302367326,0.027067930406530855,0.0
ch05,-2.9666133985342626,0.02188893667366076,0.0
ch06,-3.2944324138058576,0.025467684737152007,0.0
ch07,-2.9052628201574815,0.02089814916259582,0.0
