,cal0,cal1,cal2
ch01,-2.6826993805339168,0.026720116015606546,0.0
ch02,-2.9454230602303264,0.025210063097114502,0.0
ch03,-6.234694661623441,0.026430399711186225,0.0
ch04,-3.622664419127731,0.027062399356721514,0.0
ch05,-3.110739823938378,0.02192756333549978,0.0
ch06,-3.60260481706088,0.02575480819571993,0.0
ch07,-3.2703293355927507,0.02104401368499731,0.0
