,cal0,cal1,cal2
ch01,-2.5711237339542943,0.02678831859173279,0.0
ch02,-2.9213313682590716,0.025137754744615794,0.0
ch03,-6.158293358766567,0.026296374698254698,0.0
ch04,-3.600410531446486,0.027062151123869956,0.0
ch05,-3.0525745868037744,0.02192965318728396,0.0
ch06,-3.6146742099899014,0.02575883503792799,0.0
ch07,-3.266646150199831,0.021006584566906593,0.0
