,cal0,cal1,cal2
ch01,-2.5986286907678062,0.026631135742698476,0.0
ch02,-2.9174681658885686,0.025160247029660156,0.0
ch03,-6.119594551290468,0.02624329854148166,0.0
ch04,-3.5862373917078076,0.027062368604076983,0.0
ch05,-3.01698335733373,0.021926782831901786,0.0
ch06,-3.616988047189051,0.02576686640066386,0.0
ch07,-3.2426156283280245,0.020988795732486708,0.0
