,cal0,cal1,cal2
ch01,-2.579590726739613,0.026735828668159663,0.0
ch02,-2.9207506115389745,0.025143468120061286,0.0
ch03,-6.14171360988419,0.026272415383005312,0.0
ch04,-3.594793788840296,0.027062277158445263,0.0
ch05,-3.038233725094524,0.02192852110561178,0.0
ch06,-3.6159962347775556,0.025761539397733763,0.0
ch07,-3.258619725877008,0.02099913602450334,0.0
