,cal0,cal1,cal2
ch01,-2.576766107617748,0.026750898428550555,0.0
ch02,-2.920970912863423,0.025141451318235482,0.0
ch03,-6.145742144305681,0.02627806755809993,0.0
ch04,-3.596206433165667,0.027062248984250917,0.0
ch05,-3.04181549593663,0.021928822220345343,0.0
ch06,-3.615720423083723,0.025760799431723633,0.0
ch07,-3.2608821613537096,0.02100095368944378,0.0
