,cal0,cal1,cal2
ch01,-2.66104320604951,0.0267454106211102,0.0
ch02,-2.9413630771704407,0.025195444566882646,0.0
ch03,-6.225846618978771,0.026412988821720756,0.0
ch04,-3.6202284107377904,0.02706234789470742,0.0
ch05,-3.1043731234005483,0.021928311814625238,0.0
ch06,-3.6044279481491115,0.02575467815793152,0.0
ch07,-3.2715915777822833,0.021039124054988034,0.0
