,cal0,cal1,cal2
ch01,-2.6933910568385095,0.026707120546103358,0.0
ch02,-2.94729283294679,0.025217476249177223,0.0
ch03,-6.239046228641595,0.02643914411500621,0.0
ch04,-3.6238602030625855,0.02706241943146333,0.0
ch05,-3.1138548665142385,0.02192718718913179,0.0
ch06,-3.6016761813920866,0.025754929944119126,0.0
ch07,-3.2696090326966503,0.021046502181048858,0.0
