,cal0,cal1,cal2
ch01,-2.578022685292912,0.026816182065709494,0.0
ch02,-2.9233523709583484,0.025142438141758976,0.0
ch03,-6.180373437786623,0.02633118684126346,0.0
ch04,-3.6072728357980623,0.027062052699859136,0.0
ch05,-3.0703875074358047,0.021930405307335265,0.0
ch06,-3.6121446027416635,0.025756411519737867,0.0
ch07,-3.2723105522850875,0.021016600653101444,0.0
