,cal0,cal1,cal2
ch01,-2.5746044641397785,0.026814465053158584,0.0
ch02,-2.922600043735844,0.025140239960692094,0.0
ch03,-6.175872461090659,0.026323820034867818,0.0
ch04,-3.6059172558699575,0.02706205668229666,0.0
ch05,-3.066849535455653,0.0219303469656211,0.0
ch06,-3.612730807383171,0.025756811566833453,0.0
ch07,-3.271579558045972,0.021014531929882643,0.0
