,cal0,cal1,cal2
ch01,-2.3953706433971385,0.026580759172124352,0.0
ch02,-2.5205560730143666,0.024777433747898484,0.0
ch03,-5.762731499064564,0.026317225715743565,0.0
ch04,-3.3281988883601508,0.026838503205021774,0.0
ch05,-2.4556082745567656,0.021886636348365393,0.0
ch06,-3.611067961621209,0.026196998646626477,0.0
ch07,-2.8642295807054126,0.020986466467679557,0.0
