,cal0,cal1,cal2
ch01,-2.2256399115032366,0.026822039859536153,0.0
ch02,-2.4232251017444093,0.024528530074228713,0.0
ch03,-5.325358490168585,0.02626570329142197,0.0
ch04,-2.988343447825691,0.02502967412464077,0.0
ch05,-0.6596063536635093,0.021740892707711006,0.0
ch06,-3.3087010658433784,0.02624973366650467,0.0
ch07,-2.6707877029987044,0.02030734951201462,0.0
