,cal0,cal1,cal2
ch01,-2.343411527860876,0.026629258812227753,0.0
ch02,-2.4875571098431632,0.024723213076471476,0.0
ch03,-5.748046255115279,0.026303161474341342,0.0
ch04,-3.3284459512415525,0.02652083016891784,0.0
ch05,-2.448932797021783,0.021869336879782195,0.0
ch06,-3.6046453845001967,0.02619610085480847,0.0
ch07,-2.8161227988847006,0.020964385479878327,0.0
