,cal0,cal1,cal2
ch01,-2.4427596066220367,0.02653386465620357,0.0
ch02,-2.5527969740982126,0.024823775671212845,0.0
ch03,-5.778671116578202,0.026332015362458095,0.0
ch04,-3.3280083556070243,0.02698023895900449,0.0
ch05,-2.4631877973320586,0.021896280137839327,0.0
ch06,-3.616554355819902,0.026199318376391625,0.0
ch07,-2.9047173699417823,0.020993222004799292,0.0
