,cal0,cal1,cal2
ch01,-2.2670764565964974,0.026723642623623853,0.0
ch02,-2.4451775618626277,0.02461722653637099,0.0
ch03,-5.728479961994701,0.02628353290923566,0.0
ch04,-3.328925965160064,0.025644640256333284,0.0
ch05,-2.440663148582506,0.021812018920809206,0.0
ch06,-3.5910711975748772,0.026216332859157566,0.0
ch07,-2.72991536374584,0.020707893439535385,0.0
