,cal0,cal1,cal2
ch01,-2.247179444123073,0.026766822472606526,0.0
ch02,-2.4350605677447046,0.024576770106442627,0.0
ch03,-5.722634037958364,0.02627739109691168,0.0
ch04,-3.328747857326761,0.025343545706642313,0.0
ch05,-2.4383805502091125,0.021782203079665177,0.0
ch06,-3.583765357466857,0.026231727414499292,0.0
ch07,-2.7020402322864263,0.020531025178771214,0.0
