,cal0,cal1,cal2
ch01,-2.464460853284325,0.026511567727257806,0.0
ch02,-2.5677953596998124,0.02484505794672663,0.0
ch03,-5.787092457974842,0.026339658148112174,0.0
ch04,-3.327933752832321,0.02701398322782937,0.0
ch05,-2.4673083890028873,0.021899491213964138,0.0
ch06,-3.6190622994286383,0.026200470565095637,0.0
ch07,-2.9226640578385865,0.020996179179598826,0.0
