,cal0,cal1,cal2
ch01,-2.484893142768302,0.02649035324872195,0.0
ch02,-2.581801069950755,0.0248654462405733,0.0
ch03,-5.795803550194018,0.026347450701180976,0.0
ch04,-3.327872627172114,0.027034174902153842,0.0
ch05,-2.4716446832564567,0.021902003664459862,0.0
ch06,-3.6214489850686977,0.0262015848232015,0.0
ch07,-2.9393521655867985,0.02099915733288671,0.0
