,cal0,cal1,cal2
ch01,-2.470465010364387,0.026334361944782204,0.0
ch02,-2.9867349818482656,0.02522453691021675,0.0
ch03,-6.130101894534655,0.026821575468827828,0.0
ch04,-3.465124285531301,0.026205984867447785,0.0
ch05,-2.871886597656683,0.021138387132731064,0.0
ch06,-3.5021407877826167,0.025694158303837235,0.0
ch07,-2.908864645735408,0.021720657897294243,0.0
