,cal0,cal1,cal2
ch01,-2.6617040885702505,0.026369183388965746,0.0
ch02,-3.0315895113045594,0.025140303772213372,0.0
ch03,-6.3395002082093885,0.027030537225359183,0.0
ch04,-3.782265436980499,0.02745524746884839,0.0
ch05,-3.242768900638959,0.02207256908297143,0.0
ch06,-3.627699278350599,0.025690197368049138,0.0
ch07,-2.715376696945008,0.02010949489172139,0.0
