,cal0,cal1,cal2
ch01,-2.695839976897054,0.026465594382259528,0.0
ch02,-3.0901208230374033,0.025330557689646014,0.0
ch03,-6.370843177957471,0.02700883599797796,0.0
ch04,-3.7677159108373517,0.027049059474209637,0.0
ch05,-3.259499811851008,0.021874832493598784,0.0
ch06,-3.5670984997400694,0.025749502330297526,0.0
ch07,-3.030927564672915,0.021122300906201118,0.0
