,cal0,cal1,cal2
ch01,-2.5000826055384815,0.026536111482777017,0.0
ch02,-2.970715240682945,0.025345674103315573,0.0
ch03,-6.339192065576082,0.027024089175055898,0.0
ch04,-3.769906517932981,0.027208687396387023,0.0
ch05,-3.2535122016463944,0.02193081975555859,0.0
ch06,-3.6113072555690264,0.025733384070765513,0.0
ch07,-2.919296139360756,0.021371185623071838,0.0
