,cal0,cal1,cal2
ch01,-2.6466866909749776,0.026386035681214032,0.0
ch02,-3.0204190479610085,0.025152860533146422,0.0
ch03,-6.332893890314655,0.027084930658432097,0.0
ch04,-3.8430505376383692,0.02760890836633578,0.0
ch05,-3.7733647283549745,0.02213475922172003,0.0
ch06,-3.5933061476908272,0.02567603372694156,0.0
ch07,-2.701117691868958,0.020025822419844453,0.0
