,cal0,cal1,cal2
ch01,-2.5501443864909996,0.026711335906122013,0.0
ch02,-2.9746492209151567,0.02544127671706108,0.0
ch03,-6.337259033911754,0.027049809833635922,0.0
ch04,-3.801178572359913,0.02810182042283209,0.0
ch05,-3.250797464533275,0.02260860454384752,0.0
ch06,-3.626913717885177,0.025685085924267024,0.0
ch07,-2.897404303864431,0.021577252365648027,0.0
