,cal0,cal1,cal2
ch01,-2.580168039501528,0.026431520446375742,0.0
ch02,-3.0414603872339976,0.025291170925908088,0.0
ch03,-6.355938252572527,0.02701154902275042,0.0
ch04,-3.7692073947328772,0.026800980491203004,0.0
ch05,-3.2590131200041728,0.021727267793385425,0.0
ch06,-3.5826385832532295,0.025753924216417593,0.0
ch07,-2.980813239751961,0.021154596890437416,0.0
