,cal0,cal1,cal2
ch01,-2.5836051848197705,0.02668932195204146,0.0
ch02,-2.984825864827231,0.02540005180565384,0.0
ch03,-6.336915387298185,0.027051872965052067,0.0
ch04,-3.800951130714371,0.028226002164169893,0.0
ch05,-3.2487364946870247,0.022666121360389008,0.0
ch06,-3.630919113449033,0.02567130467984812,0.0
ch07,-2.8356943793803016,0.021367962406521362,0.0
