,cal0,cal1,cal2
ch01,-2.533072873516524,0.026660150223499185,0.0
ch02,-2.971790594563422,0.025418142356462156,0.0
ch03,-6.337718329838568,0.02703735147272073,0.0
ch04,-3.7699878849508726,0.027871953174865148,0.0
ch05,-3.251753611134336,0.022405804487679138,0.0
ch06,-3.6206074828264274,0.02570516778334791,0.0
ch07,-2.9122728758089718,0.02149609610200256,0.0
