,cal0,cal1,cal2
ch01,-2.6157462701206953,0.026517022539293517,0.0
ch02,-3.0004300766754146,0.025262630934006585,0.0
ch03,-6.337355340550903,0.027037022883862196,0.0
ch04,-3.769230775053782,0.027971538095689898,0.0
ch05,-3.2464845108184264,0.022368281738352536,0.0
ch06,-3.6276048872254,0.025674695421102112,0.0
ch07,-2.747532850770418,0.020572680297238754,0.0
