,cal0,cal1,cal2
ch01,-2.6638462911019847,0.02645470923711898,0.0
ch02,-3.0770251371953083,0.025321313575756597,0.0
ch03,-6.365668434486534,0.02701044313756499,0.0
ch04,-3.7683046117511654,0.027022761455794426,0.0
ch05,-3.2595803596511996,0.021850495371175525,0.0
ch06,-3.5724817285938646,0.025751640231615785,0.0
ch07,-3.0178883371362115,0.021128388823577423,0.0
