,cal0,cal1,cal2
ch01,-2.4697350012908914,0.026364440539013594,0.0
ch02,-2.9806001188097913,0.025241876990277804,0.0
ch03,-6.342708270148172,0.02700406649230154,0.0
ch04,-3.713858713667783,0.026336331356895688,0.0
ch05,-3.255752087577792,0.0212524009060998,0.0
ch06,-3.5948203181685683,0.02570092637528961,0.0
ch07,-2.907980835438411,0.02167098129275677,0.0
