,cal0,cal1,cal2
ch01,-2.5161562944323568,0.02659695245262366,0.0
ch02,-2.9704739266254085,0.02538344122703148,0.0
ch03,-6.3383642548486225,0.027029900564280944,0.0
ch04,-3.769858463642253,0.027560629387418063,0.0
ch05,-3.252658843729809,0.022168986048324738,0.0
ch06,-3.6157860886730533,0.0257242102285434,0.0
ch07,-2.9187623853983764,0.02140339090921301,0.0
