,cal0,cal1,cal2
ch01,-2.475324290665089,0.02641731230725033,0.0
ch02,-2.975824879862503,0.025272011665702154,0.0
ch03,-6.34137063600914,0.027012751773713903,0.0
ch04,-3.769590105378151,0.02655832511258655,0.0
ch05,-3.255059673112588,0.02145626911594948,0.0
ch06,-3.601598738059545,0.025715713599700884,0.0
ch07,-2.911344943640929,0.02154898267636543,0.0
