,cal0,cal1,cal2
ch01,-2.599838906587833,0.026610777506397544,0.0
ch02,-2.9920024510946015,0.02533587239377543,0.0
ch03,-6.337036549757699,0.02704168666823008,0.0
ch04,-3.769511270275799,0.028130967985927836,0.0
ch05,-3.247633815588579,0.02252711062508494,0.0
ch06,-3.6285803998655766,0.025674210605347313,0.0
ch07,-2.791798470885462,0.02101198815512064,0.0
