,cal0,cal1,cal2
ch01,-2.485973442208671,0.02647714137027951,0.0
ch02,-2.972509168655239,0.0253079294990893,0.0
ch03,-6.340196265615557,0.027018704426030778,0.0
ch04,-3.7699336533151193,0.026860609417198207,0.0
ch05,-3.254312768691186,0.02169286012676647,0.0
ch06,-3.60672494366731,0.025729379618119066,0.0
ch07,-2.9160561391000117,0.021427467125638124,0.0
