,cal0,cal1,cal2
ch01,-2.649827521676503,0.02572015011556896,0.0
ch02,-3.1157508395704423,0.02488203344342749,0.0
ch03,-6.370513579782253,0.026769866873159284,0.0
ch04,-3.769857703092866,0.027087558990907708,0.0
ch05,-3.124380111603468,0.02189460006789039,0.0
ch06,-3.4667199876735575,0.02559902121979176,0.0
ch07,-2.8783613547058895,0.020739513437506286,0.0
