,cal0,cal1,cal2
ch01,-2.596357816139791,0.02566213962542316,0.0
ch02,-3.02841516137632,0.02480903742742194,0.0
ch03,-6.364342602495871,0.026748749066286076,0.0
ch04,-3.768315631390429,0.027163806736190507,0.0
ch05,-3.125172980405185,0.021877800335347704,0.0
ch06,-3.4551339776567325,0.02559336361827857,0.0
ch07,-2.873037134394901,0.020763110696586498,0.0
