,cal0,cal1,cal2
ch01,-2.4836089412602655,0.025510586867892263,0.0
ch02,-2.8209446754440055,0.024645691875232002,0.0
ch03,-6.349293593395846,0.02667520428930464,0.0
ch04,-3.7639223206400216,0.027307807965030257,0.0
ch05,-3.126191850290952,0.021823163436431713,0.0
ch06,-3.42039839704724,0.025527233654826505,0.0
ch07,-2.8054173910918623,0.02100798402609998,0.0
