,cal0,cal1,cal2
ch01,-2.4837096403553107,0.02551272315114551,0.0
ch02,-2.8054467658229294,0.024675168436685,0.0
ch03,-6.347920413057633,0.026667778081855765,0.0
ch04,-3.763458257153288,0.027222931168813205,0.0
ch05,-3.1261430019184067,0.021834761347476778,0.0
ch06,-3.417679277619504,0.025560925188553966,0.0
ch07,-2.784134255980635,0.020894966197557926,0.0
