,cal0,cal1,cal2
ch01,-2.458851900080587,0.02547310431081544,0.0
ch02,-2.7157539652380036,0.024676269622719998,0.0
ch03,-6.341829639799584,0.02660807935695225,0.0
ch04,-3.761216993903596,0.026590483015175716,0.0
ch05,-3.125322214949334,0.021819820776186268,0.0
ch06,-3.4003975198271243,0.025631765354275114,0.0
ch07,-2.671948649642793,0.020731214762229794,0.0
