,cal0,cal1,cal2
ch01,-2.6649009918686404,0.025738510148768136,0.0
ch02,-3.1409446735530153,0.024899500701139925,0.0
ch03,-6.372702130018231,0.026776338770896083,0.0
ch04,-3.7703791699723115,0.027077512964102633,0.0
ch05,-3.124082297543831,0.021897878057656923,0.0
ch06,-3.4704130828361137,0.025599599274207928,0.0
ch07,-2.880682594292585,0.020736125207063978,0.0
