,cal0,cal1,cal2
ch01,-2.633338643530027,0.025701264910150907,0.0
ch02,-3.0881563056570167,0.024861598720180896,0.0
ch03,-6.368390696772691,0.02676314061013876,0.0
ch04,-3.769339855839348,0.027103623792723273,0.0
ch05,-3.124662568936647,0.02189042474018358,0.0
ch06,-3.4629513709188777,0.025598295664542022,0.0
ch07,-2.876263394635404,0.02074346495145621,0.0
