,cal0,cal1,cal2
ch01,-2.438237909535154,0.0254236503479379,0.0
ch02,-2.6849044362881562,0.024600729597205846,0.0
ch03,-6.33971889763317,0.02656378315553661,0.0
ch04,-3.7603586068100405,0.026159702143610342,0.0
ch05,-3.124712111633065,0.02177314948412642,0.0
ch06,-3.3912693973846584,0.02580153943498622,0.0
ch07,-2.6242486917053043,0.020412812687533508,0.0
