,cal0,cal1,cal2
ch01,-2.4343682787939898,0.025339107808680494,0.0
ch02,-2.6790912458196883,0.024496801966282764,0.0
ch03,-5.609909872207199,0.024864536736177008,0.0
ch04,-3.349256234724451,0.025739650416109594,0.0
ch05,-3.242608680724452,0.021692178428031835,0.0
ch06,-3.2070847502115294,0.026124114991206607,0.0
ch07,-2.5840247015570204,0.01979548892392933,0.0
