,cal0,cal1,cal2
ch01,-2.7304391583793866,0.02583316370660578,0.0
ch02,-3.231673516575883,0.024964957985774236,0.0
ch03,-6.38717366216505,0.026811107599736695,0.0
ch04,-3.773574606979888,0.027063483587537865,0.0
ch05,-3.122095011484047,0.0219082474965685,0.0
ch06,-3.4912908272597827,0.025603050293931093,0.0
ch07,-2.896052394434799,0.02071786695345314,0.0
