,cal0,cal1,cal2
ch01,-2.483125545588315,0.025509447934671577,0.0
ch02,-2.789270424075039,0.02469555619771041,0.0
ch03,-6.3466014231410055,0.026658995819230518,0.0
ch04,-3.7629993624753153,0.027130359435827547,0.0
ch05,-3.126056889792472,0.0218412201466104,0.0
ch06,-3.414652973278559,0.025580130820931322,0.0
ch07,-2.762419909860551,0.020832623474316424,0.0
