,cal0,cal1,cal2
ch01,-2.4482131382694936,0.025454106004595075,0.0
ch02,-2.6986799914309683,0.024644085424966086,0.0
ch03,-6.340752974337337,0.026588747105394724,0.0
ch04,-3.760785038570387,0.026382471515530432,0.0
ch05,-3.1250377388796635,0.02180035492892178,0.0
ch06,-3.3961295151452404,0.025693374246134007,0.0
ch07,-2.6479467601946256,0.020617403514682515,0.0
