,cal0,cal1,cal2
ch01,-2.5763890800286235,0.02564107804803776,0.0
ch02,-2.9979544562837344,0.024775150213358466,0.0
ch03,-6.362417209649297,0.026740943940079084,0.0
ch04,-3.767809544764088,0.02721173026633342,0.0
ch05,-3.1253968367913716,0.021868102490774692,0.0
ch06,-3.4510377906751852,0.02558420371684753,0.0
ch07,-2.872004544888003,0.020795615918743342,0.0
