,cal0,cal1,cal2
ch01,-2.702343447770899,0.02578939609682465,0.0
ch02,-3.19899243214439,0.024938812249333545,0.0
ch03,-6.379656434125279,0.026794492894665914,0.0
ch04,-3.7719636586164746,0.027065757532661754,0.0
ch05,-3.123118391611436,0.02190440867585208,0.0
ch06,-3.4811067062201726,0.025601290554069477,0.0
ch07,-2.888328005368238,0.02072666530283358,0.0
