,cal0,cal1,cal2
ch01,-2.493780010063756,0.025503602060310816,0.0
ch02,-2.8710511719712137,0.024570012691957962,0.0
ch03,-6.070098165720142,0.02652233234819512,0.0
ch04,-3.7613520566291507,0.02745375510561476,0.0
ch05,-3.35129350622244,0.02178564402746276,0.0
ch06,-3.3606389047805183,0.025427156834131867,0.0
ch07,-2.856404403626115,0.021348302374734136,0.0
