,cal0,cal1,cal2
ch01,-3.2272966927978444,0.026567011519933,0.0
ch02,-3.698065087597334,0.02558730508973202,0.0
ch03,-6.7008139738216475,0.02657868935622175,0.0
ch04,-3.7556737977160712,0.027062292399883964,0.0
ch05,-2.959539126658252,0.021916081955382836,0.0
ch06,-3.3113581656375275,0.02542766631552728,0.0
ch07,-2.7879160683751683,0.02035240756387573,0.0
