,cal0,cal1,cal2
ch01,-3.281528845161275,0.02681988755322863,0.0
ch02,-3.842604497902033,0.02563797496973038,0.0
ch03,-6.6815232012539,0.02652418338515373,0.0
ch04,-3.771520019415226,0.027063717524528127,0.0
ch05,-2.9560935375878765,0.02192678803311354,0.0
ch06,-3.2391772926250852,0.025403664526419834,0.0
ch07,-2.7486008905470998,0.020314741824584367,0.0
