,cal0,cal1,cal2
ch01,-3.273170964203437,0.027169501647581938,0.0
ch02,-4.357501820199186,0.025837582388128916,0.0
ch03,-6.660305073817684,0.026543595730935055,0.0
ch04,-3.788822248438801,0.02730830749595137,0.0
ch05,-2.9610215856614834,0.02195373607084836,0.0
ch06,-3.1492287306239763,0.024855255768026448,0.0
ch07,-2.6127094432514633,0.02053315834080399,0.0
