,cal0,cal1,cal2
ch01,-3.2326619017992795,0.026583186848724353,0.0
ch02,-3.7017862115924527,0.025590068701269612,0.0
ch03,-6.69934860280268,0.026572553304500722,0.0
ch04,-3.7570362179315815,0.027062296943580505,0.0
ch05,-2.9589063422962223,0.021916754758929558,0.0
ch06,-3.304688991650767,0.025425323851751693,0.0
ch07,-2.785902239423252,0.020348791652205163,0.0
