,cal0,cal1,cal2
ch01,-3.2643857566313015,0.02670725146654257,0.0
ch02,-3.7472593949223056,0.025613255452680325,0.0
ch03,-6.689218445980225,0.026540231973762346,0.0
ch04,-3.7655522885327564,0.027062463987263315,0.0
ch05,-2.9564216489501596,0.021921954599119175,0.0
ch06,-3.2650727277451,0.025411911641081565,0.0
ch07,-2.7682914786347395,0.02032784918932826,0.0
