,cal0,cal1,cal2
ch01,-3.2581959374064327,0.026897941883638726,0.0
ch02,-4.138704532668559,0.025663059382378058,0.0
ch03,-6.652929482606896,0.026515562009098322,0.0
ch04,-3.7963477965238597,0.027438859288636253,0.0
ch05,-2.9660803231780304,0.021932940459645296,0.0
ch06,-3.1322839685737804,0.024649912028370403,0.0
ch07,-2.7419450571706006,0.02053928464570855,0.0
