,cal0,cal1,cal2
ch01,-3.289326395823343,0.027007821130089826,0.0
ch02,-4.158333153877582,0.025705100552184175,0.0
ch03,-6.669557154693931,0.026514165406812534,0.0
ch04,-3.7808239248616275,0.027097756297519638,0.0
ch05,-2.9577099432045117,0.02193689953233478,0.0
ch06,-3.199020093592548,0.025390665491350856,0.0
ch07,-2.6946328772866246,0.020297430754974633,0.0
