,cal0,cal1,cal2
ch01,-3.277845963634869,0.02678951676541338,0.0
ch02,-3.810428625701103,0.025630830278142808,0.0
ch03,-6.683492880075286,0.026527681238178693,0.0
ch04,-3.77000857521715,0.027063120561955492,0.0
ch05,-2.956071981286002,0.02192546131498032,0.0
ch06,-3.2456279679319,0.025405669431498128,0.0
ch07,-2.7543616164525435,0.020317946697333875,0.0
