,cal0,cal1,cal2
ch01,-3.29010527482276,0.026979617006492717,0.0
ch02,-4.0966241745984355,0.025689663328311536,0.0
ch03,-6.671529755269904,0.026514049428100126,0.0
ch04,-3.7792480733470897,0.027083708636962717,0.0
ch05,-2.9572619562754667,0.021934870163724907,0.0
ch06,-3.206155153174031,0.025393932918115668,0.0
ch07,-2.706730875751796,0.020299644217519047,0.0
