,cal0,cal1,cal2
ch01,-3.259349611595099,0.026682963413635918,0.0
ch02,-3.7345969817563316,0.0256084395178569,0.0
ch03,-6.691045816311579,0.02654501174548867,0.0
ch04,-3.764094595856557,0.02706239568702161,0.0
ch05,-2.9566737263400724,0.02192093188775981,0.0
ch06,-3.2716079492422034,0.025414064757718482,0.0
ch07,-2.7720321291521848,0.020331240325184494,0.0
