,cal0,cal1,cal2
ch01,-3.2871798356407433,0.02688383071000227,0.0
ch02,-3.926871652920642,0.02565485615188581,0.0
ch03,-6.677532238644372,0.02651845058326175,0.0
ch04,-3.7745787328107214,0.027066566402786166,0.0
ch05,-2.956347548364202,0.021929702819328774,0.0
ch06,-3.226229958739889,0.025399773912160827,0.0
ch07,-2.734870002529359,0.020308485866100436,0.0
