,cal0,cal1,cal2
ch01,-3.3298552152487435,0.02608350125398483,0.0
ch02,-3.836490419091934,0.025497183126112294,0.0
ch03,-6.772221743104683,0.026532199858895815,0.0
ch04,-3.8774917688031576,0.027070733165341723,0.0
ch05,-2.969449381643662,0.02217924970158558,0.0
ch06,-3.212806304807172,0.025210938828399317,0.0
ch07,-2.767438316014703,0.020052840128655176,0.0
