,cal0,cal1,cal2
ch01,-3.4935775232337285,0.02649781406383059,0.0
ch02,-3.9029703219412966,0.02568858984558689,0.0
ch03,-6.804983877927001,0.02668992173132581,0.0
ch04,-3.8358412992268525,0.027065641138889058,0.0
ch05,-2.964282320594632,0.021909205621337885,0.0
ch06,-3.28287908765545,0.025278241248151492,0.0
ch07,-2.7595763139877882,0.02017781897763268,0.0
