,cal0,cal1,cal2
ch01,-3.4466918003170686,0.02621037744180617,0.0
ch02,-3.9275348135690797,0.02558234392703784,0.0
ch03,-6.424449448572445,0.02526346674912732,0.0
ch04,-4.315533918892536,0.027119813748407936,0.0
ch05,-3.1391007706262988,0.023094943030387702,0.0
ch06,-2.288637172555231,0.02411710711851243,0.0
ch07,-2.7184722218207495,0.01900946463069716,0.0
