,cal0,cal1,cal2
ch01,-3.3524460592399925,0.026121747210382674,0.0
ch02,-3.853692138696018,0.025520459471979253,0.0
ch03,-6.773121017338512,0.026516809701867358,0.0
ch04,-3.8741380002321937,0.027081018672858923,0.0
ch05,-2.967428469853922,0.02240556962519133,0.0
ch06,-3.189401805260222,0.025024336745878305,0.0
ch07,-2.7485067369391984,0.019880221106718124,0.0
