,cal0,cal1,cal2
ch01,-3.368907650022334,0.02614222719304029,0.0
ch02,-3.8672821301466866,0.025533780450252532,0.0
ch03,-6.773762445189141,0.026504883302161088,0.0
ch04,-3.872463315474178,0.02708834194798274,0.0
ch05,-2.96651252556013,0.022582126713147025,0.0
ch06,-3.1740058960037363,0.024796433770387944,0.0
ch07,-2.7388188962184574,0.01966351077307183,0.0
