,cal0,cal1,cal2
ch01,-3.4298102889680746,0.026487139389819985,0.0
ch02,-3.858127546723338,0.02568794568179557,0.0
ch03,-6.8097239629834805,0.026712136353547848,0.0
ch04,-3.830137538814103,0.027062643473990483,0.0
ch05,-2.967469767330759,0.021904490060356382,0.0
ch06,-3.3073901029523034,0.0252869563682434,0.0
ch07,-2.756622657077604,0.020197596119195162,0.0
