,cal0,cal1,cal2
ch01,-3.612409490479642,0.02649197774692774,0.0
ch02,-4.001060752323685,0.02570597977080355,0.0
ch03,-6.797847907086202,0.026672388205831125,0.0
ch04,-3.8433220511663877,0.027107452023707353,0.0
ch05,-2.9616912700400633,0.02191996846155078,0.0
ch06,-3.253184863092476,0.025265710457999174,0.0
ch07,-2.7602921920932286,0.020148783551574137,0.0
