,cal0,cal1,cal2
ch01,-3.7219481544754665,0.026459875352276212,0.0
ch02,-4.074874650702869,0.02575287406758722,0.0
ch03,-6.791623615465082,0.026681471498116522,0.0
ch04,-3.849547328436363,0.02725142212171917,0.0
ch05,-2.96081571682945,0.02193073581637985,0.0
ch06,-3.2294286652372026,0.02511131506635549,0.0
ch07,-2.757006609798184,0.01978104474549749,0.0
