,cal0,cal1,cal2
ch01,-3.6953603884850077,0.02637366684870147,0.0
ch02,-4.067643170240549,0.02574070179428237,0.0
ch03,-6.783971216301446,0.026652956867789363,0.0
ch04,-3.858074653504829,0.027299924862434707,0.0
ch05,-2.9612844487366865,0.02211840460350472,0.0
ch06,-3.196483728619442,0.02497513652372156,0.0
ch07,-2.741955678296542,0.019492327826800025,0.0
