,cal0,cal1,cal2
ch01,-3.6703660220636696,0.0264796838391711,0.0
ch02,-4.042913799366873,0.025724139952109107,0.0
ch03,-6.794761226554485,0.026671967067136936,0.0
ch04,-3.84641045683124,0.02716545346602968,0.0
ch05,-2.9611166807657545,0.021925482578424103,0.0
ch06,-3.241423457394111,0.025235558680106816,0.0
ch07,-2.7591986121017897,0.02007825706570834,0.0
