,cal0,cal1,cal2
ch01,-3.483162923687864,0.026238210976334886,0.0
ch02,-3.952503190758808,0.025602583644526448,0.0
ch03,-6.777446744803549,0.026463164408387155,0.0
ch04,-3.9418336879524127,0.027135354284718114,0.0
ch05,-2.9635054633590032,0.022991467161881655,0.0
ch06,-3.113825909073734,0.024227014909936333,0.0
ch07,-2.7182119952625863,0.019116289426903226,0.0
