,cal0,cal1,cal2
ch01,-3.38972672896542,0.02616323398632759,0.0
ch02,-3.8843063146541246,0.02554834257298132,0.0
ch03,-6.774523054288861,0.026485942949259315,0.0
ch04,-3.8711618695550527,0.027097048980888477,0.0
ch05,-2.965661222453924,0.02279641664154846,0.0
ch06,-3.1529076881693316,0.024496766679836888,0.0
ch07,-2.7297741055341294,0.019375602004221476,0.0
