,cal0,cal1,cal2
ch01,-3.568590401623709,0.026297158571368325,0.0
ch02,-4.004224902619651,0.025650426162457742,0.0
ch03,-6.779851241463899,0.026554181594598582,0.0
ch04,-3.86248560211119,0.027185506783440564,0.0
ch05,-2.9624084005588522,0.022562566194307118,0.0
ch06,-3.1658898984241164,0.024774683498370035,0.0
ch07,-2.72591895521722,0.01961590380106653,0.0
