,cal0,cal1,cal2
ch01,-3.3396475421801055,0.026101969266536667,0.0
ch02,-3.8435055161121685,0.02550827448415313,0.0
ch03,-6.772605413106683,0.02652539888332367,0.0
ch04,-3.8758143848898907,0.027075152384026625,0.0
ch05,-2.968407857599103,0.022274077430112785,0.0
ch06,-3.2019316352545175,0.025154000683921263,0.0
ch07,-2.7581510084064247,0.02000137489030716,0.0
