,cal0,cal1,cal2
ch01,-3.535230549357488,0.0264989218325922,0.0
ch02,-3.93762957684641,0.025692293785823262,0.0
ch03,-6.802260010468241,0.026681075209288474,0.0
ch04,-3.8387897784751,0.02707232193334705,0.0
ch05,-2.9630528504490776,0.021912768210046698,0.0
ch06,-3.2708917980768377,0.025274083047564014,0.0
ch07,-2.760361554176887,0.02016820499819558,0.0
