,cal0,cal1,cal2
ch01,-3.4589031940002504,0.026493548842049193,0.0
ch02,-3.876730248841958,0.025687452347216592,0.0
ch03,-6.807483832352952,0.026700400353037848,0.0
ch04,-3.8329559447694583,0.02706337976698523,0.0
ch05,-2.9657582395585065,0.021906510867985684,0.0
ch06,-3.2950480062572067,0.025282531071519978,0.0
ch07,-2.7582868342925226,0.02018761642520974,0.0
