,cal0,cal1,cal2
ch01,-3.7418714342886172,0.02641447909530135,0.0
ch02,-4.087545432327863,0.025784996148804563,0.0
ch03,-7.35624077639655,0.027862651334192825,0.0
ch04,-4.453008037873763,0.027338974047785607,0.0
ch05,-3.3489533769485744,0.021976630180640694,0.0
ch06,-3.1963959557768606,0.024876621366213724,0.0
ch07,-2.750180223584398,0.019213070458955955,0.0
