,cal0,cal1,cal2
ch01,-3.657358812074752,0.02635026406772856,0.0
ch02,-4.050042755588413,0.025708897052621707,0.0
ch03,-6.782541119752403,0.026616451310634143,0.0
ch04,-3.859201958732984,0.027261891954190695,0.0
ch05,-2.9615890500194557,0.022230103562680823,0.0
ch06,-3.1883896860139656,0.02501642291507037,0.0
ch07,-2.7368654918377824,0.019678166812218414,0.0
