,cal0,cal1,cal2
ch01,-3.415527119194905,0.026185526742672084,0.0
ch02,-3.9045514437232853,0.025564390949849813,0.0
ch03,-6.775395725788495,0.02644737349816768,0.0
ch04,-3.945133994436631,0.02710723106466725,0.0
ch05,-2.9648756471848356,0.02299695812025561,0.0
ch06,-3.1165340204803766,0.024226964730940524,0.0
ch07,-2.7225422477482457,0.01911509782471759,0.0
