,cal0,cal1,cal2
ch01,-3.2017265749192836,0.026181472631681506,0.0
ch02,-3.706974535699613,0.025400691791837997,0.0
ch03,-6.851406881412473,0.026874702439904974,0.0
ch04,-3.8789836819180463,0.02718298898353774,0.0
ch05,-3.0912163421750147,0.022398217944749575,0.0
ch06,-3.404641975894789,0.025358714594225035,0.0
ch07,-2.803947689310799,0.020404588694665878,0.0
