,cal0,cal1,cal2
ch01,-3.3964619230454995,0.02635075242998123,0.0
ch02,-3.8085020422582043,0.02545650536807829,0.0
ch03,-6.748881397677865,0.026689601597052054,0.0
ch04,-3.852972769829311,0.02706236965601669,0.0
ch05,-3.0565551555343546,0.02193798084063404,0.0
ch06,-3.323537918193256,0.025372758844396437,0.0
ch07,-2.9556365623083325,0.02016743660016829,0.0
