,cal0,cal1,cal2
ch01,-3.3160803766620055,0.026246768039310715,0.0
ch02,-3.7575811478707433,0.025431258027124735,0.0
ch03,-6.818599861260676,0.026802718535337174,0.0
ch04,-3.8717203536435605,0.027080452686302246,0.0
ch05,-3.081057578691619,0.022050332542298896,0.0
ch06,-3.3757351890040264,0.025373733576625198,0.0
ch07,-2.902107555533077,0.020149839252684733,0.0
