,cal0,cal1,cal2
ch01,-3.168550405037566,0.02614509925460042,0.0
ch02,-3.696006746954307,0.02538452569891178,0.0
ch03,-6.864473080292089,0.026925829588809482,0.0
ch04,-3.9284742806098283,0.02722838411203261,0.0
ch05,-3.0951403687631354,0.02267157907184257,0.0
ch06,-3.419978980420866,0.025337720464606986,0.0
ch07,-2.7641343541569245,0.020738278527398766,0.0
