,cal0,cal1,cal2
ch01,-3.3346383840157956,0.026257884102532686,0.0
ch02,-3.7679904630409893,0.025435065302327493,0.0
ch03,-6.81214876014734,0.02679085836543391,0.0
ch04,-3.8702229916920645,0.027073295350654992,0.0
ch05,-3.0789896971195625,0.022025037777541227,0.0
ch06,-3.3704827596636107,0.025373422308618214,0.0
ch07,-2.9144082810761507,0.02014999365683618,0.0
