,cal0,cal1,cal2
ch01,-3.392782413648157,0.02635654210386643,0.0
ch02,-3.8071250892733306,0.025457590236070284,0.0
ch03,-6.744099391100079,0.026682819185176312,0.0
ch04,-3.851348792780093,0.02706236916351859,0.0
ch05,-3.0546179223794874,0.02193582284096413,0.0
ch06,-3.320423847928899,0.02537300869946492,0.0
ch07,-2.954490594658767,0.020169716122550113,0.0
