,cal0,cal1,cal2
ch01,-3.1615621807302228,0.026136063514955912,0.0
ch02,-3.6938957646626425,0.025380767190322735,0.0
ch03,-6.84020702725075,0.027484514139918856,0.0
ch04,-4.1536808322385586,0.027237042002481816,0.0
ch05,-3.096872372973546,0.022736903438797137,0.0
ch06,-3.5081366747283815,0.02533415041475741,0.0
ch07,-2.757807580832208,0.020803156537480366,0.0
