,cal0,cal1,cal2
ch01,-3.1694537582850613,0.02614870248126856,0.0
ch02,-3.6966312017379317,0.02538810947754189,0.0
ch03,-6.883575338777069,0.026933734171713578,0.0
ch04,-3.886071013960586,0.02720948520397937,0.0
ch05,-3.1008052234252332,0.022539478564056116,0.0
ch06,-3.4312079700840026,0.025350580990245005,0.0
ch07,-2.782315042169561,0.020581440208452737,0.0
