,cal0,cal1,cal2
ch01,-3.2952381027035798,0.02623550702227984,0.0
ch02,-3.7466594193334153,0.02542685361295088,0.0
ch03,-6.8251093881271006,0.026815154247878822,0.0
ch04,-3.873203506023783,0.027091392642351622,0.0
ch05,-3.0831173963255676,0.022084189887721817,0.0
ch06,-3.3811325084401913,0.02537391512257731,0.0
ch07,-2.8874515213481016,0.020152309017106053,0.0
