,cal0,cal1,cal2
ch01,-3.3572771124211203,0.02638644057051334,0.0
ch02,-3.795646235293,0.025464017887427293,0.0
ch03,-6.719518023112664,0.026649848088669725,0.0
ch04,-3.841486038816276,0.027062392226626278,0.0
ch05,-3.0436772938529377,0.021927727328582735,0.0
ch06,-3.30640202616691,0.025375619442995965,0.0
ch07,-2.940886429475929,0.020185491987857018,0.0
