,cal0,cal1,cal2
ch01,-3.3771462818811457,0.026372363203334553,0.0
ch02,-3.8017010451761792,0.025460739582015085,0.0
ch03,-6.730916656038579,0.026664720232495085,0.0
ch04,-3.846439163676362,0.027062382006666788,0.0
ch05,-3.048987471203257,0.021930969501509672,0.0
ch06,-3.3123916913315026,0.02537407564436293,0.0
ch07,-2.9487968171936214,0.020177168124150723,0.0
