,cal0,cal1,cal2
ch01,-3.399127822023686,0.026344637976745265,0.0
ch02,-3.8094890310160348,0.025455370340578213,0.0
ch03,-6.753850796758343,0.026696769722160833,0.0
ch04,-3.8545894391321354,0.027062377831836737,0.0
ch05,-3.0585184797296736,0.021940505894079768,0.0
ch06,-3.3268633904869405,0.025372561696846808,0.0
ch07,-2.9562958518380666,0.020165263118125363,0.0
