,cal0,cal1,cal2
ch01,-3.2724808556980363,0.02622408100315829,0.0
ch02,-3.735651301812756,0.025421725001309438,0.0
ch03,-6.831661447691896,0.02682827758944857,0.0
ch04,-3.8746719230281967,0.02710719805775787,0.0
ch05,-3.085166156863017,0.022130279028192982,0.0
ch06,-3.3866830478934995,0.02537355796324966,0.0
ch07,-2.870195886503072,0.020163293191667802,0.0
