,cal0,cal1,cal2
ch01,-3.3507589621413456,0.026268738512897655,0.0
ch02,-3.7775395525818865,0.025438377477290896,0.0
ch03,-6.805771401142737,0.026779506862128103,0.0
ch04,-3.868711954862816,0.027068812225656526,0.0
ch05,-3.0769167468017167,0.022005801896256588,0.0
ch06,-3.3653744369763903,0.0253731173141906,0.0
ch07,-2.9246250539516225,0.020150860059325152,0.0
