,cal0,cal1,cal2
ch01,-3.391546064864654,0.02630763729161878,0.0
ch02,-3.8034104880102357,0.025448061081869693,0.0
ch03,-6.781281595145954,0.0267385850993479,0.0
ch04,-3.8625420449995826,0.0270630152423614,0.0
ch05,-3.0686338442572607,0.021962396086741484,0.0
ch06,-3.3464814750565535,0.02537235930643069,0.0
ch07,-2.9493546693766373,0.020156064795182234,0.0
