,cal0,cal1,cal2
ch01,-3.2211905252834967,0.02640190641302287,0.0
ch02,-3.5409481217291403,0.025472582110532112,0.0
ch03,-6.561760763289767,0.027034534822659672,0.0
ch04,-3.860050811904987,0.027070782944586314,0.0
ch05,-3.16993368520146,0.021828327201042566,0.0
ch06,-3.6254374046395608,0.0256675598590855,0.0
ch07,-3.795258375965327,0.021282037903685477,0.0
