,cal0,cal1,cal2
ch01,-2.9456526970874664,0.02627431943363823,0.0
ch02,-3.35978373339869,0.02532198316309537,0.0
ch03,-6.636015002894249,0.027133663156204385,0.0
ch04,-3.8583103619090875,0.027062739213139415,0.0
ch05,-3.2063900377406873,0.021907928751511152,0.0
ch06,-3.575328008643243,0.025640929195822205,0.0
ch07,-3.0878684676241397,0.02077059316735433,0.0
