,cal0,cal1,cal2
ch01,-2.938238844697153,0.026267312105486603,0.0
ch02,-3.3537815161000832,0.02531894034187479,0.0
ch03,-6.619764329881574,0.027131729035435957,0.0
ch04,-3.8597781454297673,0.027062689243792907,0.0
ch05,-3.201436617816059,0.021905958061029487,0.0
ch06,-3.593991433399908,0.025647185357346464,0.0
ch07,-3.1367169390584984,0.020787539263599022,0.0
