,cal0,cal1,cal2
ch01,-3.2431942304622785,0.02642151436830568,0.0
ch02,-3.551478617511394,0.025501246377265016,0.0
ch03,-6.55960631429423,0.02701053906314142,0.0
ch04,-3.859370564772227,0.027072367728058284,0.0
ch05,-3.1678425620783974,0.02180121119910798,0.0
ch06,-3.6206625181611582,0.02566811719878247,0.0
ch07,-3.861129338034316,0.021575137182148756,0.0
