,cal0,cal1,cal2
ch01,-2.945952154618935,0.02627280044354828,0.0
ch02,-3.3548821730117866,0.02532130167992912,0.0
ch03,-6.60611051771613,0.027126237624931625,0.0
ch04,-3.8605204441948167,0.027062672145224703,0.0
ch05,-3.196358638112589,0.021905224854512014,0.0
ch06,-3.6077310273056407,0.025652040316163197,0.0
ch07,-3.1941845463644536,0.02079970308590428,0.0
