,cal0,cal1,cal2
ch01,-2.986963036169294,0.02629872819660163,0.0
ch02,-3.38109901243916,0.02533547431898109,0.0
ch03,-6.58942289564952,0.027113205890289094,0.0
ch04,-3.860921148715476,0.027062903139987278,0.0
ch05,-3.1887358946317357,0.021904295396108688,0.0
ch06,-3.6217859024389867,0.025657830682941467,0.0
ch07,-3.3032754765624746,0.020812661478700964,0.0
