,cal0,cal1,cal2
ch01,-2.9544517408363666,0.026282527515782323,0.0
ch02,-3.364266206041815,0.025325473963215633,0.0
ch03,-6.644775864248777,0.02713237390324035,0.0
ch04,-3.857138118246591,0.027062750622824445,0.0
ch05,-3.2085771376107832,0.02190932761915542,0.0
ch06,-3.5639458759846274,0.025637120103057926,0.0
ch07,-3.0670614412369765,0.02075976221468223,0.0
