,cal0,cal1,cal2
ch01,-2.9400149607622583,0.0262685128674688,0.0
ch02,-3.3531196357863755,0.02531940085973998,0.0
ch03,-6.612955562054373,0.02712945467379036,0.0
ch04,-3.860196806007549,0.027062670755877084,0.0
ch05,-3.199016753998074,0.021905484744072362,0.0
ch06,-3.601058979030788,0.025649633672743328,0.0
ch07,-3.162919627531509,0.02079380006306199,0.0
