,cal0,cal1,cal2
ch01,-3.036294876448951,0.02632375550017669,0.0
ch02,-3.4196529554643322,0.02535435219842707,0.0
ch03,-6.580104562297312,0.02710064392527738,0.0
ch04,-3.860888297046974,0.027063434118460815,0.0
ch05,-3.183548033343214,0.02190057366351083,0.0
ch06,-3.627556746141738,0.02566111846726302,0.0
ch07,-3.40065882914371,0.02081910787823923,0.0
