,cal0,cal1,cal2
ch01,-3.16565233698106,0.02637231568935977,0.0
ch02,-3.510530595845454,0.02542264971547826,0.0
ch03,-6.566438736721495,0.027063613442197605,0.0
ch04,-3.8603957113705243,0.027067433188981554,0.0
ch05,-3.1740156433930955,0.02186762022863874,0.0
ch06,-3.6296212079890435,0.02566610924901553,0.0
ch07,-3.656409300787992,0.02091916512768925,0.0
