,cal0,cal1,cal2
ch01,-2.7883153282679154,0.026011470872177714,0.0
ch02,-2.7674188798311135,0.02580751767227754,0.0
ch03,-6.140017911279131,0.026905889511825237,0.0
ch04,-3.4779973246216827,0.027216950582798886,0.0
ch05,-3.3784978892651547,0.02196808086014473,0.0
ch06,-3.771046551704883,0.02602975008565171,0.0
ch07,-3.666418210275937,0.02154275500897751,0.0
