,cal0,cal1,cal2
ch01,-2.8497065503489343,0.026011644783080243,0.0
ch02,-2.922411830465066,0.02594991641241241,0.0
ch03,-6.1574338066044785,0.02689715924475347,0.0
ch04,-3.4754762667978545,0.027098336690325072,0.0
ch05,-3.38603409341297,0.022001151050705953,0.0
ch06,-3.7858652915654782,0.026010029742703725,0.0
ch07,-3.6482662780955413,0.021524792658678137,0.0
