,cal0,cal1,cal2
ch01,-2.7585413703626496,0.026010843935335214,0.0
ch02,-2.691999406454597,0.025766312482995532,0.0
ch03,-6.131710220574877,0.026915520052422925,0.0
ch04,-3.4792810062126764,0.027455166301546916,0.0
ch05,-3.374143642058453,0.02199407089239232,0.0
ch06,-3.762812979260471,0.02601813123214502,0.0
ch07,-3.6921615179948177,0.021454502882434237,0.0
