,cal0,cal1,cal2
ch01,-2.840318544056507,0.026011662978325554,0.0
ch02,-2.9018429046843512,0.025919884838897567,0.0
ch03,-6.154471829343233,0.02689999651163771,0.0
ch04,-3.4757209596798635,0.027099191862729965,0.0
ch05,-3.3848885015277146,0.02198787401986677,0.0
ch06,-3.782935847848456,0.026017989454921075,0.0
ch07,-3.649104871419434,0.02153096632335209,0.0
