,cal0,cal1,cal2
ch01,-2.731060198736005,0.02605620740803919,0.0
ch02,-2.653359680880517,0.02569970536956125,0.0
ch03,-6.11171589677944,0.026879263072404694,0.0
ch04,-3.4823300986026227,0.02728211737121254,0.0
ch05,-3.3607401937419996,0.021962554333327545,0.0
ch06,-3.7490515737248358,0.026028173735634333,0.0
ch07,-3.636092206338242,0.021555680807326002,0.0
