,cal0,cal1,cal2
ch01,-2.736275687541494,0.026116937193287653,0.0
ch02,-2.7268746238702835,0.025658405011392577,0.0
ch03,-6.096760014341351,0.026834227916149284,0.0
ch04,-3.484714023877969,0.02706755262552308,0.0
ch05,-3.3450382779058887,0.021931774089326495,0.0
ch06,-3.735459965270466,0.026029996482904473,0.0
ch07,-3.5445605165622323,0.02159151641725311,0.0
