,cal0,cal1,cal2
ch01,-2.858383961975711,0.026012175287175626,0.0
ch02,-2.939596383120367,0.02597597640486675,0.0
ch03,-6.160416351488319,0.02689070017149104,0.0
ch04,-3.5127619262460406,0.027098432015494486,0.0
ch05,-3.3871351094286433,0.022013612930984423,0.0
ch06,-3.7900432743352153,0.0260029431236566,0.0
ch07,-3.647186753636313,0.021518986079179982,0.0
