,cal0,cal1,cal2
ch01,-2.77790357274321,0.026011801298898612,0.0
ch02,-2.739990865844778,0.02579235815769134,0.0
ch03,-6.137212688849739,0.02690782404063411,0.0
ch04,-3.4784326913349473,0.02728406602607451,0.0
ch05,-3.3770890637384885,0.021973098958009418,0.0
ch06,-3.7685308880682227,0.02602812279064699,0.0
ch07,-3.673930601706793,0.02153152919591182,0.0
