,cal0,cal1,cal2
ch01,-2.7989152701192905,0.026011198462684147,0.0
ch02,-2.79591301726565,0.02582454554059926,0.0
ch03,-6.142854959724211,0.026904559471904677,0.0
ch04,-3.4775549013645786,0.027167371850414138,0.0
ch05,-3.379863572371135,0.021966077647603142,0.0
ch06,-3.7734405983261836,0.026030130998089637,0.0
ch07,-3.660369642501393,0.021545061423803205,0.0
