,cal0,cal1,cal2
ch01,-2.7327396527264054,0.02607203676039282,0.0
ch02,-2.673023339278764,0.025688114131328925,0.0
ch03,-6.107404444095091,0.026865293759032884,0.0
ch04,-3.482994240015198,0.02716195590228447,0.0
ch05,-3.357012252597711,0.021948139117783528,0.0
ch06,-3.7461381370056364,0.02603043258740845,0.0
ch07,-3.6066406012227703,0.021578873989972207,0.0
