,cal0,cal1,cal2
ch01,-2.7339007846032812,0.02601784589402485,0.0
ch02,-2.6411768786814407,0.02572692472016097,0.0
ch03,-6.121240619171571,0.026935527353511627,0.0
ch04,-3.48147437721937,0.027595613925645822,0.0
ch05,-3.3677560130109563,0.02202229628775207,0.0
ch06,-3.7503249136046093,0.02600290691839744,0.0
ch07,-3.6989766174305934,0.021338217386107715,0.0
