,cal0,cal1,cal2
ch01,-2.73064291348579,0.026037857012161148,0.0
ch02,-2.6408835199623764,0.025712452670225906,0.0
ch03,-6.116341314027955,0.02689820241182395,0.0
ch04,-3.4816243236095374,0.027454480186038917,0.0
ch05,-3.3643236931334455,0.02198845850169982,0.0
ch06,-3.751125082001569,0.026018151223614252,0.0
ch07,-3.6696650451553627,0.021469002566908885,0.0
