,cal0,cal1,cal2
ch01,-2.7501901836509086,0.026009352894736725,0.0
ch02,-2.672983130572587,0.02575496792415906,0.0
ch03,-6.129019964680552,0.026923767427831997,0.0
ch04,-3.4796970305911272,0.027537237638694353,0.0
ch05,-3.372607994878561,0.022009600224120126,0.0
ch06,-3.7592333134227784,0.02601005018884874,0.0
ch07,-3.700858362517506,0.021390233334240658,0.0
