,cal0,cal1,cal2
ch01,-2.7318515117884727,0.026064238218340287,0.0
ch02,-2.6626624350859185,0.025693781878619742,0.0
ch03,-6.109518378611733,0.026871887031456217,0.0
ch04,-3.4826675193398726,0.02721364489343332,0.0
ch05,-3.3588938317914714,0.021954272355844084,0.0
ch06,-3.747663621722198,0.026029858959556645,0.0
ch07,-3.6207161754916526,0.02157173655627334,0.0
