,cal0,cal1,cal2
ch01,-2.8835276313741294,0.02577206354369676,0.0
ch02,-3.391674596261332,0.025234735586247146,0.0
ch03,-6.62066059830672,0.027177890816819313,0.0
ch04,-3.7781189840145473,0.027532381270659375,0.0
ch05,-3.0541795313204756,0.022044005395278014,0.0
ch06,-3.3459281049290794,0.026099107240134978,0.0
ch07,-3.093738316041947,0.020874091859085918,0.0
