,cal0,cal1,cal2
ch01,-2.8666097664160337,0.025921858331123298,0.0
ch02,-3.5305034980547028,0.02530057014427524,0.0
ch03,-6.6416582246316045,0.027183452341056933,0.0
ch04,-3.7769089720484987,0.02715972037032218,0.0
ch05,-3.0620155112564666,0.021892453376008536,0.0
ch06,-3.3571442931415882,0.02552206017628959,0.0
ch07,-2.9349731741749876,0.02065878078079304,0.0
