,cal0,cal1,cal2
ch01,-2.8897924968037416,0.02580179510525823,0.0
ch02,-3.4248796400658414,0.02525126256180694,0.0
ch03,-6.624919413523455,0.02717652159598802,0.0
ch04,-3.7774921381190074,0.02744905050339008,0.0
ch05,-3.0558376452313594,0.021997282604245987,0.0
ch06,-3.3469261601556783,0.025873252551754863,0.0
ch07,-3.0635559505927885,0.02078751859253645,0.0
