,cal0,cal1,cal2
ch01,-2.8888898775552194,0.025831948985073565,0.0
ch02,-3.455688002652879,0.02526546044987798,0.0
ch03,-6.6291540214798035,0.027177269029387347,0.0
ch04,-3.777325998497572,0.02736000726301171,0.0
ch05,-3.0574518403285196,0.0219585070831553,0.0
ch06,-3.3487793052018624,0.02569607398464873,0.0
ch07,-3.0286528212200414,0.020720446157056753,0.0
