,cal0,cal1,cal2
ch01,-2.5873184130674756,0.025395767795002886,0.0
ch02,-3.3729770434697537,0.02502764183708328,0.0
ch03,-6.538760794426971,0.02700509878793149,0.0
ch04,-3.7835164330055444,0.02707041300526727,0.0
ch05,-3.015027132857387,0.02191002851423243,0.0
ch06,-3.3192953879432348,0.02552757535063398,0.0
ch07,-2.6948562146254864,0.02063422558193116,0.0
