,cal0,cal1,cal2
ch01,-2.441027729617423,0.025216308896964152,0.0
ch02,-3.1973680742460546,0.024869672197407686,0.0
ch03,-6.5615489987183455,0.02704585239953881,0.0
ch04,-3.781372450625152,0.027171188995979447,0.0
ch05,-3.027465663219031,0.02198506510559132,0.0
ch06,-3.3171511053683918,0.025595232142667998,0.0
ch07,-2.6119537913658224,0.020396506128774364,0.0
