,cal0,cal1,cal2
ch01,-2.660199225644731,0.025507798836803413,0.0
ch02,-3.4488990270409667,0.025070122821418763,0.0
ch03,-6.525227658041402,0.026975716736665465,0.0
ch04,-3.785086893940298,0.02706338920975134,0.0
ch05,-3.0068429355187396,0.021900227126202577,0.0
ch06,-3.323981646924243,0.02552760573775832,0.0
ch07,-2.7301667800001908,0.020634328046600373,0.0
