,cal0,cal1,cal2
ch01,-2.564757289547658,0.025366212693108254,0.0
ch02,-3.346033651760533,0.02501185523333717,0.0
ch03,-6.542370969073705,0.027012337558448337,0.0
ch04,-3.783140369758832,0.027075739146769393,0.0
ch05,-3.017098745513314,0.021914883046487622,0.0
ch06,-3.3185125295473297,0.02552758407563742,0.0
ch07,-2.683981192268578,0.020634122702328703,0.0
