,cal0,cal1,cal2
ch01,-2.5674225668847965,0.025298469395400147,0.0
ch02,-3.1671565503550427,0.024895928981362617,0.0
ch03,-6.590629786139592,0.027105734949440286,0.0
ch04,-3.779262935530486,0.027407312205977113,0.0
ch05,-3.041496940345775,0.02206405451072171,0.0
ch06,-3.325602540474769,0.025734505686611973,0.0
ch07,-2.7794569106763634,0.020185817514485112,0.0
