,cal0,cal1,cal2
ch01,-2.4665449819581915,0.025105846088117386,0.0
ch02,-3.1404922117104106,0.02475825386228405,0.0
ch03,-6.58214287623898,0.027072583908230634,0.0
ch04,-3.8198682428376243,0.02733725419650341,0.0
ch05,-3.037589965391719,0.02210794568748367,0.0
ch06,-3.3206687012223455,0.025833339951756316,0.0
ch07,-2.64760486502377,0.019566423806000884,0.0
