,cal0,cal1,cal2
ch01,-2.4236918959855616,0.025167094628107168,0.0
ch02,-3.17370192379733,0.024823249003306545,0.0
ch03,-6.56557521421452,0.027051131395069265,0.0
ch04,-3.7810433139928836,0.027206697148296276,0.0
ch05,-3.0295209174349234,0.022017642631907714,0.0
ch06,-3.317378904499118,0.02566327261126806,0.0
ch07,-2.5968670491161046,0.02015360903745836,0.0
