,cal0,cal1,cal2
ch01,-2.5405424005349997,0.025337105359787265,0.0
ch02,-3.3167468826968736,0.024992984686317554,0.0
ch03,-6.546062767162552,0.027019480385215306,0.0
ch04,-3.7827714416666494,0.027084160128470296,0.0
ch05,-3.0191747801677113,0.021921489611154536,0.0
ch06,-3.317895944346699,0.025527956784328818,0.0
ch07,-2.6719854277764106,0.02063279421590812,0.0
