,cal0,cal1,cal2
ch01,-2.4233169331648066,0.026302939187147042,0.0
ch02,-2.4968556703431126,0.025079790744764924,0.0
ch03,-5.653246870007437,0.026043142609909118,0.0
ch04,-3.3369029904020344,0.027062157467245204,0.0
ch05,-2.4924842600592942,0.02191714112806062,0.0
ch06,-3.605293070878374,0.02611637489599384,0.0
ch07,-2.9692262480979865,0.020885886004633387,0.0
