,cal0,cal1,cal2
ch01,-2.406670381174973,0.026325963576989304,0.0
ch02,-2.499887213578641,0.025131286976712117,0.0
ch03,-5.655193209345119,0.026019532166439537,0.0
ch04,-3.3417789936873317,0.02706220966729675,0.0
ch05,-2.513294950515001,0.021917464392906885,0.0
ch06,-3.609377873792392,0.026101200466102325,0.0
ch07,-2.9971417592203,0.020890216653215977,0.0
