,cal0,cal1,cal2
ch01,-2.4312902173824344,0.02629798499619982,0.0
ch02,-2.498277340536325,0.025061528122104552,0.0
ch03,-5.6561622559511795,0.026055957104206016,0.0
ch04,-3.3350684657707643,0.027062153610225983,0.0
ch05,-2.4864169970138517,0.021916835367772197,0.0
ch06,-3.603867897319974,0.026122721217964797,0.0
ch07,-2.9619659217960224,0.02088536627266835,0.0
