,cal0,cal1,cal2
ch01,-2.475219183054116,0.026309502512550462,0.0
ch02,-2.5268850776366745,0.025017951345586115,0.0
ch03,-5.6991791261185805,0.026133740963072406,0.0
ch04,-3.3285879742556963,0.02706223184454112,0.0
ch05,-2.4825431091502095,0.02191456701677086,0.0
ch06,-3.60072001459423,0.026150109448653407,0.0
ch07,-2.9694477673615096,0.020894138507246734,0.0
