,cal0,cal1,cal2
ch01,-2.471235179841286,0.02630825402060564,0.0
ch02,-2.5236702486735103,0.025018637087100448,0.0
ch03,-5.694530469077485,0.02612728690238817,0.0
ch04,-3.328937527249822,0.027062229164316637,0.0
ch05,-2.48145866362113,0.02191471329288829,0.0
ch06,-3.600728651803633,0.026148308311927746,0.0
ch07,-2.967089134829618,0.020892906453549007,0.0
