,cal0,cal1,cal2
ch01,-2.442161578105847,0.026297116689489603,0.0
ch02,-2.5027877972937222,0.02504178738435529,0.0
ch03,-5.663537754835796,0.026075280971357518,0.0
ch04,-3.3328664138113684,0.027062175949133276,0.0
ch05,-2.481145392951441,0.021916248057636235,0.0
ch06,-3.6023380222075545,0.02613096739477831,0.0
ch07,-2.9575858727300384,0.020885983373771157,0.0
