,cal0,cal1,cal2
ch01,-2.4638126500614095,0.026305460920502444,0.0
ch02,-2.517770640244709,0.02502115398798862,0.0
ch03,-5.685945341731072,0.026114767075858688,0.0
ch04,-3.3296884079242157,0.027062222186520386,0.0
ch05,-2.4799181550696012,0.021915029822348407,0.0
ch06,-3.6008498115913863,0.02614462438491258,0.0
ch07,-2.963050625286234,0.020890714063701046,0.0
