,cal0,cal1,cal2
ch01,-2.460352343663523,0.026303990608866443,0.0
ch02,-2.515087758439644,0.0250229821635084,0.0
ch03,-5.682012549291129,0.0261087066003624,0.0
ch04,-3.330089888081244,0.027062217675349116,0.0
ch05,-2.4794631422153826,0.021915198117609842,0.0
ch06,-3.6009622514306763,0.026142743333801486,0.0
ch07,-2.961397691930091,0.020889755885606962,0.0
