,cal0,cal1,cal2
ch01,-2.433974828401368,0.02629717854265618,0.0
ch02,-2.4991246305587973,0.025056077758453525,0.0
ch03,-5.657632995699046,0.02606055495181153,0.0
ch04,-3.334491700904619,0.02706215679865011,0.0
ch05,-2.484793386346604,0.021916705866411604,0.0
ch06,-3.6034436824170037,0.026124807932314354,0.0
ch07,-2.9603016580485333,0.020885378935320005,0.0
