,cal0,cal1,cal2
ch01,-2.450806294969877,0.0262998280530057,0.0
ch02,-2.508117985355451,0.025030721131943642,0.0
ch03,-5.671671036736772,0.026091351409589746,0.0
ch04,-3.3313991759241217,0.027062199349900864,0.0
ch05,-2.479360810403069,0.021915726034586278,0.0
ch06,-3.6015034233289325,0.02613695464967795,0.0
ch07,-2.958085341085781,0.02088744322820524,0.0
