,cal0,cal1,cal2
ch01,-2.453865134792709,0.026301124259886607,0.0
ch02,-2.5102604631088408,0.02502776805618184,0.0
ch03,-5.674874147249929,0.02609699654949896,0.0
ch04,-3.330945228454019,0.027062206249094913,0.0
ch05,-2.4791845955285288,0.02191554795802219,0.0
ch06,-3.601289528451627,0.02613890754283905,0.0
ch07,-2.958898948006217,0.02088811983972558,0.0
