,cal0,cal1,cal2
ch01,-2.436675735233657,0.026296782507772745,0.0
ch02,-2.5001590727516114,0.025050965396640167,0.0
ch03,-5.6593527488911395,0.02606531014390721,0.0
ch04,-3.333932410389814,0.027062161888848003,0.0
ch05,-2.4833724877432415,0.021916563785882547,0.0
ch06,-3.6030466160683434,0.026126878548823805,0.0
ch07,-2.9590203948267613,0.02088548570417727,0.0
