,cal0,cal1,cal2
ch01,-3.3413347032261163,0.026178819286328796,0.0
ch02,-3.731847737340708,0.02537743518647512,0.0
ch03,-7.022847613217286,0.027205885644348005,0.0
ch04,-3.9315525190979637,0.02706243785753004,0.0
ch05,-3.162546524088312,0.021910955569922255,0.0
ch06,-3.521934265809133,0.0254549487655226,0.0
ch07,-2.8747056851365205,0.020233689237249153,0.0
