,cal0,cal1,cal2
ch01,-3.3478959633967174,0.026215130736631006,0.0
ch02,-3.750929171950675,0.0253899989472838,0.0
ch03,-7.005378976138578,0.0271584278724453,0.0
ch04,-3.923322060239169,0.027062691070580246,0.0
ch05,-3.161296247818489,0.021915728145132447,0.0
ch06,-3.4926971585790993,0.025441917936705125,0.0
ch07,-2.8857264711800905,0.020204648629419224,0.0
