,cal0,cal1,cal2
ch01,-3.351078453889777,0.026199210367877795,0.0
ch02,-3.7442344585655523,0.025384771950799297,0.0
ch03,-7.0166845309424,0.027182304268717292,0.0
ch04,-3.927223932310423,0.027062640319936795,0.0
ch05,-3.1626008132911245,0.02191350017716989,0.0
ch06,-3.5046989391802374,0.025447503220460462,0.0
ch07,-2.877238390432242,0.020215970021317947,0.0
