,cal0,cal1,cal2
ch01,-3.3505197401925284,0.026207279852926892,0.0
ch02,-3.747926855086595,0.02538750188504136,0.0
ch03,-7.011716352268346,0.027170878279788712,0.0
ch04,-3.9253207369991547,0.027062681319965923,0.0
ch05,-3.16209517943768,0.02191461332784791,0.0
ch06,-3.4984988234952583,0.025444664116667338,0.0
ch07,-2.8809128000557855,0.020209979589894463,0.0
