,cal0,cal1,cal2
ch01,-3.335180942107569,0.02623324002338543,0.0
ch02,-3.7563044489899737,0.02539499989391172,0.0
ch03,-6.984001741229009,0.027123496065449098,0.0
ch04,-3.9179217407526847,0.02706264518146218,0.0
ch05,-3.1580739721252473,0.02191826790284298,0.0
ch06,-3.4797737470835752,0.025435515869509664,0.0
ch07,-2.9007475333726367,0.02019429406560669,0.0
