,cal0,cal1,cal2
ch01,-3.332009460145412,0.02623654952592315,0.0
ch02,-3.7571534495890098,0.025395786180544704,0.0
ch03,-6.97886563033417,0.02711596874597766,0.0
ch04,-3.9167748930235358,0.027062633773805637,0.0
ch05,-3.1572307744588373,0.02191869936487639,0.0
ch06,-3.4774253899262737,0.02543432328385696,0.0
ch07,-2.903980328476819,0.020192740422866298,0.0
