,cal0,cal1,cal2
ch01,-3.344651586019582,0.026182865358573514,0.0
ch02,-3.734652488927255,0.025378916227706147,0.0
ch03,-7.0223417512379065,0.027201766200517057,0.0
ch04,-3.930736658466584,0.027062480108939004,0.0
ch05,-3.162709703682041,0.02191142321129163,0.0
ch06,-3.5182980545280715,0.025453424447609868,0.0
ch07,-2.8743598370226118,0.020229845103821205,0.0
