,cal0,cal1,cal2
ch01,-3.3326471167799565,0.026170867113891553,0.0
ch02,-3.725866124272298,0.025374525319451304,0.0
ch03,-7.022766295889087,0.027213206412736363,0.0
ch04,-3.9331082972553317,0.027062374521441147,0.0
ch05,-3.161990837416498,0.021910098359304055,0.0
ch06,-3.529459159656799,0.025458042188386775,0.0
ch07,-2.87674429597139,0.02024180019094774,0.0
