,cal0,cal1,cal2
ch01,-3.3459445406678827,0.02621894356102309,0.0
ch02,-3.752209530012707,0.025391145078327685,0.0
ch03,-7.00171615762618,0.027151849235998726,0.0
ch04,-3.922287555122485,0.027062687020586423,0.0
ch05,-3.160789264383227,0.021916273716848497,0.0
ch06,-3.48993973382727,0.025440582431066998,0.0
ch07,-2.888464760366819,0.020202235351771437,0.0
