,cal0,cal1,cal2
ch01,-3.347273027389336,0.026186941298270268,0.0
ch02,-3.7373078429018514,0.025380401722042138,0.0
ch03,-7.021470988691741,0.027197343439569345,0.0
ch04,-3.929895690680758,0.027062524793248065,0.0
ch05,-3.162796472000307,0.02191191432030322,0.0
ch06,-3.5147528531788548,0.02545191659200912,0.0
ch07,-2.8744562522637853,0.02022614744180523,0.0
