,cal0,cal1,cal2
ch01,-3.2845252196837387,0.026145625192818867,0.0
ch02,-3.702862635149933,0.0253653899918954,0.0
ch03,-7.011356059985306,0.02722941260057241,0.0
ch04,-3.9377436583550547,0.027062485082232603,0.0
ch05,-3.157672210217504,0.021908050881384377,0.0
ch06,-3.5576995305094523,0.0254692183092361,0.0
ch07,-2.8969080234400506,0.02027410936579912,0.0
