,cal0,cal1,cal2
ch01,-3.3287350548533507,0.02623974871241574,0.0
ch02,-3.7579536946531444,0.0253965073488687,0.0
ch03,-6.973472558088732,0.027108294204315993,0.0
ch04,-3.9156065537969478,0.027062623206195773,0.0
ch05,-3.156325197232361,0.021919097518753285,0.0
ch06,-3.475145346536562,0.025433162338412134,0.0
ch07,-2.907219244907283,0.02019135999956725,0.0
