,cal0,cal1,cal2
ch01,-3.307898895542962,0.026155835115993946,0.0
ch02,-3.712942139671529,0.025369088492339157,0.0
ch03,-7.018303642721353,0.027224206741596597,0.0
ch04,-3.9359124800565937,0.027062384455930958,0.0
ch05,-3.1599686637124194,0.021908733346822584,0.0
ch06,-3.545332466807822,0.025464375876569804,0.0
ch07,-2.8860123662494455,0.02025958026407381,0.0
