,cal0,cal1,cal2
ch01,-2.3917398380092285,0.026081131966566938,0.0
ch02,-2.728608199827461,0.025092502342340704,0.0
ch03,-5.894755264660171,0.026073414812201007,0.0
ch04,-3.519492175696379,0.027073466119188663,0.0
ch05,-2.7783798428311175,0.021935716427248217,0.0
ch06,-3.610567078944356,0.025828126892585183,0.0
ch07,-3.046580885496898,0.020919718258646695,0.0
