,cal0,cal1,cal2
ch01,-2.4518736057203365,0.02606390293892135,0.0
ch02,-2.772889631645042,0.025062205918414713,0.0
ch03,-5.9286419248600835,0.026088498982681854,0.0
ch04,-3.5501682632133873,0.027068799876827046,0.0
ch05,-2.860377641141311,0.021937741019876125,0.0
ch06,-3.611569084418474,0.025783308458591826,0.0
ch07,-3.093210858916494,0.02094834514763634,0.0
