,cal0,cal1,cal2
ch01,-2.382863675386504,0.02605203308649241,0.0
ch02,-2.7205286640468636,0.02508484404159231,0.0
ch03,-5.893636498674454,0.026072537201519537,0.0
ch04,-3.520708773556226,0.02708146991598037,0.0
ch05,-2.781042919243232,0.02193766187918931,0.0
ch06,-3.610889755540084,0.025825881379464493,0.0
ch07,-3.0535651191571422,0.020921114919670806,0.0
