,cal0,cal1,cal2
ch01,-2.353764594699543,0.025871097114739925,0.0
ch02,-2.6867266221138184,0.025009617383976317,0.0
ch03,-5.9048492137533435,0.026082196338313608,0.0
ch04,-3.5403696835324023,0.02725783057294283,0.0
ch05,-2.831547663273221,0.021958368823942764,0.0
ch06,-3.613542053517096,0.0258030161430228,0.0
ch07,-3.119356488178768,0.021010267112897316,0.0
