,cal0,cal1,cal2
ch01,-2.4159637777855876,0.02615947947862204,0.0
ch02,-2.7461341824735546,0.025111353930434007,0.0
ch03,-5.89936950868447,0.02607845315494325,0.0
ch04,-3.515929080574554,0.02706440283687837,0.0
ch05,-2.771000060615757,0.02193125217128832,0.0
ch06,-3.6096865301325,0.025834984206976188,0.0
ch07,-3.028342824310992,0.020915616928145683,0.0
