,cal0,cal1,cal2
ch01,-2.382686112014172,0.02592642591559769,0.0
ch02,-2.712977316304224,0.02502939566487343,0.0
ch03,-5.910473194125126,0.026081021764490613,0.0
ch04,-3.5431432388769686,0.02714790101333975,0.0
ch05,-2.839522768055741,0.021948787233656564,0.0
ch06,-3.61278251362357,0.025792259857155313,0.0
ch07,-3.1080269695571157,0.02094856651169613,0.0
