,cal0,cal1,cal2
ch01,-2.3638159906913274,0.025991185604790898,0.0
ch02,-2.7016139552004432,0.025066724560340724,0.0
ch03,-5.892057168358689,0.026072198295327965,0.0
ch04,-3.5231829662353533,0.02711583141451446,0.0
ch05,-2.786662357070795,0.02194274227402318,0.0
ch06,-3.6116041615513956,0.025821587158612824,0.0
ch07,-3.069259058513868,0.02092503639572721,0.0
