,cal0,cal1,cal2
ch01,-2.400193447836697,0.02610887678993043,0.0
ch02,-2.735574683509498,0.025099408464397777,0.0
ch03,-5.896087117999969,0.02607471161285677,0.0
ch04,-3.5182897733073113,0.0270687355115489,0.0
ch05,-2.7758171233583226,0.02193403676491832,0.0
ch06,-3.6102610745212895,0.025830394569638173,0.0
ch07,-3.040083032191322,0.020918345313237125,0.0
