,cal0,cal1,cal2
ch01,-3.4690175238262952,0.026064066704405156,0.0
ch02,-3.7984093142672477,0.026262477160556772,0.0
ch03,-6.9653568868391265,0.027179953415792903,0.0
ch04,-3.4263554268737373,0.027177510172817297,0.0
ch05,-3.5440132954626127,0.021941787875426166,0.0
ch06,-3.7688817818321043,0.02598332467755413,0.0
ch07,-3.683885875704999,0.021422132129986775,0.0
