,cal0,cal1,cal2
ch01,-3.484766504867161,0.026058937539347862,0.0
ch02,-3.7630680477907,0.02629634863289149,0.0
ch03,-6.97139758584984,0.027185435345144802,0.0
ch04,-3.4262017500815376,0.027300229146353567,0.0
ch05,-3.5421385336325235,0.021957340042185868,0.0
ch06,-3.7727002308646704,0.025988821564949034,0.0
ch07,-3.701820875330227,0.02142221813821147,0.0
