,cal0,cal1,cal2
ch01,-3.670550299880861,0.026071478700792072,0.0
ch02,-3.7946200011796454,0.02631070620004654,0.0
ch03,-6.996202144885215,0.027191768169960003,0.0
ch04,-3.4256547587520565,0.027397633225180042,0.0
ch05,-3.5247631120659153,0.021934577040904252,0.0
ch06,-3.7761391852454125,0.025992346006903477,0.0
ch07,-3.672834934306869,0.021419428825985076,0.0
