,cal0,cal1,cal2
ch01,-3.4392002482133908,0.02608072018744315,0.0
ch02,-3.910037261537794,0.02619970301574378,0.0
ch03,-6.941495257183032,0.02716717408694495,0.0
ch04,-3.4270251587901335,0.02706594359153884,0.0
ch05,-3.546394245469922,0.02192536754720479,0.0
ch06,-3.7595476556996816,0.025977606133769968,0.0
ch07,-3.6439431794009307,0.021414553794890608,0.0
