,cal0,cal1,cal2
ch01,-3.4420721410596973,0.026078428310269106,0.0
ch02,-3.899489726400369,0.026205763446574083,0.0
ch03,-6.945166999865745,0.027168773091735765,0.0
ch04,-3.4269163912548626,0.02706828771964473,0.0
ch05,-3.546447077517527,0.02192633018763184,0.0
ch06,-3.760764532333652,0.02597828758819582,0.0
ch07,-3.648122161608127,0.021415805662926134,0.0
