,cal0,cal1,cal2
ch01,-3.645547269707646,0.026067762273369172,0.0
ch02,-3.7780921612205245,0.026315020975025315,0.0
ch03,-6.994157916311723,0.027191952524237232,0.0
ch04,-3.425694285464877,0.027389603366987206,0.0
ch05,-3.527093524883557,0.021943089915041705,0.0
ch06,-3.7763104518187447,0.02599358838917932,0.0
ch07,-3.682552928691645,0.021424913105080715,0.0
