,cal0,cal1,cal2
ch01,-3.7131632466869444,0.026079084234596817,0.0
ch02,-3.826310804095203,0.026313348536166733,0.0
ch03,-6.999963869121622,0.02719387838733136,0.0
ch04,-3.4261115444116563,0.027460946308583888,0.0
ch05,-3.5197171259027558,0.021920744889022355,0.0
ch06,-3.777910551215107,0.025989680178375222,0.0
ch07,-3.6564499844618146,0.02139418721540282,0.0
