,cal0,cal1,cal2
ch01,-3.693762805530148,0.026075216730987255,0.0
ch02,-3.8110229405283476,0.02631058904782473,0.0
ch03,-6.998138730020685,0.027192299867416315,0.0
ch04,-3.425618352447807,0.027425453981180205,0.0
ch05,-3.522303931846328,0.021927276760227408,0.0
ch06,-3.7765687973696433,0.02599113053470887,0.0
ch07,-3.664240772581655,0.02140869073495947,0.0
