,cal0,cal1,cal2
ch01,-3.4452422886971092,0.026076064798153675,0.0
ch02,-3.8867352690307433,0.026212448438979734,0.0
ch03,-6.948749812429446,0.027170406917215374,0.0
ch04,-3.4268120890471514,0.02707233554750793,0.0
ch05,-3.5463703569866087,0.02192753028127391,0.0
ch06,-3.7619928274514773,0.02597898782056679,0.0
ch07,-3.6526652510304176,0.02141701428583724,0.0
