,cal0,cal1,cal2
ch01,-3.457455062740968,0.02606877723044924,0.0
ch02,-3.8368198160055598,0.026238069181509963,0.0
ch03,-6.958973036610387,0.027175721458789243,0.0
ch04,-3.426525382676135,0.02710884820190592,0.0
ch05,-3.5453536555982876,0.021933600079751824,0.0
ch06,-3.7658816014808107,0.025981229692581084,0.0
ch07,-3.6693019704127607,0.02142035800714401,0.0
