,cal0,cal1,cal2
ch01,-3.436552478635238,0.02608292932294307,0.0
ch02,-3.9184284824128497,0.02619413526890571,0.0
ch03,-6.93773362752458,0.027165595833349,0.0
ch04,-3.4271384451433344,0.027064601094148762,0.0
ch05,-3.546212961656266,0.02192458280788277,0.0
ch06,-3.758333333936562,0.02597694358713491,0.0
ch07,-3.6400634098054723,0.021413259764679792,0.0
