,cal0,cal1,cal2
ch01,-3.6203946298202627,0.026063753459061294,0.0
ch02,-3.762516304629568,0.026323879299141803,0.0
ch03,-6.99200957311676,0.027192825969249393,0.0
ch04,-3.42573694493821,0.02740574151479827,0.0
ch05,-3.5292941345240596,0.021953619464320097,0.0
ch06,-3.777025999999985,0.025995766410103063,0.0
ch07,-3.6933798481679068,0.021426100159024214,0.0
