,cal0,cal1,cal2
ch01,-3.7208860865653346,0.02609437407131604,0.0
ch02,-3.862942061039203,0.026273934255828947,0.0
ch03,-7.0060655094329745,0.027189771158937136,0.0
ch04,-3.4260098856887704,0.02742036482656799,0.0
ch05,-3.508120038788122,0.021912916215339674,0.0
ch06,-3.7740780752491427,0.025993718681246315,0.0
ch07,-3.6219403079138277,0.021394628324845077,0.0
