,cal0,cal1,cal2
ch01,-3.705234503111474,0.02609799559415835,0.0
ch02,-3.864580122693825,0.026250495152640576,0.0
ch03,-7.007268322190127,0.027185991001591893,0.0
ch04,-3.42545825835352,0.02735468422522835,0.0
ch05,-3.5049157510320086,0.021914737109347562,0.0
ch06,-3.7707371808312384,0.02599708210899086,0.0
ch07,-3.6121561437755783,0.021409385792978228,0.0
