,cal0,cal1,cal2
ch01,-3.73055477906488,0.026090704247590482,0.0
ch02,-3.8582413001979647,0.026295937199115493,0.0
ch03,-7.00472891053889,0.027195856407040194,0.0
ch04,-3.5295304070772304,0.027469935636306918,0.0
ch05,-3.511203904573541,0.02191152708112981,0.0
ch06,-3.7794757015824167,0.025990600678650163,0.0
ch07,-3.631655388980282,0.02138125107456786,0.0
