,cal0,cal1,cal2
ch01,-4.090072946325909,0.025996780838142962,0.0
ch02,-3.181076416804087,0.025620839355620064,0.0
ch03,-6.8287519764056235,0.02583252785998865,0.0
ch04,-3.852369143929316,0.027339394904613772,0.0
ch05,-3.55689604521493,0.021811889119832718,0.0
ch06,-4.0212195646788205,0.026019715587114956,0.0
ch07,-3.7834105723633,0.021235623430943137,0.0
