,cal0,cal1,cal2
ch01,-3.4274560733588437,0.026220125674272548,0.0
ch02,-2.964326383798103,0.025562171839971955,0.0
ch03,-6.292528669662461,0.02617739467872572,0.0
ch04,-3.4261915715776454,0.02707949820703979,0.0
ch05,-3.0114644736630685,0.021906568319886414,0.0
ch06,-3.7769325249953996,0.025969885642823695,0.0
ch07,-3.600023158198181,0.02115982633276181,0.0
