,cal0,cal1,cal2
ch01,-3.9443231537524484,0.026074254936247883,0.0
ch02,-3.0499625970955195,0.025851089951321758,0.0
ch03,-6.371181294656871,0.02630327704985069,0.0
ch04,-3.445935528618229,0.0270472483178943,0.0
ch05,-3.073632549777725,0.021878902874233414,0.0
ch06,-3.8047318100575316,0.025960012897051243,0.0
ch07,-3.7795068444604314,0.02123288636392989,0.0
