,cal0,cal1,cal2
ch01,-3.6663658931972622,0.026172021010640804,0.0
ch02,-3.0583071907498702,0.025573930727951846,0.0
ch03,-6.310836259574264,0.02618749963270751,0.0
ch04,-3.4297884616856393,0.027132976510824035,0.0
ch05,-3.0229787692136814,0.02189252294949294,0.0
ch06,-3.786644224534446,0.02596855472067029,0.0
ch07,-3.6562431326390863,0.021172932957183307,0.0
