,cal0,cal1,cal2
ch01,-3.138186008756372,0.026280124721784426,0.0
ch02,-2.8554180923538195,0.025550265314585787,0.0
ch03,-6.259658614296545,0.02616066329193299,0.0
ch04,-3.420157745150924,0.027063482141268327,0.0
ch05,-2.9921743080742282,0.02191501419665469,0.0
ch06,-3.7623565106059162,0.025975043408333568,0.0
ch07,-3.531907399083965,0.021140298462729547,0.0
