,cal0,cal1,cal2
ch01,-3.2389338721309087,0.026259426284725395,0.0
ch02,-2.889335118557401,0.025554173334911227,0.0
ch03,-6.273068890459375,0.026167125223069996,0.0
ch04,-3.422574278624272,0.027065755957102755,0.0
ch05,-2.999886803754337,0.021912756695817256,0.0
ch06,-3.7680745210887014,0.02597287905139689,0.0
ch07,-3.5560519033399,0.021147969598217832,0.0
