,cal0,cal1,cal2
ch01,-3.9620173586969627,0.026076370124861047,0.0
ch02,-3.0740967236605443,0.0258074682177352,0.0
ch03,-6.368552745659766,0.026290105286251555,0.0
ch04,-3.444832600487798,0.027079885470500317,0.0
ch05,-3.070269677528837,0.021880122993224976,0.0
ch06,-3.8044910088270654,0.025959641780444506,0.0
ch07,-3.7754457189973856,0.021228588544094373,0.0
