,cal0,cal1,cal2
ch01,-3.926413087034866,0.02606103799448427,0.0
ch02,-3.005701439880399,0.025960560377740118,0.0
ch03,-6.375584873246684,0.026332728446338906,0.0
ch04,-3.448111289380772,0.02698288698739365,0.0
ch05,-3.080206622336551,0.021866674977522326,0.0
ch06,-3.806561076412004,0.025968991289515703,0.0
ch07,-3.7951199630114836,0.021241865209115772,0.0
