,cal0,cal1,cal2
ch01,-3.9246988014901953,0.026094848903490835,0.0
ch02,-3.142077192779276,0.025591093074448342,0.0
ch03,-6.327608982103797,0.02619429254756007,0.0
ch04,-3.4333522572238704,0.02725350952868717,0.0
ch05,-3.0343491034044705,0.02185724851311767,0.0
ch06,-3.799229128232778,0.025987313577412144,0.0
ch07,-3.726104940517204,0.02119950384478679,0.0
