,cal0,cal1,cal2
ch01,-3.2963348670614385,0.026247418967076157,0.0
ch02,-2.9112089259654925,0.02555650770037506,0.0
ch03,-6.279658473286628,0.02617049446676612,0.0
ch04,-3.4237815192309387,0.027068250368193585,0.0
ch05,-3.0037479601873516,0.02191117596685605,0.0
ch06,-3.770977137608386,0.02597184468121353,0.0
ch07,-3.5695686532400748,0.02115187483462075,0.0
