,cal0,cal1,cal2
ch01,-3.879876164684037,0.025999219632533807,0.0
ch02,-2.941426264563435,0.026188244308046175,0.0
ch03,-6.559910956156122,0.02714536058440574,0.0
ch04,-3.2966520672893243,0.026893567569792613,0.0
ch05,-3.500135952935725,0.02181860279047603,0.0
ch06,-4.0304259279776025,0.026014401074584845,0.0
ch07,-3.819178869770679,0.02126009010446321,0.0
