,cal0,cal1,cal2
ch01,-3.5017250514861518,0.02620501517360364,0.0
ch02,-2.9946307624128607,0.02556560302359776,0.0
ch03,-6.298778887652413,0.02618085579099157,0.0
ch04,-3.427393433651502,0.027090739429724148,0.0
ch05,-3.0153136653205324,0.02190317032693492,0.0
ch06,-3.780027634539293,0.025969012825995987,0.0
ch07,-3.6172192679600093,0.0211639017301112,0.0
