,cal0,cal1,cal2
ch01,-4.104047633024669,0.026001837575317186,0.0
ch02,-3.1806708320426966,0.025637502206789536,0.0
ch03,-6.347009771702046,0.026201555550286797,0.0
ch04,-3.508829066829327,0.027325018535201268,0.0
ch05,-3.04915416757874,0.021819304338628453,0.0
ch06,-3.8184590876509747,0.02601349053368373,0.0
ch07,-3.7887912921317053,0.02123618568630774,0.0
