,cal0,cal1,cal2
ch01,-4.015941510798857,0.02607448985800197,0.0
ch02,-3.1219097004859986,0.025736532263429954,0.0
ch03,-6.36245351873119,0.02626485182932644,0.0
ch04,-3.442598701638798,0.027156180689739868,0.0
ch05,-3.0634015759201385,0.021873380430019636,0.0
ch06,-3.80514523798242,0.025964164434962324,0.0
ch07,-3.775200725586949,0.021222252825235755,0.0
