,cal0,cal1,cal2
ch01,-3.1002029101584476,0.026322624152550458,0.0
ch02,-3.329377346871455,0.025637099002660927,0.0
ch03,-6.647370451054725,0.026870544102426553,0.0
ch04,-3.4837009843159983,0.027062464215902367,0.0
ch05,-2.996814402576292,0.021925204605864206,0.0
ch06,-3.667914264093234,0.026032673840839116,0.0
ch07,-3.271204346240112,0.02116740721814693,0.0
