,cal0,cal1,cal2
ch01,-2.8575350052052886,0.026257771724003922,0.0
ch02,-3.112250528618046,0.025504820247796062,0.0
ch03,-6.430514306894762,0.026768141530451955,0.0
ch04,-3.4798658907105247,0.027062526480513893,0.0
ch05,-2.8531843208488867,0.021921616569322542,0.0
ch06,-3.643159453093765,0.026035044597535483,0.0
ch07,-3.203532753601491,0.021145922964628142,0.0
