,cal0,cal1,cal2
ch01,-2.952137124261884,0.02627805737157718,0.0
ch02,-3.180427240391749,0.025560339739625397,0.0
ch03,-6.510660335718772,0.02681021020498919,0.0
ch04,-3.48081393896259,0.027062538056847392,0.0
ch05,-2.901986511588029,0.02192579460343863,0.0
ch06,-3.654515678215682,0.026036708374740196,0.0
ch07,-3.2455560956818816,0.021156274175998427,0.0
