,cal0,cal1,cal2
ch01,-2.879860221767963,0.026261796648595386,0.0
ch02,-3.128823113908678,0.025520985289561104,0.0
ch03,-6.450572359809223,0.026779174235998415,0.0
ch04,-3.4800528173863494,0.02706254952360142,0.0
ch05,-2.8650705030183365,0.02192274794793477,0.0
ch06,-3.6461010911238665,0.026035723698935094,0.0
ch07,-3.21591735753354,0.021148814726491407,0.0
