,cal0,cal1,cal2
ch01,-3.0657092485665887,0.026313105235354472,0.0
ch02,-3.287320166523853,0.025616223669568422,0.0
ch03,-6.614017663337857,0.02685691571920763,0.0
ch04,-3.482825954863584,0.027062479283097875,0.0
ch05,-2.9717328504747,0.02192660285942462,0.0
ch06,-3.665613017955132,0.026034598963725973,0.0
ch07,-3.269039130088199,0.021165389408111506,0.0
