,cal0,cal1,cal2
ch01,-2.9035656450282663,0.026266565626337588,0.0
ch02,-3.145675516487183,0.025535555561587993,0.0
ch03,-6.470676523626266,0.026789893439252883,0.0
ch04,-3.4802746500475688,0.027062557784055287,0.0
ch05,-2.8771922748070318,0.021923854720360254,0.0
ch06,-3.6490076786238106,0.02603622625166572,0.0
ch07,-3.2271567354578554,0.021151504266317143,0.0
