,cal0,cal1,cal2
ch01,-3.1476239381259687,0.02633079135800271,0.0
ch02,-3.3930898421441844,0.02566889577653601,0.0
ch03,-6.691568077705938,0.02688804753976198,0.0
ch04,-3.4851086856721287,0.027062460936935696,0.0
ch05,-3.0333260865080636,0.021922690339431797,0.0
ch06,-3.669757182277962,0.02602875874016095,0.0
ch07,-3.2724115836821324,0.02116938715179631,0.0
