,cal0,cal1,cal2
ch01,-2.997696037095,0.02629116900870765,0.0
ch02,-3.21724856797103,0.025581286209609908,0.0
ch03,-6.549751961607662,0.0268288090159419,0.0
ch04,-3.4814658230888886,0.027062510134668212,0.0
ch05,-2.927257382643033,0.02192700858508014,0.0
ch06,-3.6593418924584826,0.02603650892708877,0.0
ch07,-3.2582251968225617,0.021160244445811886,0.0
