,cal0,cal1,cal2
ch01,-3.1084833011565185,0.02632452034076446,0.0
ch02,-3.339980554134734,0.025642402633757604,0.0
ch03,-6.655248082416141,0.026873696834327932,0.0
ch04,-3.4839285405542877,0.027062461907277995,0.0
ch05,-3.0030070677099094,0.021924792908552003,0.0
ch06,-3.668351740242641,0.02603210401428557,0.0
ch07,-3.2715104098182004,0.021167818881575092,0.0
