,cal0,cal1,cal2
ch01,-3.018511979105267,0.026297827402345562,0.0
ch02,-3.2365960122415167,0.02559119227795652,0.0
ch03,-6.568749864337216,0.026837417007354963,0.0
ch04,-3.481828544506508,0.02706250064139489,0.0
ch05,-2.9399770877201434,0.02192723089526774,0.0
ch06,-3.6614292368295893,0.026036161181823662,0.0
ch07,-3.2625849105042035,0.021161940223671103,0.0
