,cal0,cal1,cal2
ch01,-2.975533155848938,0.026284506220002116,0.0
ch02,-3.1985336309675616,0.02557111339490095,0.0
ch03,-6.530361101226795,0.026819736330304336,0.0
ch04,-3.481126906894041,0.02706252269606481,0.0
ch05,-2.914581447563378,0.021926518010014127,0.0
ch06,-3.6570304581728212,0.02603669244168514,0.0
ch07,-3.2525888779265033,0.02115835752761809,0.0
