,cal0,cal1,cal2
ch01,-2.9867825815028892,0.026287824359553503,0.0
ch02,-3.207811907695062,0.02557625258455202,0.0
ch03,-6.54010054434667,0.026824330295669982,0.0
ch04,-3.4812932565743973,0.02706251596746373,0.0
ch05,-2.9209116378377815,0.02192679506964265,0.0
ch06,-3.6582131222191876,0.026036621432494106,0.0
ch07,-3.255575402062045,0.021159325242044075,0.0
