,cal0,cal1,cal2
ch01,-3.13245643940007,0.026328939147100154,0.0
ch02,-3.3718516949661064,0.02565834821469545,0.0
ch03,-6.677674772619321,0.02688258187237296,0.0
ch04,-3.4846289421464998,0.02706245939981205,0.0
ch05,-3.021340712793209,0.02192352039301107,0.0
ch06,-3.6693484409203023,0.026030193128456714,0.0
ch07,-3.272129160554551,0.021168852399266993,0.0
