,cal0,cal1,cal2
ch01,-2.9639705158684726,0.026281241847772318,0.0
ch02,-3.1894084823587354,0.025565824556554984,0.0
ch03,-6.520544131629449,0.026815028843725795,0.0
ch04,-3.4809670435108124,0.0270625301918615,0.0
ch05,-2.9082714947399086,0.02192618251561797,0.0
ch06,-3.6557968011698256,0.026036721548712814,0.0
ch07,-3.2492522239264034,0.021157340682467687,0.0
