,cal0,cal1,cal2
ch01,-2.7256178947649996,0.026241279779298486,0.0
ch02,-2.791898930887626,0.025134637339181892,0.0
ch03,-6.038557309038962,0.026506551652856248,0.0
ch04,-3.3959028622120657,0.027062378331153283,0.0
ch05,-2.606987841107676,0.021915416777384518,0.0
ch06,-3.6534808707046103,0.0261375053382688,0.0
ch07,-3.062788627328419,0.02105862056425228,0.0
