,cal0,cal1,cal2
ch01,-2.50211654738261,0.02615475125320494,0.0
ch02,-2.534861439008285,0.02449343059766504,0.0
ch03,-5.839006020035109,0.026281517205264372,0.0
ch04,-3.3955503324732708,0.02788482516576782,0.0
ch05,-2.4934896518993925,0.021949234573356412,0.0
ch06,-3.6419404961552173,0.026091360674649615,0.0
ch07,-2.889473945850854,0.021128115666848666,0.0
