,cal0,cal1,cal2
ch01,-2.630079907752095,0.026223474882389866,0.0
ch02,-2.713026697471875,0.024968449778577113,0.0
ch03,-5.946695884063117,0.026428495683024734,0.0
ch04,-3.3952046334049957,0.02706648707662558,0.0
ch05,-2.552224887262806,0.021916986842229792,0.0
ch06,-3.6464438013056446,0.0261319527446399,0.0
ch07,-2.9949963921703064,0.021038168262836512,0.0
