,cal0,cal1,cal2
ch01,-2.7138493359125064,0.02624019544823369,0.0
ch02,-2.782884383859014,0.025117188070595875,0.0
ch03,-6.026718616492245,0.02649737703619163,0.0
ch04,-3.395777775808344,0.02706241785453269,0.0
ch05,-2.5997106092513333,0.02191549265710659,0.0
ch06,-3.652624649048032,0.026136970043755182,0.0
ch07,-3.054985078014838,0.021056118576913706,0.0
