,cal0,cal1,cal2
ch01,-2.4553792966009986,0.026144019941639656,0.0
ch02,-2.4870325172110146,0.02430071604223242,0.0
ch03,-5.793883038384828,0.026199581002993348,0.0
ch04,-3.396805800010319,0.028354478008167237,0.0
ch05,-2.47163582229786,0.021974845403384315,0.0
ch06,-3.6409052506663895,0.026018175795296004,0.0
ch07,-2.845524716805085,0.021388775686694606,0.0
