,cal0,cal1,cal2
ch01,-2.702009684920375,0.026238859882483076,0.0
ch02,-2.773807120183129,0.025098954946320664,0.0
ch03,-6.014954642026759,0.026488052418687055,0.0
ch04,-3.395662907239314,0.027062485346597265,0.0
ch05,-2.592544156970976,0.021915587857100807,0.0
ch06,-3.6517522280770898,0.02613638933251605,0.0
ch07,-3.046975651825328,0.021053596300416977,0.0
