,cal0,cal1,cal2
ch01,-2.605991919670613,0.026214720581208387,0.0
ch02,-2.6873589339778605,0.024913787549763353,0.0
ch03,-5.925146214848581,0.026406913469150133,0.0
ch04,-3.395146760785329,0.027074797987705203,0.0
ch05,-2.539951933641405,0.021918118875443957,0.0
ch06,-3.644790844328249,0.026130113547526073,0.0
ch07,-2.9764161990356772,0.021032974941975348,0.0
