,cal0,cal1,cal2
ch01,-2.4743946349217936,0.02610616678729594,0.0
ch02,-2.4982305844643005,0.024256069927380195,0.0
ch03,-5.815075274259171,0.026179069036232502,0.0
ch04,-3.448783858949636,0.028515981914127367,0.0
ch05,-2.481582370667708,0.02198873344632406,0.0
ch06,-3.6507286590259738,0.02599066048448489,0.0
ch07,-2.8629894040795043,0.021533848590343557,0.0
