,cal0,cal1,cal2
ch01,-2.5939749016321096,0.02620959362609285,0.0
ch02,-2.672965957618335,0.02488342133516524,0.0
ch03,-5.914654334289276,0.026395679125500816,0.0
ch04,-3.3951368827416264,0.027083842713406324,0.0
ch05,-2.5340603699253563,0.021918938803408474,0.0
ch06,-3.6440223667885303,0.02612912711364433,0.0
ch07,-2.966949267699952,0.02103038141202207,0.0
