,cal0,cal1,cal2
ch01,-2.642126819479029,0.026227103399164384,0.0
ch02,-2.7245062739997947,0.02499326745353502,0.0
ch03,-5.957728789990872,0.02643891175859931,0.0
ch04,-3.3952520721278945,0.027064731972941933,0.0
ch05,-2.558594969698073,0.021916597753349094,0.0
ch06,-3.64730964073012,0.026132805150572924,0.0
ch07,-3.0040808249292725,0.02104076212742843,0.0
