,cal0,cal1,cal2
ch01,-2.4828158148973745,0.02612146922290909,0.0
ch02,-2.507911481481868,0.024328834913518907,0.0
ch03,-5.822755972059771,0.026228510528434234,0.0
ch04,-3.396122189533851,0.028354950433542258,0.0
ch05,-2.4853378329114157,0.021975489868863204,0.0
ch06,-3.6454346234917425,0.026024164910586116,0.0
ch07,-2.8711727808768583,0.021398201062028027,0.0
