,cal0,cal1,cal2
ch01,-2.6901107760221685,0.026237236992787058,0.0
ch02,-2.76460092722537,0.025079871426197345,0.0
ch03,-6.003278953440801,0.026478571862821754,0.0
ch04,-3.395558550167124,0.027062600529916846,0.0
ch05,-2.58549487974543,0.021915707711727326,0.0
ch06,-3.6508678686015252,0.026135763191771823,0.0
ch07,-3.0387660851603417,0.021051055972911563,0.0
