,cal0,cal1,cal2
ch01,-2.447911303294532,0.026198898101496636,0.0
ch02,-2.4934256454229073,0.024437834072545128,0.0
ch03,-5.78134379933566,0.02622373798630664,0.0
ch04,-3.3969262638615474,0.02788321260242128,0.0
ch05,-2.466131445439504,0.021947986250001706,0.0
ch06,-3.6329321844378173,0.02607941301099942,0.0
ch07,-2.8387997956126125,0.02110922978152033,0.0
