,cal0,cal1,cal2
ch01,-3.0249920012646334,0.02605165995201099,0.0
ch02,-3.5494686424858886,0.025291826235597874,0.0
ch03,-6.832440154437743,0.02722244299622126,0.0
ch04,-3.9453027043419544,0.027062844371987485,0.0
ch05,-3.1320995081323555,0.02190863221708284,0.0
ch06,-3.67645075881481,0.02553460335162214,0.0
ch07,-3.0545656747336234,0.02044539747253747,0.0
