,cal0,cal1,cal2
ch01,-2.9455206903818003,0.0259103729744992,0.0
ch02,-3.474215957427409,0.025228036184177353,0.0
ch03,-6.786258609187889,0.027214324253169997,0.0
ch04,-3.947239214640709,0.027095553529727562,0.0
ch05,-3.1069148284861448,0.021908037322203065,0.0
ch06,-3.733975205588574,0.02555395538588123,0.0
ch07,-3.226046371845906,0.02048800005036973,0.0
