,cal0,cal1,cal2
ch01,-2.93551830495101,0.025896025412424733,0.0
ch02,-3.464215720205042,0.025217844698005292,0.0
ch03,-6.782109299241963,0.02721349358928845,0.0
ch04,-3.947243181961528,0.02711455741218038,0.0
ch05,-3.104549909373384,0.021908452475796487,0.0
ch06,-3.7401643980822996,0.025565216814652743,0.0
ch07,-3.2484834359381445,0.020492297201246554,0.0
