,cal0,cal1,cal2
ch01,-2.877524872248622,0.025791172234808892,0.0
ch02,-3.4109516856154887,0.025131833526834506,0.0
ch03,-6.745138188501807,0.027205434046568246,0.0
ch04,-3.9463383948553257,0.02731037717401933,0.0
ch05,-3.082115227245256,0.02191568678454822,0.0
ch06,-3.7950627183048935,0.026643850741554835,0.0
ch07,-3.3901260236298616,0.02064894308739414,0.0
