,cal0,cal1,cal2
ch01,-2.925008944124871,0.025881537716534758,0.0
ch02,-3.4542532695700516,0.025206028062161323,0.0
ch03,-6.7779515695407015,0.0272128204805915,0.0
ch04,-3.947223732031874,0.027141580653407202,0.0
ch05,-3.1021534865924507,0.021909127092224548,0.0
ch06,-3.7470377271727204,0.025600011474592278,0.0
ch07,-3.2728265919972923,0.02049935011566088,0.0
