,cal0,cal1,cal2
ch01,-2.9791955959165293,0.025965925503365937,0.0
ch02,-3.509850979821321,0.025257768231493314,0.0
ch03,-6.80261984985673,0.027218089896455154,0.0
ch04,-3.946985355214596,0.02706697096824628,0.0
ch05,-3.1160172137554434,0.02190768448108363,0.0
ch06,-3.7128797369399273,0.025545751558651197,0.0
ch07,-3.152290735624803,0.020474418994569425,0.0
