,cal0,cal1,cal2
ch01,-3.0296193097519035,0.026059941227822146,0.0
ch02,-3.5525209189396403,0.02529495195812776,0.0
ch03,-6.835719283468146,0.0272224257262704,0.0
ch04,-3.944979877081109,0.027062818718743435,0.0
ch05,-3.1338761547009337,0.02190877365973367,0.0
ch06,-3.672049897193613,0.025533163766014264,0.0
ch07,-3.045499790496933,0.020441643615354357,0.0
