,cal0,cal1,cal2
ch01,-3.0045338947684037,0.02601345804806969,0.0
ch02,-3.5341058437542814,0.025277338854651922,0.0
ch03,-6.8182044241907755,0.027221136544684367,0.0
ch04,-3.946342704319428,0.027063268760220263,0.0
ch05,-3.1244515375087167,0.021908083017433876,0.0
ch06,-3.694277561467728,0.02554027178832484,0.0
ch07,-3.0971039788129726,0.02046021321120382,0.0
