,cal0,cal1,cal2
ch01,-2.963617825511758,0.0259388063007344,0.0
ch02,-3.4932638040619444,0.02524468920486295,0.0
ch03,-6.79450226209137,0.02721619992163605,0.0
ch04,-3.9471602459860655,0.02707488267503906,0.0
ch05,-3.1115416274643746,0.021907686581148444,0.0
ch06,-3.7229068059363364,0.02554848725682279,0.0
ch07,-3.186311170455999,0.020481189625114842,0.0
