,cal0,cal1,cal2
ch01,-3.01520624149662,0.026033640363667496,0.0
ch02,-3.542566633238123,0.025285037168012347,0.0
ch03,-6.825527729470158,0.02722204924220012,0.0
ch04,-3.945872801727286,0.027062954405813754,0.0
ch05,-3.1283806587654635,0.0219083518172841,0.0
ch06,-3.685311119941275,0.02553745751476975,0.0
ch07,-3.074494320468725,0.020452857745531013,0.0
