,cal0,cal1,cal2
ch01,-2.9548979176495975,0.025924678334391254,0.0
ch02,-3.483973871072792,0.02523690248851032,0.0
ch03,-6.7903921581501825,0.027215242843194053,0.0
ch04,-3.9472116322302657,0.027082920143910703,0.0
ch05,-3.109246102586412,0.021907800685635522,0.0
ch06,-3.72826757639474,0.025550260568589358,0.0
ch07,-3.205380487296806,0.02048452020827088,0.0
