,cal0,cal1,cal2
ch01,-2.8935397636768045,0.025841034173186485,0.0
ch02,-3.418251553689466,0.025174937259433733,0.0
ch03,-6.733360395609079,0.027187483944925234,0.0
ch04,-3.945529410315351,0.027177521174465133,0.0
ch05,-3.0743558057686893,0.021908146439468843,0.0
ch06,-3.758614213632021,0.025703128326151313,0.0
ch07,-3.3202046270299452,0.020537500440208405,0.0
