,cal0,cal1,cal2
ch01,-3.03409419680665,0.02606778213857813,0.0
ch02,-3.555384351741492,0.02529792761166412,0.0
ch03,-6.838868274604819,0.027222256947326925,0.0
ch04,-3.944631777225735,0.027062802215982215,0.0
ch05,-3.1355956571757373,0.02190891510873907,0.0
ch06,-3.66766672264005,0.0255317171822156,0.0
ch07,-3.0369860465775838,0.020437882412298485,0.0
