,cal0,cal1,cal2
ch01,-2.8757120049581353,0.0257684728964882,0.0
ch02,-3.412773758310668,0.02511367148123597,0.0
ch03,-6.949451823648473,0.02745226391736516,0.0
ch04,-4.020843696374708,0.02735501231802247,0.0
ch05,-3.363312339269884,0.021920150227738362,0.0
ch06,-4.54090777093483,0.027162538032906264,0.0
ch07,-3.409915473713005,0.020710033050221975,0.0
