,cal0,cal1,cal2
ch01,-2.887456747589111,0.025828355412877473,0.0
ch02,-3.4148297333335718,0.025162537806034637,0.0
ch03,-6.737242170854284,0.02719240123767889,0.0
ch04,-3.9457909731726586,0.027220805286039193,0.0
ch05,-3.0769492702313506,0.021910043162977608,0.0
ch06,-3.767307742016202,0.02589728162763899,0.0
ch07,-3.344179690120648,0.020559581687828822,0.0
