,cal0,cal1,cal2
ch01,-2.893733268283425,0.025826140201637014,0.0
ch02,-3.4278390237049097,0.025157926074468845,0.0
ch03,-6.76549564656094,0.02721322110062107,0.0
ch04,-3.947027009815018,0.027267380643860802,0.0
ch05,-3.0947971140803103,0.021913904627386096,0.0
ch06,-3.7764199499604794,0.026218264351809635,0.0
ch07,-3.3550541667081015,0.020583902869967557,0.0
