,cal0,cal1,cal2
ch01,-2.7397316014530233,0.026388814201482366,0.0
ch02,-3.016692042082485,0.025262623115020786,0.0
ch03,-6.269636913899718,0.026634353988796374,0.0
ch04,-3.5441430640085945,0.027061953578385856,0.0
ch05,-2.7716511220383375,0.021913026055201974,0.0
ch06,-3.561918289489166,0.025892485978159317,0.0
ch07,-2.776416057555984,0.02090888820925072,0.0
