,cal0,cal1,cal2
ch01,-2.7449571452599697,0.026396121234359884,0.0
ch02,-3.01891953977848,0.025261587439116388,0.0
ch03,-6.277375710981097,0.026645583056082743,0.0
ch04,-3.5437526868335,0.02706198630530562,0.0
ch05,-2.777405839818234,0.021913075712823617,0.0
ch06,-3.555818890467698,0.025896018186590552,0.0
ch07,-2.7775709789217258,0.020911177336476853,0.0
