,cal0,cal1,cal2
ch01,-2.7246403354109607,0.026354056662996464,0.0
ch02,-3.0073309790333753,0.025255171235237427,0.0
ch03,-6.242195352040086,0.026586772775561696,0.0
ch04,-3.5464584222263045,0.027062055396179605,0.0
ch05,-2.75286213767144,0.021912577538613413,0.0
ch06,-3.5850988009732716,0.025876915687475327,0.0
ch07,-2.7880829914873813,0.020898999871669693,0.0
