,cal0,cal1,cal2
ch01,-2.737349651670052,0.026384619657761794,0.0
ch02,-3.015775871771424,0.025262890609716517,0.0
ch03,-6.2658991056590425,0.026628619321359077,0.0
ch04,-3.5443658778859217,0.027061945449043372,0.0
ch05,-2.768924311525477,0.021912986389824262,0.0
ch06,-3.564986140363818,0.025890663092465724,0.0
ch07,-2.776580172166823,0.020907710905144743,0.0
