,cal0,cal1,cal2
ch01,-2.7643479878408845,0.026404837622824886,0.0
ch02,-3.0329674440645986,0.025259594402524597,0.0
ch03,-6.302631785925445,0.02667702310435187,0.0
ch04,-3.5430077934588184,0.027062143160529264,0.0
ch05,-2.7968828184747982,0.021912957568979926,0.0
ch06,-3.5390447030558416,0.025905658783674117,0.0
ch07,-2.7934239182722376,0.02091742866624961,0.0
