,cal0,cal1,cal2
ch01,-2.798432949994478,0.02638692217730669,0.0
ch02,-3.0684936896247947,0.025271963420394887,0.0
ch03,-6.340470042390479,0.026713105995981132,0.0
ch04,-3.5429346804218853,0.027062280951529034,0.0
ch05,-2.8271002525943056,0.02191256374716567,0.0
ch06,-3.5230168093175043,0.025916125372622424,0.0
ch07,-2.8354464613201507,0.020924051006967374,0.0
