,cal0,cal1,cal2
ch01,-2.729283196727856,0.02636648333444832,0.0
ch02,-3.0117545859005364,0.025260843893244792,0.0
ch03,-6.2518294555152485,0.026605013165985045,0.0
ch04,-3.5454457634832948,0.02706197829596216,0.0
ch05,-2.759076540625595,0.021912764400006786,0.0
ch06,-3.5769341445301857,0.025883010690134583,0.0
ch07,-2.7813816240415687,0.020902818008897758,0.0
