,cal0,cal1,cal2
ch01,-2.7310895326960143,0.026371023927584024,0.0
ch02,-3.0129251275253215,0.02526191460171133,0.0
ch03,-6.255214843082548,0.026611003013651574,0.0
ch04,-3.5451471432597894,0.027061960592039164,0.0
ch05,-2.761375112858751,0.02191282599289948,0.0
ch06,-3.574031522267774,0.025884976317610227,0.0
ch07,-2.7796443743288894,0.02090406567962813,0.0
