,cal0,cal1,cal2
ch01,-2.8082898238902003,0.02637986814378877,0.0
ch02,-3.07881361032035,0.025278054130610902,0.0
ch03,-6.350505294091307,0.026721090948424273,0.0
ch04,-3.543066007898889,0.02706229587587299,0.0
ch05,-2.8352355720690365,0.021912521121987813,0.0
ch06,-3.5202614543200665,0.025918295546829978,0.0
ch07,-2.847406294079009,0.020925375283407488,0.0
