,cal0,cal1,cal2
ch01,-2.726062589985279,0.02635792685959119,0.0
ch02,-3.0089444915669197,0.025257464821515457,0.0
ch03,-6.245320349617176,0.026592892252628578,0.0
ch04,-3.5461012610721028,0.02706202714566315,0.0
ch05,-2.7548182492248703,0.02191263878861865,0.0
ch06,-3.5824794890343306,0.02587897947871985,0.0
ch07,-2.7856481823895227,0.02090028345154534,0.0
