,cal0,cal1,cal2
ch01,-2.7276090071890313,0.02636209142051391,0.0
ch02,-3.01042663134561,0.025259360685792244,0.0
ch03,-6.248531484061215,0.026598974301859504,0.0
ch04,-3.5457637537088353,0.0270620009371056,0.0
ch05,-2.756890297214442,0.021912701507180384,0.0
ch06,-3.5797543890976735,0.02588101144936468,0.0
ch07,-2.7833988425846936,0.02090155671774387,0.0
