,cal0,cal1,cal2
ch01,-2.7351180263917687,0.02638018984262552,0.0
ch02,-3.014887565423025,0.025262898785145003,0.0
ch03,-6.262249470781431,0.026622812025321487,0.0
ch04,-3.5446073729245104,0.027061943782289856,0.0
ch05,-2.766301165980927,0.021912938708246277,0.0
ch06,-3.568040172792397,0.025888803334062915,0.0
ch07,-2.777199119008401,0.020906513701108416,0.0
