,cal0,cal1,cal2
ch01,-2.633810565819989,0.02565065451109021,0.0
ch02,-2.7943165725783667,0.02477050720617855,0.0
ch03,-6.402455146470508,0.026838749213667183,0.0
ch04,-3.950490200804626,0.02706298681599071,0.0
ch05,-2.9124421279243218,0.021907757891581205,0.0
ch06,-3.4983746509306783,0.025440384687863905,0.0
ch07,-2.751633111276649,0.020352656721100024,0.0
