,cal0,cal1,cal2
ch01,-2.653565491643515,0.025662746671827642,0.0
ch02,-2.8650738793254367,0.024741009001000645,0.0
ch03,-6.429248996171651,0.026873837830533497,0.0
ch04,-3.95954481927541,0.027062993222242687,0.0
ch05,-2.9079567481670967,0.021909383264393276,0.0
ch06,-3.530774054109495,0.025450471726546072,0.0
ch07,-2.721517635443953,0.020304021453828112,0.0
