,cal0,cal1,cal2
ch01,-2.679157564432231,0.02570907588039836,0.0
ch02,-2.9529430812845097,0.024807114576714875,0.0
ch03,-6.475329018963933,0.02691842373718435,0.0
ch04,-3.9682113879623726,0.02706299026675807,0.0
ch05,-2.9141642162958994,0.02190818627558886,0.0
ch06,-3.5616813586323937,0.025458636265844124,0.0
ch07,-2.7298768630380557,0.020276204337044232,0.0
