,cal0,cal1,cal2
ch01,-2.630394070931927,0.025649903546364223,0.0
ch02,-2.7792838319411834,0.02478782319401342,0.0
ch03,-6.399225858216361,0.026831077064342714,0.0
ch04,-3.9482249520649564,0.027062984116883283,0.0
ch05,-2.914999405711812,0.02190707783550481,0.0
ch06,-3.490501261260848,0.02543769869866712,0.0
ch07,-2.762615509679381,0.020367732539786736,0.0
