,cal0,cal1,cal2
ch01,-2.6325852949265403,0.025650406022707257,0.0
ch02,-2.789187278614002,0.024776048688138808,0.0
ch03,-6.401226788327528,0.026836165005116912,0.0
ch04,-3.949734044025164,0.027062985961583488,0.0
ch05,-2.913238988940472,0.021907536747353115,0.0
ch06,-3.495724561622609,0.02543949372241389,0.0
ch07,-2.7552366534319894,0.020357565129158005,0.0
