,cal0,cal1,cal2
ch01,-2.6744380422378957,0.0256995193811443,0.0
ch02,-2.9378628601384067,0.024791376959404983,0.0
ch03,-6.466663545997446,0.026910671241859745,0.0
ch04,-3.9668170502757327,0.02706299124381351,0.0
ch05,-2.9123631456331256,0.021908496527139172,0.0
ch06,-3.556644739087765,0.02545745627171955,0.0
ch07,-2.7263784871777945,0.0202793715183346,0.0
