,cal0,cal1,cal2
ch01,-2.651664757153705,0.025660525335986957,0.0
ch02,-2.8584141288214946,0.024739789211193575,0.0
ch03,-6.426189441777042,0.026870517402699048,0.0
ch04,-3.958797796443951,0.027062993042376846,0.0
ch05,-2.90793902853374,0.02190935882710136,0.0
ch06,-3.5281043789426154,0.025449688769250328,0.0
ch07,-2.7226119417204657,0.020307301042173546,0.0
