,cal0,cal1,cal2
ch01,-2.6767678795096472,0.025704246495677232,0.0
ch02,-2.9454058363144053,0.024799119675576197,0.0
ch03,-6.470959332577419,0.026914547984720264,0.0
ch04,-3.967517335232199,0.02706299077522683,0.0
ch05,-2.913226226709752,0.021908342410792377,0.0
ch06,-3.559166845577084,0.025458056397244154,0.0
ch07,-2.7280609602134938,0.02027771615127812,0.0
