,cal0,cal1,cal2
ch01,-2.641075704188388,0.025652695669914675,0.0
ch02,-2.8215971212909796,0.0247480770737049,0.0
ch03,-6.410927792258716,0.026852262295327996,0.0
ch04,-3.9542768597855935,0.02706299043718872,0.0
ch05,-2.909374674348604,0.021908728977455456,0.0
ch06,-3.5118646865301137,0.025444747119096826,0.0
ch07,-2.7353060423808557,0.0203299992822041,0.0
