,cal0,cal1,cal2
ch01,-2.66353651133059,0.025678191198645096,0.0
ch02,-2.90045383518725,0.024758567203136687,0.0
ch03,-6.446539437158731,0.026891594165767953,0.0
ch04,-3.963233932144199,0.027062992958073094,0.0
ch05,-2.9091940120996354,0.021909150845377322,0.0
ch06,-3.5438844845788777,0.025454172110952855,0.0
ch07,-2.720709249821037,0.02028984271829609,0.0
