,cal0,cal1,cal2
ch01,-2.637959984103336,0.025651617872120985,0.0
ch02,-2.810359674833301,0.024755787406010962,0.0
ch03,-6.407069950239592,0.02684671680644138,0.0
ch04,-3.952762073908103,0.027062989119416975,0.0
ch05,-2.9104105000940166,0.021908373840027612,0.0
ch06,-3.5064356119115754,0.025443023341028076,0.0
ch07,-2.7414052811224217,0.020338673297932475,0.0
