,cal0,cal1,cal2
ch01,-3.3009346780607327,0.02601873583634749,0.0
ch02,-2.8864051397860715,0.025770435218119905,0.0
ch03,-6.374771788743476,0.027005898245948224,0.0
ch04,-3.2933426535001633,0.02608492885483087,0.0
ch05,-3.4813826841595854,0.02199690556732211,0.0
ch06,-3.7968535186039873,0.02599021188013033,0.0
ch07,-3.5366280228814326,0.021276571078140037,0.0
