,cal0,cal1,cal2
ch01,-2.9490282752814396,0.02602964062742857,0.0
ch02,-2.8811313342644076,0.025900789198233576,0.0
ch03,-6.409337139030378,0.027041260512351714,0.0
ch04,-3.4467850877042183,0.027212773138818418,0.0
ch05,-3.4928525056051556,0.021875467979607568,0.0
ch06,-3.813941932490236,0.025999853954176175,0.0
ch07,-3.673594904917567,0.02134531749579908,0.0
