,cal0,cal1,cal2
ch01,-3.2465287069308872,0.02604899480283283,0.0
ch02,-3.0197721257869294,0.025854114697772795,0.0
ch03,-6.354849530605875,0.027031081555242347,0.0
ch04,-3.4531142560585204,0.026733584873641882,0.0
ch05,-3.470918780592593,0.02195742691498879,0.0
ch06,-3.796090417238154,0.02599969508140824,0.0
ch07,-3.490383583306293,0.021404360797488177,0.0
