,cal0,cal1,cal2
ch01,-3.2917085097418246,0.02602101015595514,0.0
ch02,-2.8668598632722984,0.025701760715460834,0.0
ch03,-6.378580211489336,0.02701152681634438,0.0
ch04,-3.449035059687434,0.02611727292902194,0.0
ch05,-3.4829780245841953,0.021962626486220264,0.0
ch06,-3.800920047168914,0.02599369137884962,0.0
ch07,-3.583212419925819,0.021286245048105872,0.0
