,cal0,cal1,cal2
ch01,-3.1336124147090563,0.02609046737313634,0.0
ch02,-3.0695304071194194,0.025828769114458354,0.0
ch03,-6.335003536325375,0.02702786592020422,0.0
ch04,-3.456791086030002,0.027056476294988877,0.0
ch05,-3.454769425943589,0.021930053242237933,0.0
ch06,-3.7850039011308936,0.02600333454322805,0.0
ch07,-3.520871698967757,0.02141880077107472,0.0
