,cal0,cal1,cal2
ch01,-3.200468637000843,0.026065040491912255,0.0
ch02,-3.0583181803081914,0.025845364294894105,0.0
ch03,-6.3466123251627025,0.027032759327063408,0.0
ch04,-3.4544993754810718,0.026972038948083754,0.0
ch05,-3.4651438206108622,0.0219395573603052,0.0
ch06,-3.7928650465132803,0.026001590438698995,0.0
ch07,-3.5075406760345906,0.021415642619374894,0.0
