,cal0,cal1,cal2
ch01,-3.2309655130801294,0.026054423709655074,0.0
ch02,-3.035722593331024,0.025851236279341473,0.0
ch03,-6.351986011060812,0.02703223427767031,0.0
ch04,-3.4535761445670965,0.026839494232044823,0.0
ch05,-3.4690325606302412,0.021949422917608624,0.0
ch06,-3.795196822356568,0.02600061894680695,0.0
ch07,-3.496932174606217,0.021411571983295262,0.0
