,cal0,cal1,cal2
ch01,-3.1458374772348336,0.02608566673276592,0.0
ch02,-3.071131064913971,0.025832378741066354,0.0
ch03,-6.337137680294484,0.02702934716012686,0.0
ch04,-3.4563357642805865,0.02705172551171157,0.0
ch05,-3.456916766880886,0.021931130702338857,0.0
ch06,-3.7867524156017245,0.026002995096068297,0.0
ch07,-3.5193248219924977,0.021418149916984985,0.0
