,cal0,cal1,cal2
ch01,-3.261776685128468,0.026043150566092573,0.0
ch02,-3.0009161360465217,0.025856826582238937,0.0
ch03,-6.3578370173050835,0.02702906583104388,0.0
ch04,-3.4526525527447354,0.02660174141431752,0.0
ch05,-3.4727654404569885,0.021968555952155116,0.0
ch06,-3.7967259718722657,0.02599808943182206,0.0
ch07,-3.4835477691355283,0.021388853269097115,0.0
