,cal0,cal1,cal2
ch01,-3.099971022227292,0.026103675942655623,0.0
ch02,-3.058631604358179,0.02581710687825419,0.0
ch03,-6.329079109441616,0.027022373818482597,0.0
ch04,-3.4581432934220366,0.02706171858386429,0.0
ch05,-3.4481180818329373,0.021927873622306415,0.0
ch06,-3.7793574381816377,0.026004328945636413,0.0
ch07,-3.52339626015198,0.021420915723862857,0.0
