,cal0,cal1,cal2
ch01,-3.288387038257513,0.026029481776896082,0.0
ch02,-2.9564674067671026,0.025857649991965194,0.0
ch03,-6.364200735668626,0.02702034356764426,0.0
ch04,-3.450854295191283,0.02630685416729365,0.0
ch05,-3.476337566190981,0.022000838503119825,0.0
ch06,-3.7965968969187025,0.025992492834724008,0.0
ch07,-3.475716392413523,0.02132718573345534,0.0
