,cal0,cal1,cal2
ch01,-3.171979153970209,0.026075566832034245,0.0
ch02,-3.0693081322931284,0.025839148092493647,0.0
ch03,-6.341676746194484,0.027031632858224092,0.0
ch04,-3.4554200098108803,0.027029974315483114,0.0
ch05,-3.4611037878817,0.02193423238366825,0.0
ch06,-3.7900059198323293,0.02600230603248134,0.0
ch07,-3.5147473197610815,0.021416928625520807,0.0
