,cal0,cal1,cal2
ch01,-2.7793097977695593,0.026036597058733242,0.0
ch02,-3.002688775740961,0.02616882474936083,0.0
ch03,-6.4300227256237426,0.027057188143027582,0.0
ch04,-3.47643852575822,0.027585373906589584,0.0
ch05,-3.4973974422151044,0.02187827488041715,0.0
ch06,-3.818497872743954,0.026000898329231605,0.0
ch07,-3.6158147606823805,0.0213057710914409,0.0
