,cal0,cal1,cal2
ch01,-3.121913042078338,0.02609507464949648,0.0
ch02,-3.0667212949843634,0.025825014606009382,0.0
ch03,-6.332952550824908,0.02702619600064553,0.0
ch04,-3.4572443127035344,0.0270592271319036,0.0
ch05,-3.452586868247686,0.02192918340065356,0.0
ch06,-3.783184493858953,0.026003670241821663,0.0
ch07,-3.5220272852974635,0.021419479189226202,0.0
