,cal0,cal1,cal2
ch01,-3.302332975837858,0.026019187659375387,0.0
ch02,-2.908702061005946,0.02582096986380396,0.0
ch03,-6.127003105980015,0.026750529072524266,0.0
ch04,-2.5628751399990986,0.026098914390833713,0.0
ch05,-3.56534315416253,0.022017478093330503,0.0
ch06,-3.7195423664751233,0.025988773768223818,0.0
ch07,-3.501657332894535,0.021276262906137423,0.0
