,cal0,cal1,cal2
ch01,-3.147569361556056,0.026029097677027133,0.0
ch02,-2.8378430040130365,0.02559536834124945,0.0
ch03,-6.395278482053789,0.02700581433382855,0.0
ch04,-3.367281052150102,0.026623591994361914,0.0
ch05,-3.4889064054520476,0.02186181499679942,0.0
ch06,-3.8081907304504115,0.026002558066804713,0.0
ch07,-3.7166735668150928,0.021313247920259223,0.0
