,cal0,cal1,cal2
ch01,-3.215525209760675,0.026059734454333565,0.0
ch02,-3.0485692552287555,0.02584832405364492,0.0
ch03,-6.349241881324773,0.027032747139806877,0.0
ch04,-3.4540379436633906,0.026917833052993445,0.0
ch05,-3.4671073807354613,0.021943696878127732,0.0
ch06,-3.7941088026617096,0.026001178408091942,0.0
ch07,-3.5026903911692173,0.021414452587323878,0.0
