,cal0,cal1,cal2
ch01,-2.886645602552734,0.02603046445648653,0.0
ch02,-2.906575289640487,0.026007378352930998,0.0
ch03,-6.414307419244755,0.027046103124871296,0.0
ch04,-3.4465185192518626,0.027384488307646386,0.0
ch05,-3.49406755851074,0.02187475601890023,0.0
ch06,-3.8155728371625948,0.02600063911430611,0.0
ch07,-3.652719682353384,0.021326164380945534,0.0
