,cal0,cal1,cal2
ch01,-3.2009732612721855,0.026028566413111628,0.0
ch02,-2.836116830795345,0.025552032275575964,0.0
ch03,-6.07037408769079,0.02658870645007824,0.0
ch04,-2.988057463088527,0.026449555474413338,0.0
ch05,-3.6536969774233374,0.02186668534207802,0.0
ch06,-3.7860594832027963,0.026002828909137445,0.0
ch07,-3.706410815667679,0.021298844776762988,0.0
