,cal0,cal1,cal2
ch01,-3.297622247340149,0.02602309040002774,0.0
ch02,-2.9324690478301405,0.02584811441115855,0.0
ch03,-6.36758452255007,0.02700987838500269,0.0
ch04,-3.294021160000825,0.02618457920000114,0.0
ch05,-3.478061713828829,0.02201528698960482,0.0
ch06,-3.7946678724240037,0.025989783255107188,0.0
ch07,-3.482012391891781,0.021294365639932013,0.0
