,cal0,cal1,cal2
ch01,-2.510539306242834,0.026565948078722826,0.0
ch02,-2.872645879490829,0.02531488750050332,0.0
ch03,-6.383153945969098,0.027045976966771395,0.0
ch04,-3.605049254725385,0.02734257308289113,0.0
ch05,-3.3304669323410048,0.021978813976052974,0.0
ch06,-3.725158585072352,0.025851525444419494,0.0
ch07,-3.469111403900411,0.0214500335124682,0.0
