,cal0,cal1,cal2
ch01,-2.5679854389007337,0.026491639697316886,0.0
ch02,-2.898892536334989,0.025354998953186568,0.0
ch03,-6.356292790419629,0.02703316834477808,0.0
ch04,-3.659762802545549,0.02714178147593699,0.0
ch05,-3.33066672171663,0.02196069028824212,0.0
ch06,-3.72002137877478,0.025879312790577286,0.0
ch07,-3.397136777186766,0.02132621594075569,0.0
