,cal0,cal1,cal2
ch01,-2.525678267234586,0.02653139850576204,0.0
ch02,-2.8764584647447156,0.02533121567784169,0.0
ch03,-6.372332142605616,0.027041439724179273,0.0
ch04,-3.6585534854053554,0.027267921921106227,0.0
ch05,-3.330677206393371,0.021970475895885584,0.0
ch06,-3.7231997734079365,0.02586730718916223,0.0
ch07,-3.44292267451159,0.021377668801719235,0.0
