,cal0,cal1,cal2
ch01,-2.7616750095711016,0.0271690252299489,0.0
ch02,-3.1113934095545095,0.025644642515833937,0.0
ch03,-6.391942103079638,0.027367043091026923,0.0
ch04,-3.906305316552112,0.028005053030883933,0.0
ch05,-2.265174464715384,0.022204079538199865,0.0
ch06,-3.8887893439203727,0.0259140896327502,0.0
ch07,-3.3680974788868605,0.021606322937862736,0.0
