,cal0,cal1,cal2
ch01,-2.545189354657623,0.02667362004784871,0.0
ch02,-2.903554242031737,0.025369787781874948,0.0
ch03,-6.40471209707889,0.027060200961487275,0.0
ch04,-3.6558231147718607,0.0272805526746125,0.0
ch05,-3.329561634080119,0.02198361204052846,0.0
ch06,-3.7283404326183245,0.02586746840894041,0.0
ch07,-3.452190680464285,0.02136042621297412,0.0
