,cal0,cal1,cal2
ch01,-2.5107798636799483,0.026587704403057657,0.0
ch02,-2.8754168215286096,0.02531580035693396,0.0
ch03,-6.171918262774931,0.027020793855825974,0.0
ch04,-3.371132160377979,0.02735771595132572,0.0
ch05,-3.745549253036207,0.02198191073783678,0.0
ch06,-3.7276625577357065,0.02584853712235862,0.0
ch07,-3.4743358501631074,0.021462072081237765,0.0
