,cal0,cal1,cal2
ch01,-2.717757466093051,0.02702510210666336,0.0
ch02,-3.0703882259324113,0.025578335953648442,0.0
ch03,-6.449822174515849,0.027095982268883306,0.0
ch04,-3.651084537979987,0.02772380347832971,0.0
ch05,-3.3255338274521264,0.02210298309043163,0.0
ch06,-3.738244760975272,0.025894030024232795,0.0
ch07,-3.377380946544629,0.02140916900321638,0.0
