,cal0,cal1,cal2
ch01,-2.5965106455248748,0.026472144542080682,0.0
ch02,-2.918113743392583,0.02536512025273033,0.0
ch03,-6.3458559688473954,0.0270274582852552,0.0
ch04,-3.660505223389443,0.02709574596924128,0.0
ch05,-3.3304327301433836,0.021956017208880758,0.0
ch06,-3.717679969363521,0.02587987373739618,0.0
ch07,-3.371615402216542,0.0213271352036404,0.0
