,cal0,cal1,cal2
ch01,-2.5826542339086394,0.026481185986776647,0.0
ch02,-2.908474178247919,0.02536051146437603,0.0
ch03,-6.351041627732843,0.027030321570791507,0.0
ch04,-3.6601406002700254,0.02711475128371906,0.0
ch05,-3.330572912160642,0.02195823309646924,0.0
ch06,-3.718873813426503,0.02587983844963509,0.0
ch07,-3.383813482198877,0.021325602859133316,0.0
