,cal0,cal1,cal2
ch01,-2.553005390745048,0.026503537832308462,0.0
ch02,-2.889948084084309,0.02534835932904782,0.0
ch03,-6.361598822204331,0.02703598666098759,0.0
ch04,-3.6593721479516605,0.02717760223428152,0.0
ch05,-3.3307148521769,0.02196347741959877,0.0
ch06,-3.721123450883677,0.025877624720058702,0.0
ch07,-3.4116165534428875,0.021332228179976542,0.0
