,cal0,cal1,cal2
ch01,-2.628346499347546,0.026811709985143,0.0
ch02,-2.9752651508918153,0.025457393861999033,0.0
ch03,-6.425593253318564,0.02707450076190902,0.0
ch04,-3.6538009825770716,0.027218447131596542,0.0
ch05,-3.328074708401145,0.02199920440966932,0.0
ch06,-3.7314740325656413,0.02588025222637848,0.0
ch07,-3.4075550354640907,0.021286469302284915,0.0
