,cal0,cal1,cal2
ch01,-2.585645720769494,0.02674065033970898,0.0
ch02,-2.936238587714188,0.025414541971773195,0.0
ch03,-6.4152776530620175,0.027067353778497352,0.0
ch04,-3.6548304639624107,0.02721550404363955,0.0
ch05,-3.328885597459415,0.021987949070137472,0.0
ch06,-3.7298521616551397,0.025877886507800135,0.0
ch07,-3.427716374962058,0.021303670111449624,0.0
