,cal0,cal1,cal2
ch01,-2.6092911491453012,0.026464415314362603,0.0
ch02,-2.9273126422589373,0.02536902163056943,0.0
ch03,-6.340746229780583,0.02702458632673923,0.0
ch04,-3.660856358111244,0.027083108278083197,0.0
ch05,-3.3302455547594363,0.02195398190432276,0.0
ch06,-3.716439655130667,0.02587973848131888,0.0
ch07,-3.3604358988324696,0.02132929332600974,0.0
