,cal0,cal1,cal2
ch01,-2.538522338497902,0.026516813355694793,0.0
ch02,-2.8822635138429895,0.025340406866300475,0.0
ch03,-6.366948916427781,0.02703875651320723,0.0
ch04,-3.658968957389525,0.027221015940340383,0.0
ch05,-3.3307180685553335,0.021966708026449063,0.0
ch06,-3.7221817653148865,0.02587382177037502,0.0
ch07,-3.4270825641976512,0.021348349317697395,0.0
