,cal0,cal1,cal2
ch01,-2.7326946349625274,0.027088396374904466,0.0
ch02,-3.0857287898976353,0.02560623591129738,0.0
ch03,-6.454339021086054,0.027102839503909872,0.0
ch04,-3.650797212120433,0.02786142140290338,0.0
ch05,-3.324949799513146,0.02214562917538603,0.0
ch06,-3.741319859483219,0.025903041301235677,0.0
ch07,-3.3736960120975854,0.021497591898030226,0.0
