,cal0,cal1,cal2
ch01,-2.8201411234500497,0.02586382305658141,0.0
ch02,-3.3021533117142723,0.02509405257934871,0.0
ch03,-6.652447604400546,0.027117628532808274,0.0
ch04,-3.9273553779205983,0.02706303986153352,0.0
ch05,-3.0262397840108632,0.02190070273012407,0.0
ch06,-3.6511601670695213,0.02558662976294532,0.0
ch07,-2.8963357405449903,0.020471777194904738,0.0
