,cal0,cal1,cal2
ch01,-2.7230480237293078,0.0256877462218107,0.0
ch02,-3.2542579484707312,0.02501215003590996,0.0
ch03,-6.6176463065882505,0.02708333345159547,0.0
ch04,-3.92087510084584,0.027063152787775727,0.0
ch05,-2.9967740337682938,0.02189568444476183,0.0
ch06,-3.6070187031720016,0.02558835183153581,0.0
ch07,-2.8353271886726317,0.020453186481378356,0.0
