,cal0,cal1,cal2
ch01,-2.7847412887196197,0.025795299716326613,0.0
ch02,-3.2853718368189297,0.025064444663962862,0.0
ch03,-6.639203601479187,0.027105256932532996,0.0
ch04,-3.924897492299132,0.027063157854668576,0.0
ch05,-3.013474850577969,0.021897606565187477,0.0
ch06,-3.633820740129224,0.025587855432573938,0.0
ch07,-2.868375677822747,0.02046385792995752,0.0
