,cal0,cal1,cal2
ch01,-2.81401672092194,0.02585127690395938,0.0
ch02,-3.2989002110843817,0.025088585584169626,0.0
ch03,-6.649943521074903,0.02711537340977823,0.0
ch04,-3.926894071054783,0.027063062021500724,0.0
ch05,-3.023651205228257,0.021900038673404548,0.0
ch06,-3.647896058984075,0.025586933299041655,0.0
ch07,-2.8906739589193515,0.020470208266420705,0.0
