,cal0,cal1,cal2
ch01,-2.6813286814889077,0.025620079807480937,0.0
ch02,-3.2204181356235853,0.024963454210135648,0.0
ch03,-6.596720082421453,0.027061614866529745,0.0
ch04,-3.9169719968250343,0.027062880630756694,0.0
ch05,-2.984173238865443,0.02189749044045543,0.0
ch06,-3.584904520050368,0.0255876802487242,0.0
ch07,-2.818593242333093,0.020445522436514436,0.0
