,cal0,cal1,cal2
ch01,-2.851196358850465,0.02593501923838644,0.0
ch02,-3.325022558166168,0.025127999808529457,0.0
ch03,-6.668070956034278,0.027130741086510014,0.0
ch04,-3.930122894763636,0.02706294425899885,0.0
ch05,-3.044556778170669,0.021905073162595087,0.0
ch06,-3.670377847859266,0.02558369638226626,0.0
ch07,-2.9333923410169755,0.02048205344560386,0.0
