,cal0,cal1,cal2
ch01,-2.8441083177525246,0.025917432980973692,0.0
ch02,-3.3184763319740678,0.025118910651180344,0.0
ch03,-6.663931775347101,0.027127434060652045,0.0
ch04,-3.9294178903629975,0.027062961731045367,0.0
ch05,-3.0393144285528217,0.021903930245660046,0.0
ch06,-3.6655876165038044,0.02558467741188009,0.0
ch07,-2.9235563716315136,0.020479285097575843,0.0
