,cal0,cal1,cal2
ch01,-2.740688203779001,0.02571773437302188,0.0
ch02,-3.2645135745708123,0.025028275240262306,0.0
ch03,-6.624150396648905,0.027090094996480723,0.0
ch04,-3.9220875976986895,0.02706319749339257,0.0
ch05,-3.0013608640987495,0.021895810899279333,0.0
ch06,-3.614753813592857,0.02558835348047948,0.0
ch07,-2.8435827939560063,0.020456106674778436,0.0
