,cal0,cal1,cal2
ch01,-2.672973202973045,0.025608911467981298,0.0
ch02,-3.209971724858662,0.024949175580762244,0.0
ch03,-6.589366720117165,0.02705420035847686,0.0
ch04,-3.9155922181684475,0.027062819173993592,0.0
ch05,-2.9804245088885764,0.02189867296521282,0.0
ch06,-3.578172318735756,0.0255872420992172,0.0
ch07,-2.8160415959878686,0.020443447315439744,0.0
