,cal0,cal1,cal2
ch01,-2.8543519256289525,0.025943113818692354,0.0
ch02,-3.328275274750476,0.025132413153133023,0.0
ch03,-6.670050547506203,0.027132275851462342,0.0
ch04,-3.9304484112617346,0.027062937542019747,0.0
ch05,-3.0471704551572336,0.02190560005549733,0.0
ch06,-3.672546289834103,0.025583163826136863,0.0
ch07,-2.937987243139401,0.020483371995608558,0.0
