,cal0,cal1,cal2
ch01,-2.749730517670927,0.025733289347332898,0.0
ch02,-3.2692219012090176,0.025036036636169483,0.0
ch03,-6.627302139305849,0.027093339277642577,0.0
ch04,-3.9226755982082326,0.027063204923912614,0.0
ch05,-3.0037151287208594,0.021896012254291882,0.0
ch06,-3.618627928838549,0.025588311579374086,0.0
ch07,-2.8481174565888265,0.020457614876753908,0.0
