,cal0,cal1,cal2
ch01,-2.7067764355647044,0.025660525950004395,0.0
ch02,-3.2431284449949054,0.02499557852360003,0.0
ch03,-6.610890270970555,0.02707627206538226,0.0
ch04,-3.919616378185801,0.027063072198734987,0.0
ch05,-2.9923670104565927,0.021895937491527722,0.0
ch06,-3.59939875620437,0.0255882376664424,0.0
ch07,-2.8283112600097735,0.02045042538059043,0.0
