,cal0,cal1,cal2
ch01,-2.830976754648247,0.025887053028736475,0.0
ch02,-3.308657402103318,0.02510443765429971,0.0
ch03,-6.657244443000168,0.027121832940906386,0.0
ch04,-3.9282301875033454,0.02706300187708752,0.0
ch05,-3.031451284939802,0.021902033285047064,0.0
ch06,-3.6573275018706837,0.025585935415071,0.0
ch07,-2.907535471553308,0.020474860681242504,0.0
