,cal0,cal1,cal2
ch01,-2.8477939097478338,0.02592647085745942,0.0
ch02,-3.321753871741858,0.02512350255738642,0.0
ch03,-6.666032027421682,0.02712912807266625,0.0
ch04,-3.9297792843332178,0.02706295223410703,0.0
ch05,-3.04193727499645,0.021904515983597467,0.0
ch06,-3.668057118736821,0.025584200993993875,0.0
ch07,-2.9285751932654653,0.02048068995431057,0.0
