,cal0,cal1,cal2
ch01,-2.7317541621110917,0.02570249057118843,0.0
ch02,-3.2595181458540297,0.025020298122421687,0.0
ch03,-6.620931092371733,0.02708675682338949,0.0
ch04,-3.9214873103924144,0.027063180142624755,0.0
ch05,-2.999046279243163,0.02189570057715993,0.0
ch06,-3.6108790586386297,0.025588366832844482,0.0
ch07,-2.8393113344646426,0.020454628986034326,0.0
