,cal0,cal1,cal2
ch01,-2.807404091158804,0.025838118222529172,0.0
ch02,-3.295625084736053,0.02508290984603138,0.0
ch03,-6.647367654739674,0.027113011431165172,0.0
ch04,-3.926417283084659,0.027063085753282264,0.0
ch05,-3.0210776852582812,0.0218993871148251,0.0
ch06,-3.644521236955464,0.02558720765422293,0.0
ch07,-2.8850145784960635,0.02046862722990856,0.0
