,cal0,cal1,cal2
ch01,-2.686639148466094,0.025628068780071664,0.0
ch02,-3.2259598620849457,0.02497115388670891,0.0
ch03,-6.600335918278872,0.02706531653033469,0.0
ch04,-3.9176480403330136,0.027062924114097105,0.0
ch05,-2.98613807771844,0.02189698691422837,0.0
ch06,-3.5884095949427923,0.025587859981250197,0.0
ch07,-2.8204511651106547,0.020446660112716043,0.0
