,cal0,cal1,cal2
ch01,-2.714686056213403,0.025673694257796007,0.0
ch02,-3.248774935786175,0.025003887692378025,0.0
ch03,-6.614298452409167,0.027079834863081277,0.0
ch04,-3.920251334617388,0.027063116226574827,0.0
ch05,-2.9945467507292367,0.021895763701488838,0.0
ch06,-3.6031873372258336,0.02558830869535587,0.0
ch07,-2.831653355893137,0.020451783768714562,0.0
