,cal0,cal1,cal2
ch01,-2.8003058897093984,0.025824371426825282,0.0
ch02,-3.292302036572642,0.025077006112291852,0.0
ch03,-6.644719297355709,0.027110539477638373,0.0
ch04,-3.9259253583368836,0.02706311033865506,0.0
ch05,-3.018521955338751,0.021898757764638416,0.0
ch06,-3.641044010855032,0.02558745279510682,0.0
ch07,-2.87939038975408,0.020467038700287456,0.0
