,cal0,cal1,cal2
ch01,-2.840101973858326,0.02590787121697558,0.0
ch02,-3.3151971405566045,0.025114211906764564,0.0
ch03,-6.661768284778338,0.02712565590786991,0.0
ch04,-3.9290390285991355,0.027062973016514908,0.0
ch05,-3.0366907646888457,0.02190331859148221,0.0
ch06,-3.6629732362166765,0.0255851254135376,0.0
ch07,-2.918359194564278,0.020477842628929672,0.0
