,cal0,cal1,cal2
ch01,-2.655270509550841,0.02654492218967839,0.0
ch02,-2.733959690552762,0.025478973639516095,0.0
ch03,-6.008971423231748,0.026732946546511267,0.0
ch04,-3.584770555194455,0.027062843784931595,0.0
ch05,-3.279864836603116,0.02192693534561069,0.0
ch06,-3.68559110601957,0.025941299821253375,0.0
ch07,-3.2807197372191386,0.021605344026739,0.0
