,cal0,cal1,cal2
ch01,-2.6108616225148076,0.026517029241769016,0.0
ch02,-2.740078592496356,0.025483347422468775,0.0
ch03,-5.9861517764246805,0.026750965926946906,0.0
ch04,-3.5859257789567427,0.027063071213788075,0.0
ch05,-3.2931756748004695,0.021933345541804688,0.0
ch06,-3.7039235347159507,0.025949610569721827,0.0
ch07,-3.2831513510555097,0.021619927011182455,0.0
