,cal0,cal1,cal2
ch01,-2.6626581370572926,0.026535378359808976,0.0
ch02,-2.734797039162728,0.025477092562530244,0.0
ch03,-6.015788353514757,0.026729778925281257,0.0
ch04,-3.5843046091323645,0.027062811934876807,0.0
ch05,-3.2772234227938717,0.02192587996000446,0.0
ch06,-3.68277977515496,0.02593985883626051,0.0
ch07,-3.2849039806501312,0.021600506020192,0.0
