,cal0,cal1,cal2
ch01,-2.6011024304779884,0.026466947985421384,0.0
ch02,-2.746343853305296,0.02548282127337867,0.0
ch03,-5.986521998997993,0.02675792738659961,0.0
ch04,-3.585712844013434,0.027062951535368928,0.0
ch05,-3.2965973965717517,0.02193465130281501,0.0
ch06,-3.709997176273052,0.02595213883839565,0.0
ch07,-3.29903104768941,0.021619175701909236,0.0
