,cal0,cal1,cal2
ch01,-2.598552309064728,0.026392107966293835,0.0
ch02,-2.758589902018598,0.02548353117026211,0.0
ch03,-5.992994848019273,0.026768470309997995,0.0
ch04,-3.5850557898058195,0.02706274807540928,0.0
ch05,-3.300115612577032,0.021935341234347348,0.0
ch06,-3.7169387384707275,0.02595504890097007,0.0
ch07,-3.3263529634377265,0.02161443118645787,0.0
