,cal0,cal1,cal2
ch01,-2.6174606213213742,0.026535014852471246,0.0
ch02,-2.737840887020808,0.02548347783878804,0.0
ch03,-5.9875462418632,0.026747825939012617,0.0
ch04,-3.5859234453338575,0.02706307791779731,0.0
ch05,-3.2912688961358016,0.021932463467656167,0.0
ch06,-3.700807958364112,0.025948289998447522,0.0
ch07,-3.2781684666316595,0.021619254296664205,0.0
