,cal0,cal1,cal2
ch01,-2.599530058930572,0.026377483398135487,0.0
ch02,-2.7617152563025424,0.02548405359496658,0.0
ch03,-5.995081443848119,0.02677085939561735,0.0
ch04,-3.584874545665292,0.02706272230362317,0.0
ch05,-3.300715258871314,0.02193534828532583,0.0
ch06,-3.718197543581603,0.025955593397738588,0.0
ch07,-3.332175547938874,0.021612997279159003,0.0
