,cal0,cal1,cal2
ch01,-2.6589857191118207,0.026540419970243628,0.0
ch02,-2.734304806432728,0.025478062114855978,0.0
ch03,-6.012288455724705,0.026731379341626837,0.0
ch04,-3.5845475673186917,0.027062826532225307,0.0
ch05,-3.278558779191286,0.021926398320118747,0.0
ch06,-3.684171527883435,0.02594057991592838,0.0
ch07,-3.282725556084229,0.021603007467360043,0.0
