,cal0,cal1,cal2
ch01,-2.6662878732986703,0.026529907048999213,0.0
ch02,-2.7354368553021695,0.025476072746178875,0.0
ch03,-6.019462497143133,0.026728142060484388,0.0
ch04,-3.584041614943275,0.02706279967546423,0.0
ch05,-3.2758589358373675,0.021925382236751067,0.0
ch06,-3.6814176023076848,0.025939137271842324,0.0
ch07,-3.287223924214869,0.021597842198696527,0.0
