,cal0,cal1,cal2
ch01,-2.6400412804859155,0.026555139561949184,0.0
ch02,-2.733998913859963,0.02548188224876546,0.0
ch03,-5.997695507956298,0.026738962381834375,0.0
ch04,-3.585464462475084,0.02706294066678809,0.0
ch05,-3.2847923183962195,0.021929207172619432,0.0
ch06,-3.6915064417568306,0.025944154245163796,0.0
ch07,-3.2751303656908877,0.02161299902564846,0.0
