,cal0,cal1,cal2
ch01,-2.598076130183746,0.026407096754252513,0.0
ch02,-2.7556944213829344,0.025483156147781044,0.0
ch03,-5.991169235310021,0.026766175633532976,0.0
ch04,-3.585220744996972,0.02706278119740194,0.0
ch05,-3.2994809490777,0.021935290182072874,0.0
ch06,-3.7156314682305114,0.025954491395560778,0.0
ch07,-3.320558375427475,0.021615707007040966,0.0
