,cal0,cal1,cal2
ch01,-2.6029456038942174,0.026349926063748214,0.0
ch02,-2.768642013140763,0.025485579134326298,0.0
ch03,-6.000023231819739,0.026775911598326898,0.0
ch04,-3.5844642058254874,0.027062695374299,0.0
ch05,-3.301808553042504,0.02193523280760279,0.0
ch06,-3.7205567103677635,0.025956642008574834,0.0
ch07,-3.34365944870746,0.021609667584979866,0.0
