,cal0,cal1,cal2
ch01,-2.632323171741467,0.026553889799011608,0.0
ch02,-2.7348080060516207,0.025482799546806326,0.0
ch03,-5.993358634546186,0.026741887236821804,0.0
ch04,-3.5856940197015352,0.027062998910139427,0.0
ch05,-3.28707505931007,0.021930355591971908,0.0
ch06,-3.6945726698595256,0.025945557222048193,0.0
ch07,-3.2743334750099637,0.021615788766690517,0.0
