,cal0,cal1,cal2
ch01,-2.621028278393378,0.026541894340969985,0.0
ch02,-2.736908546783538,0.02548344254816846,0.0
ch03,-5.9886280242921694,0.026746311193053957,0.0
ch04,-3.585894430767988,0.02706306756859444,0.0
ch05,-3.290267551982873,0.021931973236878583,0.0
ch06,-3.6992443334598253,0.025947617420772496,0.0
ch07,-3.276462288618608,0.02161865312486931,0.0
