,cal0,cal1,cal2
ch01,-2.651513876587359,0.0265487679965564,0.0
ch02,-2.733760003535075,0.02547981915547076,0.0
ch03,-6.005845643199659,0.026734484165892695,0.0
ch04,-3.5849736484044157,0.027062863912888285,0.0
ch05,-3.2811414156655503,0.02192748840103649,0.0
ch06,-3.687036578412563,0.025942017871939598,0.0
ch07,-3.278920286237504,0.02160751340682159,0.0
