,cal0,cal1,cal2
ch01,-2.815163206493742,0.02646562215747515,0.0
ch02,-3.174259916759613,0.025258126143019644,0.0
ch03,-6.46989757476482,0.027088760065955307,0.0
ch04,-3.7535950820590944,0.027072353970746303,0.0
ch05,-3.2528640944809006,0.022000000334179617,0.0
ch06,-3.6537378293817135,0.025786101611085837,0.0
ch07,-3.2061638903803646,0.02107141849794002,0.0
