,cal0,cal1,cal2
ch01,-2.797294333738602,0.026551618552087902,0.0
ch02,-3.129373389850243,0.025174229476417197,0.0
ch03,-6.519215797055814,0.02712613803618871,0.0
ch04,-3.7485791954610224,0.027413977476858024,0.0
ch05,-3.237643919837317,0.0225436302236496,0.0
ch06,-3.652323537175643,0.025705363708153007,0.0
ch07,-3.204019012986013,0.02146602872858275,0.0
