,cal0,cal1,cal2
ch01,-2.7777891873087235,0.026548731948643874,0.0
ch02,-3.1190767262290624,0.025160399968180987,0.0
ch03,-6.522845008827533,0.027124497139557734,0.0
ch04,-3.747739995101955,0.027369342474425972,0.0
ch05,-3.236272088775199,0.02241419027200478,0.0
ch06,-3.6466645765209145,0.025730938972221853,0.0
ch07,-3.1418341398058987,0.021210265514986303,0.0
