,cal0,cal1,cal2
ch01,-2.7481933601050574,0.026541597061055123,0.0
ch02,-3.1223607908362636,0.02512468458782521,0.0
ch03,-6.529877199666437,0.027124977630396285,0.0
ch04,-3.7467017156043525,0.02728037441957434,0.0
ch05,-3.2334744928190124,0.02223062401962619,0.0
ch06,-3.63795025857669,0.025736859484176186,0.0
ch07,-3.0099411074882787,0.02056149785334228,0.0
