,cal0,cal1,cal2
ch01,-2.848508969203113,0.02651656282799555,0.0
ch02,-3.2095314544246474,0.025226724580563478,0.0
ch03,-6.496457638207678,0.02710856800588999,0.0
ch04,-3.7510013533687707,0.027271433789486512,0.0
ch05,-3.2453644610543306,0.022287147119885792,0.0
ch06,-3.6552928344121227,0.025763206820290766,0.0
ch07,-3.284467174253139,0.02119439578700508,0.0
