,cal0,cal1,cal2
ch01,-2.8475588220059342,0.02653621165046239,0.0
ch02,-3.191548388412307,0.02521287285419307,0.0
ch03,-6.504164978229208,0.02711846596375687,0.0
ch04,-3.7504713697350787,0.027391789485441256,0.0
ch05,-3.2429016865670612,0.022534660562767157,0.0
ch06,-3.658879003096142,0.0257079058389622,0.0
ch07,-3.307368650672169,0.021512618434338153,0.0
