,cal0,cal1,cal2
ch01,-3.2808697457950404,0.026698891155530556,0.0
ch02,-3.7146810135017074,0.02567450567454568,0.0
ch03,-7.4896813967079146,0.027856453666030335,0.0
ch04,-3.4803411778890787,0.02699605385843242,0.0
ch05,-3.71395639044854,0.022099359614554174,0.0
ch06,-3.335026291215666,0.02570005223106987,0.0
ch07,-3.436038480389238,0.02208001785835944,0.0
