,cal0,cal1,cal2
ch01,-3.185462328519693,0.02666519626130165,0.0
ch02,-3.6166528268895766,0.02555872970955062,0.0
ch03,-6.55620683851129,0.027165042089774473,0.0
ch04,-3.7412675181009463,0.027024918244054782,0.0
ch05,-3.220440756759489,0.022082605557424938,0.0
ch06,-3.5991136815729825,0.02572626767413332,0.0
ch07,-3.326236744190359,0.021692927188291748,0.0
