,cal0,cal1,cal2
ch01,-2.8156655077544106,0.026553346974064494,0.0
ch02,-3.144163835279574,0.025185740550212558,0.0
ch03,-6.515523503299285,0.027131158556844934,0.0
ch04,-3.802873551350569,0.027445283384919524,0.0
ch05,-3.2389948856556217,0.02266380237596552,0.0
ch06,-3.6609767671159177,0.025679807430358983,0.0
ch07,-3.25568056180518,0.021656604504616882,0.0
