,cal0,cal1,cal2
ch01,-2.830765540081571,0.026551755080759028,0.0
ch02,-3.16087881036083,0.025195693517893372,0.0
ch03,-6.676452984208931,0.027316155395603458,0.0
ch04,-4.043482199021554,0.027457404876853206,0.0
ch05,-3.8329276778339505,0.022722180467301782,0.0
ch06,-3.8264491146472803,0.025669193227103506,0.0
ch07,-3.2908623171264813,0.021732670146344543,0.0
