,cal0,cal1,cal2
ch01,-2.8301801897170713,0.026486642901768175,0.0
ch02,-3.2009851171231305,0.025246791638868473,0.0
ch03,-6.481082783919793,0.027096087175442533,0.0
ch04,-3.7525724673691663,0.027106091382696363,0.0
ch05,-3.2498831035003106,0.022059954396307598,0.0
ch06,-3.6538891959936297,0.025786752946481632,0.0
ch07,-3.232608226294483,0.0210656983649729,0.0
