,cal0,cal1,cal2
ch01,-2.8108347103273905,0.026458975505109058,0.0
ch02,-3.165126630716622,0.02526150503211193,0.0
ch03,-6.466285029654368,0.027086507103360895,0.0
ch04,-3.753904617686713,0.027068439677421032,0.0
ch05,-3.2537722361000845,0.021988019008680765,0.0
ch06,-3.6536695313397414,0.02578576851472949,0.0
ch07,-3.1991714963999773,0.021073553693642444,0.0
