,cal0,cal1,cal2
ch01,-3.387355482735608,0.026445908347064208,0.0
ch02,-3.68375504031458,0.025904531454169644,0.0
ch03,-6.955726190596587,0.027013849225337803,0.0
ch04,-3.4962289993445803,0.027062349323024842,0.0
ch05,-3.2564698350349666,0.02192818255227549,0.0
ch06,-3.711703747677982,0.02598035693342729,0.0
ch07,-3.3993727619968306,0.021276272748366677,0.0
