,cal0,cal1,cal2
ch01,-3.420929304383817,0.026396243197587398,0.0
ch02,-3.7828293312082613,0.025946036751895687,0.0
ch03,-6.9782063313613785,0.027022874762580838,0.0
ch04,-3.4972784395316805,0.02706253429064055,0.0
ch05,-3.293080151959172,0.02192544222767666,0.0
ch06,-3.7093475238477596,0.02597157026042238,0.0
ch07,-3.396017119814215,0.02127837163538751,0.0
