,cal0,cal1,cal2
ch01,-3.4275196211527845,0.026364293623962667,0.0
ch02,-3.828489053586877,0.02596213733284572,0.0
ch03,-6.983607953323327,0.027025617567153073,0.0
ch04,-3.497816842737693,0.027062597166685416,0.0
ch05,-3.3095836368802187,0.021923606684978406,0.0
ch06,-3.7071292050189015,0.025966923178190125,0.0
ch07,-3.3930972399393626,0.021278818019027184,0.0
