,cal0,cal1,cal2
ch01,-3.429612364344176,0.02632456617708214,0.0
ch02,-3.878532349821085,0.025976388914153197,0.0
ch03,-6.985198899740793,0.02702766582656927,0.0
ch04,-3.498500928992469,0.027062627194164766,0.0
ch05,-3.328310801624289,0.021921467962820358,0.0
ch06,-3.70384288800757,0.025960987400700325,0.0
ch07,-3.3888446342047764,0.02127882485820951,0.0
