,cal0,cal1,cal2
ch01,-3.324752043095143,0.02645074486905937,0.0
ch02,-3.6047731490017143,0.025859962967105198,0.0
ch03,-6.917586377112405,0.026999119635500564,0.0
ch04,-3.4952374313525203,0.027062572893858303,0.0
ch05,-3.2158984837393647,0.021927496952063797,0.0
ch06,-3.7093021564455686,0.02598809387798474,0.0
ch07,-3.397212678934608,0.021272426270653837,0.0
