,cal0,cal1,cal2
ch01,-3.33371701736399,0.026453045124777818,0.0
ch02,-3.61387493094138,0.02586562703302732,0.0
ch03,-6.923181500810254,0.027001324233995008,0.0
ch04,-3.4953568175254026,0.02706253759758875,0.0
ch05,-3.221147679997564,0.021927801949149537,0.0
ch06,-3.7099239668689044,0.025987199205815513,0.0
ch07,-3.3981593253671343,0.021273011173071524,0.0
