,cal0,cal1,cal2
ch01,-3.4280540911956137,0.02629504727545643,0.0
ch02,-3.9148507081019446,0.025983641714200326,0.0
ch03,-6.982654015790196,0.027028379794131793,0.0
ch04,-3.4990580860293754,0.027062640051642217,0.0
ch05,-3.341659908695609,0.021920064998915027,0.0
ch06,-3.700961957916927,0.025956203037659005,0.0
ch07,-3.3859333079692435,0.02127838614071504,0.0
