,cal0,cal1,cal2
ch01,-3.415378213560196,0.026411253184234377,0.0
ch02,-3.758082696246776,0.025936537015517364,0.0
ch03,-6.974064320204042,0.02702108444987955,0.0
ch04,-3.4970123116610967,0.02706248343378048,0.0
ch05,-3.284356357108212,0.02192631148727606,0.0
ch06,-3.7102508990668226,0.025973840902875436,0.0
ch07,-3.3971511830908248,0.021278000120417525,0.0
