,cal0,cal1,cal2
ch01,-3.3987022225055408,0.026436671378670555,0.0
ch02,-3.7076277080526925,0.025915544345919365,0.0
ch03,-6.9628292261514115,0.02701658733102461,0.0
ch04,-3.496487242309378,0.02706237461371184,0.0
ch05,-3.2660358027631484,0.021927731122843557,0.0
ch06,-3.7114698236487835,0.025978241274896986,0.0
ch07,-3.398813504694057,0.021276953018141906,0.0
