,cal0,cal1,cal2
ch01,-3.4183663644736266,0.026403879695763556,0.0
ch02,-3.7705792479438864,0.025941393190994196,0.0
ch03,-6.976257223451549,0.027022016244417735,0.0
ch04,-3.4971451038241965,0.027062510302874425,0.0
ch05,-3.2887561602110162,0.021925885182350256,0.0
ch06,-3.7098197011773317,0.025972710719757836,0.0
ch07,-3.396612238586807,0.021278198356278356,0.0
