,cal0,cal1,cal2
ch01,-3.38093830565763,0.026449427531251533,0.0
ch02,-3.6724958006305046,0.025898987534848258,0.0
ch03,-6.951804154035095,0.027012349534964702,0.0
ch04,-3.496101151857824,0.027062351300495873,0.0
ch05,-3.2515925575120095,0.021928323257711588,0.0
ch06,-3.711708899941831,0.02598139056473842,0.0
ch07,-3.399567074117928,0.021275892127312665,0.0
