,cal0,cal1,cal2
ch01,-3.429421839438188,0.026340195155622657,0.0
ch02,-3.859267712083378,0.02597144401062338,0.0
ch03,-6.985225355099347,0.027027013713592184,0.0
ch04,-3.498225773784861,0.027062618586713133,0.0
ch05,-3.321084015082848,0.021922281213921077,0.0
ch06,-3.7052090730294585,0.025963372653508097,0.0
ch07,-3.3905419194547246,0.02127889564689091,0.0
