,cal0,cal1,cal2
ch01,-3.4296111879135127,0.026332321305170513,0.0
ch02,-3.869005958569828,0.02597403609502781,0.0
ch03,-6.985319834439227,0.02702736608407057,0.0
ch04,-3.4983630874566867,0.027062623227018988,0.0
ch05,-3.3247423537266974,0.02192186615284586,0.0
ch06,-3.7045333530786024,0.02596218128979063,0.0
ch07,-3.3896834520810346,0.0212788725454885,0.0
