,cal0,cal1,cal2
ch01,-3.366720025455347,0.026454033172200703,0.0
ch02,-3.651478260802763,0.025887894707264488,0.0
ch03,-6.94322471732931,0.027009073900344013,0.0
ch04,-3.495848362923869,0.02706238752992503,0.0
ch05,-3.2416601754217185,0.021928413660776174,0.0
ch06,-3.7114728491647546,0.02598340508892406,0.0
ch07,-3.399700047788907,0.02127504765668288,0.0
