,cal0,cal1,cal2
ch01,-2.5541944896282467,0.026572140361984076,0.0
ch02,-2.8463707797878164,0.025313301853768226,0.0
ch03,-6.254294100297687,0.026754450064650038,0.0
ch04,-3.6663494897466733,0.027040886171268184,0.0
ch05,-3.237755065074442,0.02193367734518637,0.0
ch06,-3.5758502514634305,0.025800853440325733,0.0
ch07,-3.2651118828919987,0.021264606835087206,0.0
