,cal0,cal1,cal2
ch01,-2.5167722443291938,0.02656023775948361,0.0
ch02,-2.8342924001273557,0.02524654906219122,0.0
ch03,-6.2698223499246595,0.026667771219260606,0.0
ch04,-3.653206729098845,0.02700586017585687,0.0
ch05,-3.210612209215324,0.021936658738966632,0.0
ch06,-3.5801829295671217,0.02578942881041681,0.0
ch07,-3.3110516228370193,0.021197291714218646,0.0
