,cal0,cal1,cal2
ch01,-2.6115344243385232,0.026572996781359517,0.0
ch02,-2.8827338612468405,0.02534127991712158,0.0
ch03,-6.249209507149837,0.02676765740336775,0.0
ch04,-3.66820780000302,0.027058311675262407,0.0
ch05,-3.2411171279796065,0.021929750742488055,0.0
ch06,-3.5753793967569374,0.025803636249072136,0.0
ch07,-3.2467892911645038,0.02127633920817124,0.0
