,cal0,cal1,cal2
ch01,-2.676244053994067,0.026566972821385294,0.0
ch02,-2.9141671030801506,0.025369152693336932,0.0
ch03,-6.23973292037128,0.026786089576742604,0.0
ch04,-3.6708606607860084,0.027062420327227568,0.0
ch05,-3.245494675585422,0.02192632139268926,0.0
ch06,-3.577054331181401,0.02580855870652882,0.0
ch07,-3.2264906856378435,0.021294525126653606,0.0
