,cal0,cal1,cal2
ch01,-2.490213914353126,0.02655900588511515,0.0
ch02,-2.817100871866012,0.02523512141614752,0.0
ch03,-6.2694781059823805,0.026673271817902577,0.0
ch04,-3.6541791545034794,0.026975294548171342,0.0
ch05,-3.212740815147731,0.02194023265695294,0.0
ch06,-3.580643613468232,0.02579258150941509,0.0
ch07,-3.316413138866832,0.021207448555996124,0.0
