,cal0,cal1,cal2
ch01,-2.430242693440068,0.02656175435691952,0.0
ch02,-2.774934272340869,0.02522723448853215,0.0
ch03,-6.261394615561117,0.026727588576383406,0.0
ch04,-3.662815470630717,0.026884144415801985,0.0
ch05,-3.2309167744744207,0.021952666941122585,0.0
ch06,-3.580599615301742,0.02582299482697944,0.0
ch07,-3.311969538227324,0.021304374689253395,0.0
