,cal0,cal1,cal2
ch01,-2.3887784121385973,0.02655033326078449,0.0
ch02,-2.75677960684754,0.025172942558210516,0.0
ch03,-6.263687133488514,0.02671361385358403,0.0
ch04,-3.6610364932210335,0.026779596432423797,0.0
ch05,-3.2277526577870956,0.02197108486631395,0.0
ch06,-3.585997345253131,0.025883869006601886,0.0
ch07,-3.3347238407948665,0.021441849271814382,0.0
