,cal0,cal1,cal2
ch01,-2.5941857412575233,0.026573113843340733,0.0
ch02,-2.872064626645062,0.025333207531719155,0.0
ch03,-6.250964377131549,0.026763451366111028,0.0
ch04,-3.6676104482819927,0.027055111094814874,0.0
ch05,-3.2400581624357003,0.02193081434186194,0.0
ch06,-3.5753964910157197,0.025802683545504038,0.0
ch07,-3.2522611363468483,0.021272469425622165,0.0
