,cal0,cal1,cal2
ch01,-2.3784562590331535,0.026542610894098356,0.0
ch02,-2.755177350190319,0.025142293027785048,0.0
ch03,-6.266497446545734,0.026693085111805463,0.0
ch04,-3.6197662651749454,0.026743505342641576,0.0
ch05,-3.222556553764757,0.02198011582968062,0.0
ch06,-3.5923772634238507,0.025913058100564483,0.0
ch07,-3.3481141917197084,0.02150295998433962,0.0
