,cal0,cal1,cal2
ch01,-2.3768798194796923,0.0265444340947843,0.0
ch02,-2.752509052905841,0.02514831202653842,0.0
ch03,-6.26470866257743,0.026704147065916874,0.0
ch04,-3.6213959879882767,0.026743550692981743,0.0
ch05,-3.2260800841798853,0.021980394719564655,0.0
ch06,-3.5918996238049155,0.02591458328600975,0.0
ch07,-3.3436342524907814,0.021511778457668943,0.0
