,cal0,cal1,cal2
ch01,-2.507185722737481,0.02656961891902937,0.0
ch02,-2.816832879637275,0.025286637152045693,0.0
ch03,-6.257357071548928,0.02674456968219989,0.0
ch04,-3.6650008261418687,0.027005557731910164,0.0
ch05,-3.2352046857838435,0.021938258753862527,0.0
ch06,-3.5769736124018707,0.025799967324757117,0.0
ch07,-3.2810740835266774,0.021258446083021694,0.0
