,cal0,cal1,cal2
ch01,-2.623505987537546,0.02656510103920566,0.0
ch02,-2.909440938446839,0.02527730979191674,0.0
ch03,-6.27035367214313,0.02663801606852484,0.0
ch04,-3.64806971441258,0.027058271040099228,0.0
ch05,-3.1992046339806293,0.02192789304168884,0.0
ch06,-3.5803218821322083,0.02578592999392339,0.0
ch07,-3.2945806577901546,0.021173163672817796,0.0
