,cal0,cal1,cal2
ch01,-2.565250039806171,0.026562456713283746,0.0
ch02,-2.8679029956700495,0.025263080030230103,0.0
ch03,-6.270267776970897,0.026656232800160884,0.0
ch04,-3.6512059727945183,0.027041043310073343,0.0
ch05,-3.2061982204644783,0.02193189551703989,0.0
ch06,-3.579842902135455,0.025787416877310818,0.0
ch07,-3.3026826494724713,0.021186449801577686,0.0
