,cal0,cal1,cal2
ch01,-2.982425336823955,0.02600543489130918,0.0
ch02,-3.6586909138985915,0.025384031830348413,0.0
ch03,-6.7972711630881815,0.02723719621643008,0.0
ch04,-3.764925620126085,0.027062395982825636,0.0
ch05,-3.089109166524597,0.021897472463753634,0.0
ch06,-3.507841840346688,0.02549420271595726,0.0
ch07,-2.81878724549223,0.02057944666735838,0.0
