,cal0,cal1,cal2
ch01,-3.363366122494666,0.025957234817900507,0.0
ch02,-3.815691996100485,0.025364295944481984,0.0
ch03,-6.840736035598632,0.027215259091547296,0.0
ch04,-3.7682577192838105,0.027058883187759154,0.0
ch05,-3.077538605431455,0.021996705222764208,0.0
ch06,-3.56872454473709,0.02536362165493855,0.0
ch07,-3.067531353074638,0.020433284952208718,0.0
