,cal0,cal1,cal2
ch01,-3.0514456746639818,0.025976830831869014,0.0
ch02,-3.689051593718008,0.025374472634021858,0.0
ch03,-6.820030070800662,0.02723760622407266,0.0
ch04,-3.7652821150518814,0.02706243120939746,0.0
ch05,-3.087016469945646,0.02190435719082802,0.0
ch06,-3.538295394440948,0.025481925192395862,0.0
ch07,-2.8788932643007117,0.020578127738343117,0.0
