,cal0,cal1,cal2
ch01,-2.9756404383656565,0.026008368314052493,0.0
ch02,-3.6551899270160493,0.025384403816464046,0.0
ch03,-6.7935470056295815,0.027236049933917254,0.0
ch04,-3.764951291117318,0.027062384891695733,0.0
ch05,-3.0891830532239877,0.02189692072733434,0.0
ch06,-3.5035337798864985,0.025495813739188425,0.0
ch07,-2.8123376317865763,0.020579397358391403,0.0
