,cal0,cal1,cal2
ch01,-3.065853651904169,0.02597237182945234,0.0
ch02,-3.6953440322759734,0.025372382312956566,0.0
ch03,-6.822725402423726,0.02723659450650907,0.0
ch04,-3.7654127669911457,0.027062415354863468,0.0
ch05,-3.086497665820012,0.02190602841837692,0.0
ch06,-3.542445828325685,0.02548003496673854,0.0
ch07,-2.889873850450417,0.020577674415469916,0.0
