,cal0,cal1,cal2
ch01,-3.0997869369102604,0.025964064402519228,0.0
ch02,-3.7105470904696944,0.025368091772242182,0.0
ch03,-6.827634138608305,0.027233835325330493,0.0
ch04,-3.765736268125644,0.027062349663557785,0.0
ch05,-3.08530215539479,0.02191034059622493,0.0
ch06,-3.5503331513544887,0.02547615865550166,0.0
ch07,-2.913868239140026,0.02057655106372306,0.0
