,cal0,cal1,cal2
ch01,-3.038478771859321,0.025981359705742134,0.0
ch02,-3.683477096100509,0.025376451311768206,0.0
ch03,-6.8171823727458865,0.027238359101535,0.0
ch04,-3.765171890521938,0.027062438976265115,0.0
ch05,-3.0874815214145177,0.021902923359333366,0.0
ch06,-3.534047515900444,0.025483782559023057,0.0
ch07,-2.8685538914978377,0.02057851088508685,0.0
