,cal0,cal1,cal2
ch01,-2.989786955669134,0.026002117125427077,0.0
ch02,-3.6622635148135156,0.025383388690683035,0.0
ch03,-6.800891308359434,0.027238072645139482,0.0
ch04,-3.764918554670768,0.027062407580466886,0.0
ch05,-3.0889784846270927,0.02189810653442128,0.0
ch06,-3.512194689251851,0.025492554975891202,0.0
ch07,-2.82572650898262,0.020579441634829918,0.0
