,cal0,cal1,cal2
ch01,-2.963535801065218,0.02601298458618695,0.0
ch02,-3.648263973935541,0.025384335845836964,0.0
ch03,-6.785815550087753,0.027232961690050354,0.0
ch04,-3.765057302930267,0.027062366247982247,0.0
ch05,-3.0891603830185685,0.021896037893567543,0.0
ch06,-3.4951063823065676,0.02549892398410021,0.0
ch07,-2.8008113755500648,0.02057914736100237,0.0
