,cal0,cal1,cal2
ch01,-3.006569688439362,0.025994481671328465,0.0
ch02,-3.669838670432189,0.025381312278578403,0.0
ch03,-6.807790832708662,0.027239007023172702,0.0
ch04,-3.764961353948769,0.027062428908626167,0.0
ch05,-3.088547394904693,0.021899659064404723,0.0
ch06,-3.5209727301332836,0.02548915119476101,0.0
ch07,-2.8411663534223637,0.020579257746214656,0.0
