,cal0,cal1,cal2
ch01,-3.4577242078229564,0.02598838447422445,0.0
ch02,-3.844426002819738,0.025379625926311825,0.0
ch03,-7.259652911684851,0.02755695977416865,0.0
ch04,-4.076507720353922,0.02705602153144265,0.0
ch05,-3.650238300713233,0.022117220389568426,0.0
ch06,-3.2041970568462643,0.024989139906338952,0.0
ch07,-3.1282661794039015,0.01988808391412893,0.0
