,cal0,cal1,cal2
ch01,-3.291648838042242,0.025951492462289377,0.0
ch02,-3.791516626229165,0.025360647232247735,0.0
ch03,-6.839186430500088,0.02721893049860132,0.0
ch04,-3.7675430229790567,0.027060580343824796,0.0
ch05,-3.079573177231596,0.02195573641648662,0.0
ch06,-3.5688946569191526,0.02544876758312754,0.0
ch07,-3.025345992066557,0.020552223927787945,0.0
