,cal0,cal1,cal2
ch01,-3.5451095098177783,0.026742611788322067,0.0
ch02,-3.8409483431508322,0.025769425474556157,0.0
ch03,-6.583787239397333,0.02681757320761678,0.0
ch04,-3.632663910723115,0.02562721064732337,0.0
ch05,-3.038343415155563,0.0219914537867675,0.0
ch06,-3.33192184164279,0.026112129777315474,0.0
ch07,-2.7097717040180753,0.020495163664966738,0.0
