,cal0,cal1,cal2
ch01,-3.47285793596281,0.026465759000345552,0.0
ch02,-3.825549913479464,0.025546770274255438,0.0
ch03,-6.592372249840851,0.026864319710591743,0.0
ch04,-3.635611568238762,0.02692534056893179,0.0
ch05,-3.0533218043711625,0.02192152675653913,0.0
ch06,-3.3724331865974833,0.025798245426936824,0.0
ch07,-2.8418124930797246,0.020864470091742818,0.0
