,cal0,cal1,cal2
ch01,-3.8164165341583445,0.026625989019271185,0.0
ch02,-4.055826303136362,0.025858117890182844,0.0
ch03,-7.006762214914554,0.026658669213153064,0.0
ch04,-3.0564562176984373,0.025042982579463184,0.0
ch05,-3.455769280953291,0.022041642694231835,0.0
ch06,-2.8845178925744825,0.02686491922640285,0.0
ch07,-2.690073289259906,0.0198710359303033,0.0
