,cal0,cal1,cal2
ch01,-3.4212739593402626,0.026780068536869588,0.0
ch02,-3.744936393173141,0.025723389436667948,0.0
ch03,-6.582880280202863,0.026792174975370352,0.0
ch04,-3.6281191322023028,0.02594532065312549,0.0
ch05,-3.0369776456816555,0.02197439305238698,0.0
ch06,-3.3375758459260503,0.02584409636664222,0.0
ch07,-2.731152800643188,0.02071205587808205,0.0
