,cal0,cal1,cal2
ch01,-3.5288117465692546,0.026483726410130814,0.0
ch02,-3.885922137788782,0.025566339055472988,0.0
ch03,-6.591818793065011,0.02686424471242141,0.0
ch04,-3.6353306033998094,0.02683887894657203,0.0
ch05,-3.0521734500056663,0.021925454956795633,0.0
ch06,-3.3684881863763465,0.025800017194484947,0.0
ch07,-2.829085618180439,0.020863985153787616,0.0
