,cal0,cal1,cal2
ch01,-2.6893309015323346,0.025989144850440276,0.0
ch02,-3.1043395365814455,0.025033032442186593,0.0
ch03,-6.573151107628145,0.02701350076080808,0.0
ch04,-3.7443837217784064,0.02713719491383927,0.0
ch05,-3.502510255354399,0.021910668349189786,0.0
ch06,-2.8024401136738537,0.025697265436918224,0.0
ch07,-3.1466403956042033,0.0214692149212704,0.0
