,cal0,cal1,cal2
ch01,-3.2714902977006877,0.026393591917297753,0.0
ch02,-3.593219107980308,0.02548787303739227,0.0
ch03,-6.5947639946982415,0.02686029559740715,0.0
ch04,-3.6370971142712056,0.02705301164319503,0.0
ch05,-3.05881514374122,0.02191243491537095,0.0
ch06,-3.389370515243601,0.025796534744771574,0.0
ch07,-2.8867260174106417,0.02086090128366955,0.0
