,cal0,cal1,cal2
ch01,-3.1794211235543948,0.02671066423508425,0.0
ch02,-3.542843157163725,0.025595201062677656,0.0
ch03,-6.580986124795328,0.026799449112848404,0.0
ch04,-3.627762217327379,0.026497712551868138,0.0
ch05,-3.0341958642543574,0.021945962616183805,0.0
ch06,-3.341985899823581,0.025649629268084905,0.0
ch07,-2.8032320525783163,0.020894419453878536,0.0
