,cal0,cal1,cal2
ch01,-3.2223654090361036,0.02637284142243881,0.0
ch02,-3.547643528534535,0.02547597310596908,0.0
ch03,-6.595574101083376,0.026857293580890524,0.0
ch04,-3.6377246201484974,0.027059302362742402,0.0
ch05,-3.0609067927102243,0.02191095376700878,0.0
ch06,-3.3954485923561597,0.025795769501730435,0.0
ch07,-2.89875746922614,0.020859665534865877,0.0
