,cal0,cal1,cal2
ch01,-3.7152467815026196,0.026541883391621224,0.0
ch02,-4.048917514478861,0.025652086257721765,0.0
ch03,-6.589987986577288,0.026861083981443577,0.0
ch04,-3.6345244790648223,0.02627711546863445,0.0
ch05,-3.0486217066019616,0.021948924155447618,0.0
ch06,-3.3540945743662225,0.02589053395981186,0.0
ch07,-2.780010795606351,0.020785763475239378,0.0
