,cal0,cal1,cal2
ch01,-3.6523724012091914,0.02652218913617291,0.0
ch02,-4.001234783161285,0.02561808340789986,0.0
ch03,-6.590627450275135,0.026862736837794776,0.0
ch04,-3.634786800089376,0.02652314095096095,0.0
ch05,-3.049823690532447,0.021938369119789233,0.0
ch06,-3.359477495186942,0.025829456398203398,0.0
ch07,-2.7983328515249437,0.0208399641636417,0.0
