,cal0,cal1,cal2
ch01,-3.847744216084551,0.02660885033040509,0.0
ch02,-4.092358573263903,0.02583617563073305,0.0
ch03,-6.587128087135098,0.026839849068912836,0.0
ch04,-3.5273215025867404,0.025144448442381645,0.0
ch05,-3.0436293524409916,0.02202993919014606,0.0
ch06,-3.309589148574549,0.026774441523552964,0.0
ch07,-2.700388924199722,0.019963326613626393,0.0
