,cal0,cal1,cal2
ch01,-2.5967555190984974,0.0265026118646931,0.0
ch02,-2.897443981126941,0.024989285619328193,0.0
ch03,-6.241940612935888,0.026421605272899606,0.0
ch04,-3.68931446610031,0.026827722736196526,0.0
ch05,-3.0684043519552846,0.022008281616306743,0.0
ch06,-3.448951376583557,0.02563956047657499,0.0
ch07,-2.9801334990458592,0.020741588943116368,0.0
