,cal0,cal1,cal2
ch01,-2.7478528928096013,0.026515066062334877,0.0
ch02,-3.0479752311152417,0.025120218207948485,0.0
ch03,-6.32449835891535,0.026541211784783438,0.0
ch04,-3.7088306943500093,0.027023487759769718,0.0
ch05,-3.111000956211996,0.021957348712022966,0.0
ch06,-3.4451101781510993,0.02563383212463437,0.0
ch07,-3.0317935439054953,0.020778380504177,0.0
