,cal0,cal1,cal2
ch01,-2.652188785724193,0.02650155943552827,0.0
ch02,-2.9654425652508962,0.025042954638638305,0.0
ch03,-6.2328424284951165,0.026408059223202444,0.0
ch04,-3.686360366204697,0.026959695785350582,0.0
ch05,-3.0622360298784197,0.021974740791443195,0.0
ch06,-3.4507792049792227,0.025636319710594054,0.0
ch07,-3.0055582757174704,0.02076404874468473,0.0
