,cal0,cal1,cal2
ch01,-2.8315995140528996,0.026514201975227716,0.0
ch02,-3.1551669462203344,0.025185304946900054,0.0
ch03,-6.351585507158404,0.026579930652294012,0.0
ch04,-3.7139133351166382,0.027058019814790706,0.0
ch05,-3.1223289063090855,0.02194060792671765,0.0
ch06,-3.4464978532617625,0.025635007969497837,0.0
ch07,-3.0585155287225154,0.020784106206093653,0.0
