,cal0,cal1,cal2
ch01,-2.5682366777076786,0.026501654949203556,0.0
ch02,-2.8671308417377857,0.0249545508002964,0.0
ch03,-6.246795758910166,0.026428816888285897,0.0
ch04,-3.6907793932207844,0.026734511158087785,0.0
ch05,-3.0714986973604272,0.022035122467329606,0.0
ch06,-3.448150925094348,0.02564608360035727,0.0
ch07,-2.9648914923792358,0.02070265854000657,0.0
