,cal0,cal1,cal2
ch01,-2.746142942268877,0.02649030294496486,0.0
ch02,-3.112375440702107,0.025119712438354744,0.0
ch03,-6.213880925574933,0.026379084138132274,0.0
ch04,-3.678859779964071,0.027054771962127543,0.0
ch05,-3.0470590241413755,0.021942828746519833,0.0
ch06,-3.456516016186814,0.025639000316396227,0.0
ch07,-3.042483270159295,0.02076511374529472,0.0
