,cal0,cal1,cal2
ch01,-2.6766817011026847,0.026500206560314234,0.0
ch02,-2.9998289823441304,0.025063525340053853,0.0
ch03,-6.228609962646741,0.02640171350266005,0.0
ch04,-3.6848723034608173,0.026998492468973127,0.0
ch05,-3.0591674741193824,0.021964408508894393,0.0
ch06,-3.45180045028863,0.025636538489992092,0.0
ch07,-3.015657909073931,0.02076538959973048,0.0
