,cal0,cal1,cal2
ch01,-2.8143193393585424,0.026514878020701373,0.0
ch02,-3.1339379090424258,0.025171555587808925,0.0
ch03,-6.344777688796699,0.026570219963110073,0.0
ch04,-3.7126671390454806,0.027054707539450103,0.0
ch05,-3.1195542649503443,0.02194344256953782,0.0
ch06,-3.446069656100752,0.025634650625984502,0.0
ch07,-3.0532304484044954,0.0207825927039696,0.0
