,cal0,cal1,cal2
ch01,-2.7784272299496724,0.026473721190584738,0.0
ch02,-3.1679273076627883,0.02515237196454747,0.0
ch03,-6.2027669832525145,0.026360694777686686,0.0
ch04,-3.6727782921463876,0.027061576053632408,0.0
ch05,-3.0353372812802575,0.021934443872658402,0.0
ch06,-3.4620681394061137,0.025642286740723653,0.0
ch07,-3.0551311056877255,0.020765043640466236,0.0
