,cal0,cal1,cal2
ch01,-2.62524983636293,0.02650242787294205,0.0
ch02,-2.9307855197080683,0.025018492831644614,0.0
ch03,-6.2372876208373045,0.026414688235056754,0.0
ch04,-3.6878412727681766,0.026903490388632333,0.0
ch05,-3.065315888123445,0.02198883123448407,0.0
ch06,-3.4498284071704766,0.02563692170271964,0.0
ch07,-2.9937438456360717,0.020758441351225426,0.0
