,cal0,cal1,cal2
ch01,-2.720228078365115,0.02651451931120134,0.0
ch02,-3.0132542846035264,0.02509850304679044,0.0
ch03,-6.317833311703261,0.026531652225209507,0.0
ch04,-3.7075206916348487,0.026998084017588967,0.0
ch05,-3.1080816881926037,0.021965036661298325,0.0
ch06,-3.4449058696273775,0.025633705059406073,0.0
ch07,-3.0222552425200786,0.020776769758268383,0.0
