,cal0,cal1,cal2
ch01,-2.5419403176824527,0.026499057266456866,0.0
ch02,-2.8415481803267975,0.024914255625119307,0.0
ch03,-6.251846696191778,0.026436335040606596,0.0
ch04,-3.6922354725503648,0.02663261264996329,0.0
ch05,-3.074596177733416,0.022071047044806336,0.0
ch06,-3.4474290579993117,0.02565781901101637,0.0
ch07,-2.948730993011463,0.020633552010934215,0.0
