,cal0,cal1,cal2
ch01,-2.5044532945002986,0.026490066106658283,0.0
ch02,-2.806902668485899,0.02481988798139013,0.0
ch03,-5.948440062248934,0.02647159274995052,0.0
ch04,-3.416487538172707,0.026438655800424586,0.0
ch05,-2.0710318852189102,0.022175564665626705,0.0
ch06,-3.4453456798305604,0.02569295634834825,0.0
ch07,-2.9177158923027595,0.02042609709228652,0.0
