,cal0,cal1,cal2
ch01,-2.5074345185071674,0.026491228957395713,0.0
ch02,-2.8104216853847777,0.02483408971142728,0.0
ch03,-6.2625069549277885,0.026452489938766657,0.0
ch04,-3.6473248079710694,0.02646970739915035,0.0
ch05,-3.0807894720370563,0.02215534214459534,0.0
ch06,-3.4462192750866785,0.02568734581288421,0.0
ch07,-2.9218609282850023,0.020459477561547132,0.0
