,cal0,cal1,cal2
ch01,-2.6577275359824046,0.02547751207726323,0.0
ch02,-3.1611135480442667,0.024869496972223067,0.0
ch03,-6.350882348515186,0.026645976041791187,0.0
ch04,-3.806336421319513,0.027165846721407233,0.0
ch05,-2.918305674077361,0.021898258674178977,0.0
ch06,-3.3091372644089354,0.025493869718579035,0.0
ch07,-2.862089085834607,0.02081169932822058,0.0
