,cal0,cal1,cal2
ch01,-2.5830681653912952,0.0253736922844214,0.0
ch02,-3.1494349604077945,0.024816640888082483,0.0
ch03,-6.356770941475043,0.02672894220330018,0.0
ch04,-3.800716120839664,0.027167019437658264,0.0
ch05,-2.9356701376827465,0.02189076541369498,0.0
ch06,-3.289544017320603,0.02550117221587872,0.0
ch07,-2.8021462209107484,0.020779608158610886,0.0
