,cal0,cal1,cal2
ch01,-2.5707787492343113,0.025340084902231344,0.0
ch02,-3.0550123830177713,0.02475234085349276,0.0
ch03,-6.351994483886898,0.026701762894085733,0.0
ch04,-3.80170660593916,0.027435242048746835,0.0
ch05,-2.930961546770116,0.021907837447103878,0.0
ch06,-3.2867493865458304,0.025390195405694822,0.0
ch07,-2.7791027802071198,0.020776088821496525,0.0
