,cal0,cal1,cal2
ch01,-2.5926995540916433,0.025415303572723293,0.0
ch02,-3.2353430591182484,0.024863046310276242,0.0
ch03,-6.3631188398208245,0.026754441165656527,0.0
ch04,-3.79976221548738,0.0270849039157129,0.0
ch05,-2.94093925708063,0.02188527869570361,0.0
ch06,-3.290504616329753,0.025504443513714132,0.0
ch07,-2.8102662957525943,0.020774932245358976,0.0
