,cal0,cal1,cal2
ch01,-2.6048830860372614,0.025385690878293555,0.0
ch02,-3.032919338440287,0.024754339048160295,0.0
ch03,-6.3478109255375506,0.02665001548209614,0.0
ch04,-3.8048611903976646,0.02757837771302039,0.0
ch05,-2.920753628368892,0.02192338406250974,0.0
ch06,-3.29481561648823,0.02522314997073737,0.0
ch07,-2.797620087610537,0.02078087532730872,0.0
