,cal0,cal1,cal2
ch01,-2.5637459043824244,0.02531350249308722,0.0
ch02,-3.0042638282488348,0.024692171326518058,0.0
ch03,-6.349729378666534,0.026680485455447593,0.0
ch04,-3.8023853495571447,0.02773565316107746,0.0
ch05,-2.9281639506421278,0.02193338383352393,0.0
ch06,-3.281862839297843,0.024942901435263284,0.0
ch07,-2.7545930272952006,0.020742792456734334,0.0
