,cal0,cal1,cal2
ch01,-2.5750042122519736,0.025350712192621284,0.0
ch02,-3.0855036101051185,0.024776723579132312,0.0
ch03,-6.353405727799636,0.026711168027706594,0.0
ch04,-3.801372627919828,0.02731716575800083,0.0
ch05,-2.9324649097228668,0.02190005207668994,0.0
ch06,-3.288044241617838,0.02546545769994613,0.0
ch07,-2.788809923116848,0.020780345337525978,0.0
