,cal0,cal1,cal2
ch01,-2.600164084257694,0.025461739743319844,0.0
ch02,-3.2954703684496094,0.02490160711670233,0.0
ch03,-6.3709157634654145,0.02677935536565626,0.0
ch04,-3.798849217620069,0.027066868890388403,0.0
ch05,-2.9467011270384043,0.02188425635148493,0.0
ch06,-3.2910820589347938,0.025505301870912503,0.0
ch07,-2.810149184598453,0.02077067596739851,0.0
