,cal0,cal1,cal2
ch01,-2.595335158594808,0.025430438614178423,0.0
ch02,-3.258488232939928,0.024876475748373917,0.0
ch03,-6.365563664971779,0.02676279249657865,0.0
ch04,-3.799453110698585,0.02707553831831061,0.0
ch05,-2.942808667071534,0.021884626582771908,0.0
ch06,-3.2906964548342654,0.025504753542328347,0.0
ch07,-2.8108477500379028,0.0207734452983726,0.0
