,cal0,cal1,cal2
ch01,-2.712881899998727,0.025583059389415342,0.0
ch02,-3.2957177865964846,0.024954499386105496,0.0
ch03,-6.35866360224038,0.026638013454987227,0.0
ch04,-3.808232962052876,0.02706992103922836,0.0
ch05,-2.91714882831507,0.021892381597641467,0.0
ch06,-3.3212876166350567,0.025493363960529952,0.0
ch07,-2.9040710726048378,0.020822056914371393,0.0
