,cal0,cal1,cal2
ch01,-2.7029979697775546,0.025563223286784953,0.0
ch02,-3.2750301830394597,0.024940646307631945,0.0
ch03,-6.356781332920489,0.026639543907770884,0.0
ch04,-3.807849304513658,0.02707528132392349,0.0
ch05,-2.9172107289644793,0.021892772531234422,0.0
ch06,-3.3190824862016535,0.02549390033360436,0.0
ch07,-2.898075259543314,0.020820083655862073,0.0
