,cal0,cal1,cal2
ch01,-2.9226483140283297,0.02632893002503042,0.0
ch02,-3.2907341259017686,0.025355797189028827,0.0
ch03,-6.5099030271259615,0.02666618424299762,0.0
ch04,-3.628073427241798,0.027062272137725742,0.0
ch05,-2.894375158902592,0.02191178915210925,0.0
ch06,-3.5637386830576765,0.025687072460810766,0.0
ch07,-2.8222951448010747,0.020676341279901304,0.0
