,cal0,cal1,cal2
ch01,-2.9399241094147954,0.026371374124090047,0.0
ch02,-3.3189866296466084,0.025347206591678943,0.0
ch03,-6.4816892542619975,0.026564265739738975,0.0
ch04,-3.637753345690668,0.027062372944682413,0.0
ch05,-2.8769423464599453,0.021913339167973066,0.0
ch06,-3.5455212222329773,0.02565304143706142,0.0
ch07,-2.8264856151873663,0.02065588665613552,0.0
