,cal0,cal1,cal2
ch01,-2.9329501410851897,0.026349848992999535,0.0
ch02,-3.305770853470956,0.025351035238628722,0.0
ch03,-6.496407517134799,0.02661286609242046,0.0
ch04,-3.6328135234148187,0.027062338479336912,0.0
ch05,-2.8837517972619784,0.02191262069716918,0.0
ch06,-3.5572445760774944,0.025668959443462827,0.0
ch07,-2.8259710605043145,0.02066523745222909,0.0
