,cal0,cal1,cal2
ch01,-2.9343181214894654,0.026353325877562467,0.0
ch02,-3.3080301785069106,0.02535034041274627,0.0
ch03,-6.4941451262587435,0.026604912462618605,0.0
ch04,-3.6335811203962294,0.027062349849830847,0.0
ch05,-2.882460372139679,0.021912744403608533,0.0
ch06,-3.5556679879686377,0.02566632308496805,0.0
ch07,-2.826217844174053,0.020663660482812148,0.0
