,cal0,cal1,cal2
ch01,-2.9443066021519377,0.026398000648224017,0.0
ch02,-3.3347388259488766,0.025344072829426183,0.0
ch03,-6.458564727309114,0.026498767356735866,0.0
ch04,-3.645551134875656,0.027062294327734923,0.0
ch05,-2.8716451014260973,0.021914215235701508,0.0
ch06,-3.52278757584672,0.02563176519704012,0.0
ch07,-2.8247068366041663,0.020644060304343192,0.0
