,cal0,cal1,cal2
ch01,-2.9460084112545366,0.0264104461284011,0.0
ch02,-3.3443762049919017,0.025343389605165714,0.0
ch03,-6.442944422478063,0.026460250229005854,0.0
ch04,-3.6510836244736264,0.027062265012618738,0.0
ch05,-2.8707110929591604,0.021914812741065992,0.0
ch06,-3.5059929800926626,0.025618710977608154,0.0
ch07,-2.8233575828971786,0.02063718052524204,0.0
