,cal0,cal1,cal2
ch01,-2.9270735719849794,0.02633701314771609,0.0
ch02,-3.2969043827345463,0.025353848934049954,0.0
ch03,-6.504630321755543,0.026643884710490933,0.0
ch04,-3.6299688314029708,0.02706229377563899,0.0
ch05,-2.889498072977429,0.021912131494424784,0.0
ch06,-3.561938660180135,0.025679395392069874,0.0
ch07,-2.824278084548366,0.020671581075700038,0.0
