,cal0,cal1,cal2
ch01,-2.928573509694487,0.02634002789938014,0.0
ch02,-3.2990708455661957,0.02535315411344463,0.0
ch03,-6.502701125648019,0.026636259144826913,0.0
ch04,-3.6306460413955772,0.027062303720779727,0.0
ch05,-2.8879773516866294,0.021912251483897322,0.0
ch06,-3.5610103249271883,0.025676805351372317,0.0
ch07,-2.824807132859176,0.02066999226380199,0.0
