,cal0,cal1,cal2
ch01,-2.945629767540967,0.026408286895656226,0.0
ch02,-3.3424403310494886,0.025343452231371782,0.0
ch03,-6.446100242683457,0.026467690892420768,0.0
ch04,-3.6499388030227546,0.027062268359589668,0.0
ch05,-2.8707467351874505,0.02191468749714909,0.0
ch06,-3.509439791300413,0.025621296278470724,0.0
ch07,-2.823597566806198,0.0206385217185361,0.0
