,cal0,cal1,cal2
ch01,-2.9449530987031887,0.0264034621399249,0.0
ch02,-3.338578505512555,0.025343687032763972,0.0
ch03,-6.452374939554464,0.02648299270663639,0.0
ch04,-3.6477060210233496,0.027062278596610492,0.0
ch05,-2.8710456652107164,0.02191444560595312,0.0
ch06,-3.516220496656387,0.025626507805202887,0.0
ch07,-2.8241322041457617,0.020641256774017687,0.0
