,cal0,cal1,cal2
ch01,-2.9407531220331897,0.02637497804002057,0.0
ch02,-3.3210595558018294,0.02534667607944689,0.0
ch03,-6.478988364429537,0.026556022669401637,0.0
ch04,-3.63865376241247,0.027062368007278393,0.0
ch05,-2.8760351803906,0.021913451368694714,0.0
ch06,-3.5430719924852863,0.025650374323614503,0.0
ch07,-2.8263731022864764,0.020654361298412822,0.0
