,cal0,cal1,cal2
ch01,-2.9414841049431004,0.02637853548173197,0.0
ch02,-3.3230902418632784,0.025346183766027656,0.0
ch03,-6.4762251921272185,0.026547767551811784,0.0
ch04,-3.6395758106113285,0.02706236023107375,0.0
ch05,-2.8751961243550754,0.02191356158661243,0.0
ch06,-3.540496217039939,0.02564770670743789,0.0
ch07,-2.826217014754296,0.020652847905814353,0.0
