,cal0,cal1,cal2
ch01,-2.9452816030719293,0.026405957266830645,0.0
ch02,-3.3405069612099285,0.025343551124213794,0.0
ch03,-6.449245556707265,0.026475275942731562,0.0
ch04,-3.648812827732939,0.027062272836852513,0.0
ch05,-2.870858393949142,0.021914565075536383,0.0
ch06,-3.512852154973206,0.02562389565390101,0.0
ch07,-2.8238573466017365,0.020639880541757902,0.0
