,cal0,cal1,cal2
ch01,-3.0294521416929636,0.026287351660896054,0.0
ch02,-3.345091629791517,0.025267452500831903,0.0
ch03,-6.58709022207825,0.027145690017091866,0.0
ch04,-3.8576471759050825,0.02766451098406921,0.0
ch05,-3.117081475476246,0.021775343715190507,0.0
ch06,-3.5700222825399752,0.02573630211772316,0.0
ch07,-2.7753140751645717,0.019904935716286595,0.0
