,cal0,cal1,cal2
ch01,-2.9799798473231145,0.026216049603201338,0.0
ch02,-3.3387088672191947,0.02525057013268477,0.0
ch03,-6.587042536271126,0.027126052988881766,0.0
ch04,-3.837344445387663,0.02771436018383875,0.0
ch05,-3.114908373146788,0.021780893644523538,0.0
ch06,-3.573490007283593,0.025736045019796747,0.0
ch07,-2.791797238237006,0.020101261935033917,0.0
