,cal0,cal1,cal2
ch01,-3.008378161194928,0.02633680102010477,0.0
ch02,-3.2544283189535417,0.025199053867785925,0.0
ch03,-6.583889380720522,0.02712108169655661,0.0
ch04,-3.8424912321944813,0.027087275190756162,0.0
ch05,-3.138815517648311,0.021913995946689278,0.0
ch06,-3.617721020839694,0.025687579947037374,0.0
ch07,-2.952652220300337,0.02075462336656357,0.0
