,cal0,cal1,cal2
ch01,-2.494482939697152,0.025275721035440655,0.0
ch02,-2.9046451163403852,0.024382805694259813,0.0
ch03,-6.581507858406841,0.026954322574867132,0.0
ch04,-3.7520738694238993,0.02597712895838503,0.0
ch05,-3.094218816033334,0.021808054943908275,0.0
ch06,-3.524677216194891,0.0261656615551339,0.0
ch07,-2.73363166575814,0.020709139885428437,0.0
