,cal0,cal1,cal2
ch01,-3.0670738229194208,0.02633830553474602,0.0
ch02,-3.344097415980225,0.025275392743148384,0.0
ch03,-6.853835745899937,0.02758097579749045,0.0
ch04,-3.946521988842396,0.02759869529000875,0.0
ch05,-3.704349904139637,0.02177645951006145,0.0
ch06,-3.41138637263506,0.025734620655837776,0.0
ch07,-2.769088005712103,0.019828948732178164,0.0
