,cal0,cal1,cal2
ch01,-3.0926720363800575,0.02634548137663578,0.0
ch02,-3.3007456669054367,0.025229939646757887,0.0
ch03,-6.586203357063709,0.02712789701190693,0.0
ch04,-3.840303181092031,0.027271649192744392,0.0
ch05,-3.128013999797916,0.0218677746086388,0.0
ch06,-3.598475640165628,0.025697357441501385,0.0
ch07,-2.844688706990297,0.020561247042597867,0.0
