,cal0,cal1,cal2
ch01,-2.9652509397632247,0.026318754898520685,0.0
ch02,-3.24829002011888,0.025196905216995,0.0
ch03,-6.582104122826509,0.02711969727194059,0.0
ch04,-3.8436191479938726,0.02706796806241758,0.0
ch05,-3.145102812034947,0.02192086577429552,0.0
ch06,-3.625930824869854,0.02568653962327486,0.0
ch07,-2.994009950197725,0.02076137887199991,0.0
