,cal0,cal1,cal2
ch01,-2.797265523492512,0.025987386598597444,0.0
ch02,-3.2646871349192272,0.02515034682063008,0.0
ch03,-6.621440258437437,0.027161814235553448,0.0
ch04,-4.145516641874275,0.027642202340635528,0.0
ch05,-3.914790130938514,0.021789180177651177,0.0
ch06,-3.596864127790369,0.025739314875062633,0.0
ch07,-2.840700175653048,0.020587445050603195,0.0
