,cal0,cal1,cal2
ch01,-2.922058030497081,0.026138957925954144,0.0
ch02,-3.323599579603249,0.02522889894635882,0.0
ch03,-6.5869104054010075,0.02711386284730349,0.0
ch04,-3.837013031301579,0.027735096087677893,0.0
ch05,-3.1127460778940925,0.021785113415973632,0.0
ch06,-3.5739140734154233,0.025737142008165636,0.0
ch07,-2.812323431590365,0.020320327578904413,0.0
