,cal0,cal1,cal2
ch01,-3.0911224149934164,0.02636052702686147,0.0
ch02,-3.337410203967815,0.02527092838021959,0.0
ch03,-6.586947423701452,0.027151684446552485,0.0
ch04,-3.8587164756782983,0.0275150890516395,0.0
ch05,-3.121449190489726,0.021794465352375732,0.0
ch06,-3.5764834938140604,0.025728082050645903,0.0
ch07,-2.776028609826038,0.019920289024778447,0.0
