,cal0,cal1,cal2
ch01,-2.859852742785049,0.026063558275964804,0.0
ch02,-3.298956615459695,0.025199144476460277,0.0
ch03,-6.586690500031182,0.02710510943190134,0.0
ch04,-3.8928403945989802,0.027713596164315166,0.0
ch05,-3.1105973233883812,0.02178626539037293,0.0
ch06,-3.573462249203831,0.025739344998967517,0.0
ch07,-2.8303371152645265,0.020487906692922882,0.0
