,cal0,cal1,cal2
ch01,-3.1014666189283098,0.026351671267845163,0.0
ch02,-3.3141080789606683,0.025243138108224733,0.0
ch03,-6.586515704044304,0.027131618138670273,0.0
ch04,-3.8398223871464268,0.02734651652119204,0.0
ch05,-3.125827533211893,0.021846478184340417,0.0
ch06,-3.593070010861356,0.025706101017250557,0.0
ch07,-2.818396610903951,0.020374707240969445,0.0
