,cal0,cal1,cal2
ch01,-3.0784971704587587,0.026343712541735616,0.0
ch02,-3.287950613793326,0.02521941985445122,0.0
ch03,-6.585833521758343,0.027125495156411532,0.0
ch04,-3.84077005326795,0.02720942193049508,0.0
ch05,-3.130195152732564,0.02188373539383485,0.0
ch06,-3.6031383585830135,0.025692115370173817,0.0
ch07,-2.8703579656143066,0.02067148544329749,0.0
