,cal0,cal1,cal2
ch01,-3.3193106248480237,0.02649451594444235,0.0
ch02,-3.875330151013461,0.02568212341996213,0.0
ch03,-6.603876451102926,0.026744626353736183,0.0
ch04,-3.65631788451286,0.02706551191982287,0.0
ch05,-3.1321566478935274,0.02191259326624127,0.0
ch06,-3.457665005638715,0.025740098335050914,0.0
ch07,-2.9699684809058144,0.02097410514124127,0.0
