,cal0,cal1,cal2
ch01,-3.387124906409568,0.02661863403159849,0.0
ch02,-4.0569523671835475,0.02574794660053743,0.0
ch03,-6.595862527084049,0.026750900720413237,0.0
ch04,-3.6552996591573264,0.027088318082352934,0.0
ch05,-3.1265607955272228,0.021921160412437544,0.0
ch06,-3.4511259915764514,0.025743722699355515,0.0
ch07,-2.9296445237754973,0.020971013192015643,0.0
