,cal0,cal1,cal2
ch01,-3.6500423720506396,0.027015659815947505,0.0
ch02,-4.586791067015828,0.026261750542733817,0.0
ch03,-7.132217954350632,0.027082807800872882,0.0
ch04,-4.470584173079044,0.027730172889627324,0.0
ch05,-3.762350262527467,0.0220834533611011,0.0
ch06,-3.31706901596424,0.025643338399615734,0.0
ch07,-2.7865512992523254,0.020670269755823426,0.0
