,cal0,cal1,cal2
ch01,-3.410977995107468,0.02675900556883296,0.0
ch02,-4.2368543974256365,0.02579385512826405,0.0
ch03,-6.573343827007358,0.026787454699557626,0.0
ch04,-3.651480136370119,0.027237866133243624,0.0
ch05,-3.106723285327449,0.021943681315258538,0.0
ch06,-3.4324806567615775,0.02575430855257091,0.0
ch07,-2.8741023018071323,0.020954026267185826,0.0
