,cal0,cal1,cal2
ch01,-3.5624524814544727,0.02688585764979813,0.0
ch02,-4.473813938005937,0.026035473797546387,0.0
ch03,-6.576263559383128,0.026788315101427363,0.0
ch04,-3.6521600669594916,0.02752625224028494,0.0
ch05,-3.110113535359616,0.022005640751981928,0.0
ch06,-3.4311455509852316,0.02571078601976973,0.0
ch07,-2.820817782181845,0.020845334735182963,0.0
