,cal0,cal1,cal2
ch01,-3.315010926061713,0.0266928803671638,0.0
ch02,-4.057606981271951,0.02568688938896642,0.0
ch03,-6.571704666174351,0.026790003606454546,0.0
ch04,-3.6510386880165306,0.027134438864462762,0.0
ch05,-3.104540460715148,0.021925167198994944,0.0
ch06,-3.4322795981779723,0.025758536729535115,0.0
ch07,-2.9038021335799917,0.020960512244391598,0.0
