,cal0,cal1,cal2
ch01,-3.514159908708507,0.026834835680846797,0.0
ch02,-4.404212198605269,0.025942960209425832,0.0
ch03,-6.575225992558893,0.026787044021407604,0.0
ch04,-3.651931113494135,0.027418484332006346,0.0
ch05,-3.108967364276042,0.021978692068163354,0.0
ch06,-3.4319537543113334,0.02573386484216202,0.0
ch07,-2.8391788679152894,0.02090475673858827,0.0
