,cal0,cal1,cal2
ch01,-3.441151257592755,0.026686751169724587,0.0
ch02,-4.193999250669151,0.02580386218630386,0.0
ch03,-6.592146485699733,0.02675547698518588,0.0
ch04,-3.6547990600364724,0.027133712489814818,0.0
ch05,-3.1238473436572973,0.02193061698546091,0.0
ch06,-3.4476781078786227,0.025745357113251276,0.0
ch07,-2.9042604993707637,0.02096910521085975,0.0
