,cal0,cal1,cal2
ch01,-3.3318566077912477,0.026523328256314836,0.0
ch02,-3.9078767211265406,0.02569450366667343,0.0
ch03,-6.601810783786558,0.02674589506893986,0.0
ch04,-3.6560612308443536,0.027067638084586853,0.0
ch05,-3.1307385283360505,0.021913986506395224,0.0
ch06,-3.4560519093390227,0.02574100693235961,0.0
ch07,-2.9609573183040863,0.02097333043379923,0.0
