,cal0,cal1,cal2
ch01,-3.633909744933201,0.026995228646203927,0.0
ch02,-4.567482306848813,0.026220734311546975,0.0
ch03,-6.578539543701866,0.02679996961409697,0.0
ch04,-3.797712207931699,0.027697466413000076,0.0
ch05,-3.1124559550946347,0.022068273460417783,0.0
ch06,-3.425874483581204,0.02565462064798966,0.0
ch07,-2.7913004930910845,0.020698264514476483,0.0
