,cal0,cal1,cal2
ch01,-3.1436786712364166,0.026536694259545003,0.0
ch02,-3.703252234863456,0.025531663074599434,0.0
ch03,-6.568522321900843,0.02680080597117528,0.0
ch04,-3.6499828766838665,0.02706776902480077,0.0
ch05,-3.0993206672786027,0.02190747145462976,0.0
ch06,-3.430358974751391,0.025762046173239433,0.0
ch07,-2.957066173644468,0.020960122822418104,0.0
