,cal0,cal1,cal2
ch01,-3.0996737947605877,0.026483938135826765,0.0
ch02,-3.6189053512800085,0.025496295385380684,0.0
ch03,-6.567544801505549,0.02680600753948788,0.0
ch04,-3.649582480515595,0.027064346532628573,0.0
ch05,-3.097313196568751,0.021904938476078672,0.0
ch06,-3.429296872057037,0.02576322789055756,0.0
ch07,-2.971680124969006,0.020960067172538416,0.0
