,cal0,cal1,cal2
ch01,-3.1202586140252992,0.026509477724904622,0.0
ch02,-3.6572186695408786,0.02551264915891299,0.0
ch03,-6.568016127811979,0.026803371448974916,0.0
ch04,-3.6497809664800047,0.027065596411358667,0.0
ch05,-3.0983119310901315,0.021906036278325203,0.0
ch06,-3.4298403894549243,0.025762648594199442,0.0
ch07,-2.9647867053925427,0.02096007567467169,0.0
