,cal0,cal1,cal2
ch01,-3.592047257933408,0.026240120008997378,0.0
ch02,-3.999431532955999,0.025516567085796294,0.0
ch03,-6.969607112411489,0.02689763014042346,0.0
ch04,-3.9477760528655996,0.027065260476046286,0.0
ch05,-3.0573462255583936,0.021927245034183765,0.0
ch06,-3.4917902311446527,0.025247591052441405,0.0
ch07,-3.1185227567933094,0.019932999834537182,0.0
