,cal0,cal1,cal2
ch01,-3.464849125451269,0.026211794500337598,0.0
ch02,-3.9270940288110308,0.025487599633147544,0.0
ch03,-6.930948640682375,0.026832313755431113,0.0
ch04,-3.9367491906541106,0.027062502093058844,0.0
ch05,-3.0454779470138815,0.021922645152190952,0.0
ch06,-3.4424843317226483,0.02524482232493684,0.0
ch07,-3.0029377461689775,0.019945890069645932,0.0
