,cal0,cal1,cal2
ch01,-3.442331797705264,0.026209342932714957,0.0
ch02,-3.9208258408374115,0.025484399550775187,0.0
ch03,-6.92034694583967,0.026816504708901095,0.0
ch04,-3.9334975455502406,0.027062457355439346,0.0
ch05,-3.042153378791832,0.021921275667917968,0.0
ch06,-3.429964114913615,0.025244503333545106,0.0
ch07,-2.981698516751527,0.019950825021904154,0.0
