,cal0,cal1,cal2
ch01,-3.5257383080033966,0.026224101466659037,0.0
ch02,-3.955254138485711,0.02549991596702292,0.0
ch03,-6.952888432443022,0.026867662230838255,0.0
ch04,-3.943124699775295,0.02706298621598404,0.0
ch05,-3.0522488994353965,0.021925516849757506,0.0
ch06,-3.469598934048327,0.025246095614449637,0.0
ch07,-3.058738172370948,0.01993766639919112,0.0
