,cal0,cal1,cal2
ch01,-3.453071022608176,0.026210277657193786,0.0
ch02,-3.923554386658854,0.02548579216164625,0.0
ch03,-6.925608050404258,0.026824254023104264,0.0
ch04,-3.9351281921433428,0.027062474569171602,0.0
ch05,-3.0438083219485366,0.021921946872669632,0.0
ch06,-3.4361350739419363,0.025244636035662283,0.0
ch07,-2.9918808462022057,0.019948290615096804,0.0
