,cal0,cal1,cal2
ch01,-3.545458546621453,0.026228805854197727,0.0
ch02,-3.967386264091598,0.025504595170124853,0.0
ch03,-6.95845789695162,0.026877299524168712,0.0
ch04,-3.9446885139795427,0.027063384754878628,0.0
ch05,-3.0539508792345087,0.02192617620720481,0.0
ch06,-3.4768079773973857,0.025246543711398943,0.0
ch07,-3.076523163108838,0.019935964871745846,0.0
