,cal0,cal1,cal2
ch01,-3.3814861494731154,0.026220037238348103,0.0
ch02,-3.9090260414634512,0.02548491653199814,0.0
ch03,-6.882108560936098,0.026766013124069055,0.0
ch04,-3.920179407476688,0.027062415488153878,0.0
ch05,-3.0297475589063367,0.021917190580452828,0.0
ch06,-3.38779692215607,0.025245401537236076,0.0
ch07,-2.9217901730625613,0.019975671539315964,0.0
