,cal0,cal1,cal2
ch01,-3.927490363419081,0.026344689720146603,0.0
ch02,-4.20293481433958,0.02569167588208646,0.0
ch03,-7.611165131147907,0.027892447250197815,0.0
ch04,-4.214189501827147,0.027191053789165306,0.0
ch05,-3.314999986881948,0.021904669583854203,0.0
ch06,-4.068925936150937,0.025030874255387296,0.0
ch07,-3.5270772385751625,0.019778308952252258,0.0
