,cal0,cal1,cal2
ch01,-3.492152432954424,0.02621666368898591,0.0
ch02,-3.9377306425229532,0.025492628330775608,0.0
ch03,-6.941826109704476,0.02684936167884401,0.0
ch04,-3.9399598296008955,0.02706262458375793,0.0
ch05,-3.048850441073134,0.02192409057254026,0.0
ch06,-3.4557013502383485,0.025245354190235235,0.0
ch07,-3.02819254674859,0.01994149858744319,0.0
