,cal0,cal1,cal2
ch01,-3.4074112030225634,0.026210961631747732,0.0
ch02,-3.9141057795662078,0.025482364884635303,0.0
ch03,-6.900278474726378,0.026788662002971222,0.0
ch04,-3.9268907785165292,0.027062428133747547,0.0
ch05,-3.035732515746957,0.021918940043667914,0.0
ch06,-3.4071842076927585,0.02524451427423818,0.0
ch07,-2.947821295179476,0.019962260349043387,0.0
