,cal0,cal1,cal2
ch01,-3.5080514221510413,0.026220054852675,0.0
ch02,-3.9454668705581057,0.02549595596181014,0.0
ch03,-6.947340232874566,0.026858352925472426,0.0
ch04,-3.9415482791743126,0.027062756890754353,0.0
ch05,-3.0505478165092152,0.021924814260054378,0.0
ch06,-3.4625648070973227,0.0252456989374525,0.0
ch07,-3.0427070814031603,0.019939511607751367,0.0
