,cal0,cal1,cal2
ch01,-3.649780995514063,0.026253617743145188,0.0
ch02,-4.041594430936501,0.0255330983234661,0.0
ch03,-6.980677280433665,0.026919597316496523,0.0
ch04,-3.950806439478427,0.02707056673818515,0.0
ch05,-3.060711220002304,0.021927688658910597,0.0
ch06,-3.5076621015314444,0.02524878186828706,0.0
ch07,-3.1715694660981057,0.019930598941400948,0.0
