,cal0,cal1,cal2
ch01,-3.387326490130669,0.026217153406255505,0.0
ch02,-3.9103309609169665,0.02548391248495167,0.0
ch03,-6.8864543838692045,0.026771178689814996,0.0
ch04,-3.9218648356107777,0.027062418222535557,0.0
ch05,-3.031194847803295,0.0219175775724863,0.0
ch06,-3.3922991525868715,0.025245097142109832,0.0
ch07,-2.927727244028289,0.019972140965694597,0.0
