,cal0,cal1,cal2
ch01,-3.4778180032491264,0.02621391615098082,0.0
ch02,-3.9317165823710143,0.025489862282899057,0.0
ch03,-6.936358346466932,0.026840682826632208,0.0
ch04,-3.938359936081699,0.027062547590576205,0.0
ch05,-3.04715956343148,0.021923363086273517,0.0
ch06,-3.4490074427787025,0.025245061841877782,0.0
ch07,-3.014993137553766,0.019943625397049823,0.0
