,cal0,cal1,cal2
ch01,-3.3935644127456475,0.02621466261231839,0.0
ch02,-3.9115943520861336,0.025483141636556787,0.0
ch03,-6.890934009247245,0.02677667686623074,0.0
ch04,-3.923545633169161,0.0270624211633555,0.0
ch05,-3.0326762326929866,0.021917996582302878,0.0
ch06,-3.3970361579527513,0.02524484784179422,0.0
ch07,-2.9340204529042477,0.019968727467746018,0.0
