,cal0,cal1,cal2
ch01,-3.423464750315888,0.026209126928351572,0.0
ch02,-3.9169339182553804,0.02548272767059356,0.0
ch03,-6.910100983708268,0.0268019464367131,0.0
ch04,-3.9302097577822392,0.02706243832834596,0.0
ch05,-3.03889806620438,0.021920033464299608,0.0
ch06,-3.4181799256821077,0.025244399942111816,0.0
ch07,-2.9635505383825165,0.019956287274522602,0.0
