,cal0,cal1,cal2
ch01,-3.757961370248612,0.02627622486076221,0.0
ch02,-4.115712559772762,0.025571035660247758,0.0
ch03,-6.996882782309906,0.02695703628657359,0.0
ch04,-3.955235464118396,0.027095542694350296,0.0
ch05,-3.0656526104427715,0.021925828439582705,0.0
ch06,-3.5340198514093113,0.025245376556004902,0.0
ch07,-3.280058668679258,0.01992465153222731,0.0
