,cal0,cal1,cal2
ch01,-3.901739135900683,0.026325112283533268,0.0
ch02,-4.193003635385709,0.025660320207096354,0.0
ch03,-7.017134282489974,0.027030926055540968,0.0
ch04,-3.96112609965872,0.027170749802260558,0.0
ch05,-3.0719280242357487,0.02191215114108355,0.0
ch06,-3.5835744846052364,0.025104584771736136,0.0
ch07,-3.476142566046777,0.019828517568766288,0.0
