,cal0,cal1,cal2
ch01,-2.6884266314595306,0.025698358381669097,0.0
ch02,-3.019910774121329,0.024665273405112063,0.0
ch03,-6.452829511705233,0.026933641077230352,0.0
ch04,-3.8906575246851314,0.02706301963951962,0.0
ch05,-2.97994128308462,0.021917394448702814,0.0
ch06,-3.544618268707119,0.025556693438101623,0.0
ch07,-2.7343887159559834,0.0203971180399132,0.0
