,cal0,cal1,cal2
ch01,-2.6851343791473545,0.025684495875280933,0.0
ch02,-3.0067654023407133,0.02464075069712102,0.0
ch03,-6.447905687013075,0.02692772471917664,0.0
ch04,-3.8899982145494625,0.02706304288021927,0.0
ch05,-2.978787895486827,0.021918440403248248,0.0
ch06,-3.5426895212617477,0.02555612442286336,0.0
ch07,-2.725316786245091,0.020397270584970636,0.0
