,cal0,cal1,cal2
ch01,-2.6430716671113483,0.025490971029982087,0.0
ch02,-2.822350547676933,0.02406515507566755,0.0
ch03,-6.3889730081933465,0.026772209986426456,0.0
ch04,-3.859922576855283,0.027066824685894456,0.0
ch05,-2.970296046174349,0.021995182158016824,0.0
ch06,-3.5387964252769457,0.02434543183877096,0.0
ch07,-2.5508345970224346,0.01967402869026848,0.0
