,cal0,cal1,cal2
ch01,-2.6108941021492873,0.025562628481994348,0.0
ch02,-2.854151675859345,0.024464057528779937,0.0
ch03,-6.367326041827643,0.026841399765081052,0.0
ch04,-3.876789232388656,0.027063694827588195,0.0
ch05,-2.9704676925880302,0.021927182616735076,0.0
ch06,-3.497614768780654,0.025533324459009448,0.0
ch07,-2.670026238314615,0.020421283570291333,0.0
