,cal0,cal1,cal2
ch01,-2.595991603783962,0.025597004543663607,0.0
ch02,-2.8852330161162136,0.024603255872466298,0.0
ch03,-6.355518292569146,0.026843094838499306,0.0
ch04,-3.8739562148856286,0.027063106799815405,0.0
ch05,-2.9718852814166605,0.021915565381783023,0.0
ch06,-3.4828429443122064,0.02553946329039963,0.0
ch07,-2.726287168156963,0.02043921619891033,0.0
