,cal0,cal1,cal2
ch01,-2.626736388014929,0.025534985700384896,0.0
ch02,-2.830037527677234,0.024291152992643443,0.0
ch03,-6.377590499826593,0.02682912321189469,0.0
ch04,-3.878918332861431,0.027065144432000355,0.0
ch05,-2.970073457126741,0.021950406076124047,0.0
ch06,-3.512005100191531,0.025281162427837317,0.0
ch07,-2.610035637720547,0.02026001217399968,0.0
