,cal0,cal1,cal2
ch01,-2.647806964369957,0.025487543739704976,0.0
ch02,-2.825664313536975,0.024036572322550617,0.0
ch03,-5.9864384425341,0.025829623472083247,0.0
ch04,-3.7621300892510003,0.0270670203044615,0.0
ch05,-0.63108209795196,0.02200274147754627,0.0
ch06,-3.777163455742481,0.024218477892495566,0.0
ch07,-2.5445730320542896,0.019592515510274546,0.0
