,cal0,cal1,cal2
ch01,-2.6556734383864886,0.025518806228613414,0.0
ch02,-2.841921329606052,0.02413555291110588,0.0
ch03,-6.40135998740888,0.026818448219322333,0.0
ch04,-3.8830376187428706,0.027066389403316272,0.0
ch05,-2.9711621751203285,0.021981005186049018,0.0
ch06,-3.5369978293495494,0.024661269127978183,0.0
ch07,-2.5646374181649843,0.019863343424733847,0.0
