,cal0,cal1,cal2
ch01,-2.602367280815294,0.02557971013430474,0.0
ch02,-2.871413229880957,0.024542824301867654,0.0
ch03,-6.361146491263881,0.026843504360059486,0.0
ch04,-3.8753710093759794,0.027063275768694186,0.0
ch05,-2.971054766023922,0.021919925034194324,0.0
ch06,-3.489822965890889,0.025540724223052667,0.0
ch07,-2.701071733280018,0.02043247961553509,0.0
