,cal0,cal1,cal2
ch01,-2.6618611446385563,0.025563059798557893,0.0
ch02,-2.8694012893683642,0.024293734371855162,0.0
ch03,-6.410106941963924,0.026857548444498763,0.0
ch04,-3.884552129205052,0.027065136239558987,0.0
ch05,-2.9721047658962902,0.021952199363804662,0.0
ch06,-3.533384370511636,0.025285614589737528,0.0
ch07,-2.606009647755115,0.020243892192846766,0.0
