,cal0,cal1,cal2
ch01,-2.637872662571649,0.02550466278205587,0.0
ch02,-2.8221895873892953,0.024134230802833737,0.0
ch03,-6.385061009473168,0.026804245029094842,0.0
ch04,-3.8802197117386803,0.027066394679713883,0.0
ch05,-2.970151417808635,0.021980106536474506,0.0
ch06,-3.5262904065966723,0.02465891900301369,0.0
ch07,-2.5666115167920047,0.019871341294548702,0.0
