,cal0,cal1,cal2
ch01,-2.667368141415367,0.025595991641201854,0.0
ch02,-2.9041374905158945,0.02441928244297427,0.0
ch03,-6.419189316624113,0.0268816017240969,0.0
ch04,-3.885937610550992,0.02706404684060914,0.0
ch05,-2.9733412118633127,0.021935298989181427,0.0
ch06,-3.533923911538144,0.025516789864168967,0.0
ch07,-2.6457616729004676,0.02038024818168925,0.0
