,cal0,cal1,cal2
ch01,-2.593645615300214,0.025605410780556895,0.0
ch02,-2.8902372651490045,0.024628515875700568,0.0
ch03,-6.35291456342979,0.026842223928052373,0.0
ch04,-3.8732507443232502,0.027063067633358983,0.0
ch05,-2.97238696347262,0.0219140172989861,0.0
ch06,-3.47958553995507,0.025538652985616944,0.0
ch07,-2.737173633442974,0.02044267705405465,0.0
