,cal0,cal1,cal2
ch01,-2.6758273857630734,0.025640752851117478,0.0
ch02,-2.9592208099097173,0.024550377808390155,0.0
ch03,-6.433325606084839,0.026907575604869272,0.0
ch04,-3.8879883482760182,0.02706325440561143,0.0
ch05,-2.9757432316593584,0.02192354878303175,0.0
ch06,-3.5375213105046557,0.025553925212439387,0.0
ch07,-2.692009386740852,0.02039832198492524,0.0
