,cal0,cal1,cal2
ch01,-2.5918517988089524,0.02561354446989157,0.0
ch02,-2.893875534661987,0.024651187768665546,0.0
ch03,-6.350452263341277,0.026841002321791065,0.0
ch04,-3.8725468897325075,0.027063043415781207,0.0
ch05,-2.9729434534859456,0.021912753033407478,0.0
ch06,-3.476459578659301,0.025537835202904847,0.0
ch07,-2.747116522653376,0.02044625766025901,0.0
