,cal0,cal1,cal2
ch01,-2.8430871672158076,0.026698610971737015,0.0
ch02,-3.1285114333813593,0.025419028084863526,0.0
ch03,-6.488907859510655,0.026959400991822813,0.0
ch04,-3.760467022162839,0.0271072034971,0.0
ch05,-3.2364037164179513,0.021944794116838615,0.0
ch06,-3.459189292387481,0.025696611420142533,0.0
ch07,-3.0391197694241763,0.020972675951544704,0.0
