,cal0,cal1,cal2
ch01,-2.700505864427596,0.02687297546976536,0.0
ch02,-3.045005930842396,0.025538059181923152,0.0
ch03,-6.480737140925253,0.02692024928645461,0.0
ch04,-3.751819082126224,0.028026122267084116,0.0
ch05,-3.224675616680752,0.02209863976772661,0.0
ch06,-3.4566169855627042,0.025674734435553213,0.0
ch07,-3.004845227781005,0.021541894393477704,0.0
