,cal0,cal1,cal2
ch01,-2.762906914663293,0.026759604889555963,0.0
ch02,-3.1046331732661887,0.025421538059914237,0.0
ch03,-6.468711947783375,0.026872671271813517,0.0
ch04,-3.7470505438268145,0.027256513313602963,0.0
ch05,-3.2168416770138513,0.0219699240425437,0.0
ch06,-3.441124299007438,0.025678668755508637,0.0
ch07,-3.0491903771692264,0.020911238779931462,0.0
