,cal0,cal1,cal2
ch01,-2.764300138779547,0.026791318327020114,0.0
ch02,-3.068936768880039,0.02547907091973383,0.0
ch03,-6.489232626338176,0.026946900554959758,0.0
ch04,-3.7572074601527996,0.027501532134508937,0.0
ch05,-3.2327723400969295,0.021999573019501895,0.0
ch06,-3.4543416546448578,0.02568979418812933,0.0
ch07,-3.015281249834456,0.02102515860613103,0.0
