,cal0,cal1,cal2
ch01,-2.8767703507198013,0.026629861484275975,0.0
ch02,-3.1592471577933368,0.025396110048800803,0.0
ch03,-6.485005487192115,0.026967880950295647,0.0
ch04,-3.762648435047699,0.02706756316713722,0.0
ch05,-3.2380075260018533,0.021931643807842238,0.0
ch06,-3.4686892754259,0.025701405540317187,0.0
ch07,-3.0532889529172516,0.020988547135031246,0.0
