,cal0,cal1,cal2
ch01,-2.8630033258856336,0.026662977144486334,0.0
ch02,-3.1465878890615033,0.02540589038403695,0.0
ch03,-6.487337761121913,0.026963913430501044,0.0
ch04,-3.7616053440321235,0.027077714092591677,0.0
ch05,-3.2373492351502393,0.02193680161505783,0.0
ch06,-3.4634991706970464,0.02569899291490104,0.0
ch07,-3.0464861170982496,0.02098065288910727,0.0
