,cal0,cal1,cal2
ch01,-2.799051407465267,0.026707921662702038,0.0
ch02,-3.1461208352952355,0.02538162397196953,0.0
ch03,-6.459503005669127,0.02684759519340031,0.0
ch04,-3.74402483384367,0.02710643180142466,0.0
ch05,-3.211385284195475,0.021947634808276315,0.0
ch06,-3.438878116247233,0.02567626475073599,0.0
ch07,-3.068718945447154,0.020894202097018123,0.0
