,cal0,cal1,cal2
ch01,-2.7457594751021333,0.026813360040613025,0.0
ch02,-3.058108031138203,0.025498790445654715,0.0
ch03,-6.488657046257116,0.026944756240018602,0.0
ch04,-3.756485303831818,0.027671321516570768,0.0
ch05,-3.23182885505697,0.022024662576571354,0.0
ch06,-3.4550459104338267,0.025687132613187565,0.0
ch07,-3.0092337138578897,0.021130235321009147,0.0
