,cal0,cal1,cal2
ch01,-2.8333404233860793,0.02664547465073622,0.0
ch02,-3.185314775125066,0.02534660260745556,0.0
ch03,-6.4454212703125195,0.026814545429057767,0.0
ch04,-3.7397111954890367,0.02706745252951413,0.0
ch05,-3.203311969422495,0.021935245415615645,0.0
ch06,-3.439223261415179,0.025673343333766935,0.0
ch07,-3.0873874228110103,0.020880493206763693,0.0
