,cal0,cal1,cal2
ch01,-2.8705858644455535,0.026646059821296787,0.0
ch02,-3.153580696058248,0.025400652938795294,0.0
ch03,-6.486263543042435,0.026965968401297117,0.0
ch04,-3.7621388086222214,0.02707127801534687,0.0
ch05,-3.2377140951030823,0.02193395888900714,0.0
ch06,-3.4659975018848255,0.025700195755640844,0.0
ch07,-3.04993891532226,0.020984617068193705,0.0
