,cal0,cal1,cal2
ch01,-2.713192219024804,0.02687157982575871,0.0
ch02,-3.042264736698127,0.02554605249460905,0.0
ch03,-6.486859889530978,0.02694314381316617,0.0
ch04,-3.755121011829924,0.028026299280368736,0.0
ch05,-3.2297265986216317,0.022098003766073883,0.0
ch06,-3.4604611113294066,0.02567885872284811,0.0
ch07,-2.9975625309447405,0.021558289640582023,0.0
