,cal0,cal1,cal2
ch01,-2.816206386391731,0.02673551691133537,0.0
ch02,-3.1057628383349716,0.025437079483808703,0.0
ch03,-6.4896701774626795,0.02695445088658937,0.0
ch04,-3.759233833893162,0.027185422043700776,0.0
ch05,-3.2351687806284724,0.021957961005821123,0.0
ch06,-3.4560174747200976,0.025694249357308734,0.0
ch07,-3.0307802709964533,0.020965937391108396,0.0
