,cal0,cal1,cal2
ch01,-2.788022224706939,0.0267250226990853,0.0
ch02,-3.1330497973872005,0.025393217633051718,0.0
ch03,-6.462718373682133,0.026855900932070617,0.0
ch04,-3.7450538672642564,0.02713639848343845,0.0
ch05,-3.2132638368973314,0.021953107109372743,0.0
ch06,-3.4393272310213403,0.025677066025050686,0.0
ch07,-3.0628378964322596,0.020897978557366408,0.0
