,cal0,cal1,cal2
ch01,-2.809035276161375,0.02669126302507617,0.0
ch02,-3.1580035238788806,0.025371358774458147,0.0
ch03,-6.456155087864623,0.02683931429777495,0.0
ch04,-3.7429757326888446,0.027088205612612673,0.0
ch05,-3.2094490923516843,0.02194339824393231,0.0
ch06,-3.4386712458335236,0.02567548957022577,0.0
ch07,-3.0740582157182583,0.020890656501236574,0.0
