,cal0,cal1,cal2
ch01,-2.585157465041421,0.025485227129296035,0.0
ch02,-2.947287247435199,0.024760192878258973,0.0
ch03,-6.308409855083207,0.026732200880470593,0.0
ch04,-3.8519143299815832,0.027069217074111408,0.0
ch05,-3.003564982878591,0.021902729394376742,0.0
ch06,-3.409460876677891,0.025494505032212077,0.0
ch07,-2.819935739271235,0.020613369463547318,0.0
