,cal0,cal1,cal2
ch01,-2.553988711058018,0.025429707893732043,0.0
ch02,-2.9361914543416656,0.02473891627487944,0.0
ch03,-6.303944913487728,0.026719883634211704,0.0
ch04,-3.8501780503829717,0.027092986647759977,0.0
ch05,-3.0040983488866724,0.021904417939811124,0.0
ch06,-3.396333425275168,0.025491817031851216,0.0
ch07,-2.8144247932400166,0.020628811415440696,0.0
