,cal0,cal1,cal2
ch01,-2.6881192433267884,0.02568202971674678,0.0
ch02,-2.9441212385005473,0.024905856881082312,0.0
ch03,-6.292726496094389,0.02666787878316402,0.0
ch04,-3.840565510874149,0.027935203232928092,0.0
ch05,-3.0056058830981303,0.021584231229183556,0.0
ch06,-3.288998435666893,0.025429353102178615,0.0
ch07,-2.7802287646683332,0.020489767125861966,0.0
