,cal0,cal1,cal2
ch01,-2.7265848683596126,0.025924217667434343,0.0
ch02,-2.991492745224683,0.025258532372540943,0.0
ch03,-6.2927041738510665,0.026697341770690396,0.0
ch04,-3.8254553341211683,0.027502143980658443,0.0
ch05,-3.005123688265256,0.021272214479538278,0.0
ch06,-3.2568483807643105,0.024543750365012156,0.0
ch07,-2.928943515008881,0.020560152630091536,0.0
