,cal0,cal1,cal2
ch01,-2.64790283620105,0.025535056122915387,0.0
ch02,-2.91663183575018,0.024694029991789424,0.0
ch03,-6.151641683663585,0.026442825331714354,0.0
ch04,-3.928124925909788,0.028010962413186843,0.0
ch05,-3.3510916139096727,0.02180028665240675,0.0
ch06,-3.224883558000875,0.025951345207173675,0.0
ch07,-2.706924925311774,0.020461142670962336,0.0
