,cal0,cal1,cal2
ch01,-2.7160048778280257,0.025870344656618444,0.0
ch02,-2.9713479347454372,0.02516128853327954,0.0
ch03,-6.2926463353497235,0.02669955492219155,0.0
ch04,-3.8264142740135108,0.02772912638130357,0.0
ch05,-3.005408858472904,0.021298993055838204,0.0
ch06,-3.25972898314105,0.024636159002543234,0.0
ch07,-2.87455544593663,0.020509470312666332,0.0
