,cal0,cal1,cal2
ch01,-2.5061628840366463,0.025326344076917043,0.0
ch02,-2.886978413918991,0.024633251106912363,0.0
ch03,-6.295475957191889,0.02668474408246661,0.0
ch04,-3.8549732676038797,0.027468931320692058,0.0
ch05,-3.005455478636526,0.021947091718771086,0.0
ch06,-3.3608869002361152,0.025028065249188634,0.0
ch07,-2.7634108933547474,0.02083099348889711,0.0
