,cal0,cal1,cal2
ch01,-2.7235621547841022,0.025922172280038715,0.0
ch02,-2.9826648801908893,0.02523936205144453,0.0
ch03,-6.418492404851186,0.027237893594977063,0.0
ch04,-3.7617407833125798,0.02761564436889571,0.0
ch05,-2.890703617914896,0.021226073931956347,0.0
ch06,-2.8392117755019046,0.024468717218038904,0.0
ch07,-2.9089577145526775,0.02052214113305775,0.0
