,cal0,cal1,cal2
ch01,-2.578581499060619,0.02544416314138511,0.0
ch02,-2.888573895748442,0.02464284048475117,0.0
ch03,-6.293692671410555,0.026667565647613148,0.0
ch04,-3.8430367327644404,0.027763833363566363,0.0
ch05,-3.005719364888131,0.02188470948843172,0.0
ch06,-3.3284651846298265,0.0256610861009413,0.0
ch07,-2.7074301479559413,0.020618450943663578,0.0
