,cal0,cal1,cal2
ch01,-2.7255448694927615,0.025891102037874664,0.0
ch02,-2.9973741620297645,0.02523583618139126,0.0
ch03,-6.292778045390035,0.026675692328450802,0.0
ch04,-3.8380171961441327,0.027400785211567146,0.0
ch05,-3.004948529178718,0.021379833018720904,0.0
ch06,-3.2729341719384557,0.024787034852892652,0.0
ch07,-2.9364462813305563,0.020619702789925896,0.0
