,cal0,cal1,cal2
ch01,-2.4980602718307905,0.02531114925450218,0.0
ch02,-2.891476340482819,0.024633628439803802,0.0
ch03,-6.2520093931767855,0.026699982551707857,0.0
ch04,-3.903337907950601,0.027430236251210216,0.0
ch05,-3.2459809294822817,0.021957183714705415,0.0
ch06,-3.457271617312089,0.024975635716587983,0.0
ch07,-2.7740012705489328,0.020843593933854664,0.0
