,cal0,cal1,cal2
ch01,-2.542805533399602,0.02541234033955798,0.0
ch02,-2.931739752205487,0.024729890494976838,0.0
ch03,-6.302651507235369,0.026715809578601653,0.0
ch04,-3.849605489310054,0.027111286726144705,0.0
ch05,-3.0042768700633116,0.021906183290729065,0.0
ch06,-3.392025980941451,0.025488559372050933,0.0
ch07,-2.8118654786482487,0.02063485247786307,0.0
