,cal0,cal1,cal2
ch01,-2.9105063759827927,0.026316499029309662,0.0
ch02,-2.7845681646671414,0.02556521038803857,0.0
ch03,-6.2168000052188095,0.02652772431558031,0.0
ch04,-3.4875687007521865,0.027062628334160725,0.0
ch05,-3.1964616765728016,0.02191713979709816,0.0
ch06,-3.7261672249404585,0.025980365827929716,0.0
ch07,-3.4942610015659397,0.02152915021456146,0.0
