,cal0,cal1,cal2
ch01,-2.9571364884574614,0.026322692121119807,0.0
ch02,-2.805382272400599,0.025567472542234033,0.0
ch03,-6.270345648226468,0.02649730132546735,0.0
ch04,-3.4813322608883577,0.0270625987924726,0.0
ch05,-3.1833315531072643,0.021916530266971764,0.0
ch06,-3.7364051055966745,0.025976584459391317,0.0
ch07,-3.5165133293041535,0.02148513319716674,0.0
