,cal0,cal1,cal2
ch01,-2.976438591085999,0.026325609617837004,0.0
ch02,-2.815439274700587,0.025567013836728533,0.0
ch03,-6.291533656368611,0.02648235652544948,0.0
ch04,-3.478119163123261,0.027062585698465258,0.0
ch05,-3.176339256399623,0.021916262221694953,0.0
ch06,-3.7400394806029857,0.025975432013675498,0.0
ch07,-3.525033065090082,0.021463866114976155,0.0
