,cal0,cal1,cal2
ch01,-2.900316712117676,0.026314910150225124,0.0
ch02,-2.7804880389316833,0.025564482602009997,0.0
ch03,-6.204379646456879,0.026533838570143145,0.0
ch04,-3.488757932638434,0.027062634861380237,0.0
ch05,-3.1989123742150847,0.02191726972486439,0.0
ch06,-3.7236993827542504,0.02598139581917504,0.0
ch07,-3.489175714169168,0.021537987920556854,0.0
