,cal0,cal1,cal2
ch01,-2.993141066214343,0.026328919798023695,0.0
ch02,-2.825672888059806,0.02556494924356206,0.0
ch03,-6.310227259212262,0.026466701881612858,0.0
ch04,-3.4746552334187193,0.02706257274442846,0.0
ch05,-3.1686248015298113,0.021916015477884757,0.0
ch06,-3.7427882438920372,0.02597465576416413,0.0
ch07,-3.5318736656517355,0.021441925039580385,0.0
