,cal0,cal1,cal2
ch01,-2.8903461238809283,0.026313149124506538,0.0
ch02,-2.7766711941904063,0.02556376359526862,0.0
ch03,-6.1919574946888805,0.026539716780384703,0.0
ch04,-3.4898733063464173,0.02706264135961921,0.0
ch05,-3.201203846894106,0.021917397087163667,0.0
ch06,-3.7212183509410752,0.025982483599282076,0.0
ch07,-3.484154538522623,0.02154641540447041,0.0
