,cal0,cal1,cal2
ch01,-2.895301097932447,0.02631405374963926,0.0
ch02,-2.778544853415543,0.025564120159309613,0.0
ch03,-6.1981634109124,0.026536806966644906,0.0
ch04,-3.4893249036715983,0.027062638114574374,0.0
ch05,-3.2000776488340907,0.021917333717290197,0.0
ch06,-3.7224590187514575,0.02598193281591904,0.0
ch07,-3.486654229708396,0.021542254773998227,0.0
