,cal0,cal1,cal2
ch01,-2.946921964395343,0.026321336320853556,0.0
ch02,-2.800488685475564,0.025567252443337393,0.0
ch03,-6.259004462857391,0.026504462486365576,0.0
ch04,-3.482839813573138,0.027062605362481996,0.0
ch05,-3.186556868059303,0.021916667375211217,0.0
ch06,-3.7343259825409607,0.025977290877107876,0.0
ch07,-3.511815498681287,0.021495431192020076,0.0
