,cal0,cal1,cal2
ch01,-2.931300475621285,0.026319334123391106,0.0
ch02,-2.79339839175833,0.025566545900150714,0.0
ch03,-6.2412882786236,0.026514782907060715,0.0
ch04,-3.4849725795170303,0.027062615221102187,0.0
ch05,-3.191061239035064,0.02191687248725101,0.0
ch06,-3.7309615758469854,0.025978500112177658,0.0
ch07,-3.5044238474148623,0.021510365576452386,0.0
