,cal0,cal1,cal2
ch01,-2.8758907316558027,0.026310097838434632,0.0
ch02,-2.7715037330261953,0.02556275835079685,0.0
ch03,-6.17350777367169,0.02654810181591462,0.0
ch04,-3.491406252336169,0.027062651036644195,0.0
ch05,-3.204355764099012,0.021917583823370092,0.0
ch06,-3.717522272586518,0.02598421201268606,0.0
ch07,-3.476839750632799,0.021558224822470214,0.0
