,cal0,cal1,cal2
ch01,-2.8806369803793648,0.026311175715031315,0.0
ch02,-2.773147047575611,0.02556308016129199,0.0
ch03,-6.179619177004067,0.026545363334089175,0.0
ch04,-3.4909140552167695,0.027062647821583383,0.0
ch05,-3.2033421027486346,0.021917522096938712,0.0
ch06,-3.7187473368496438,0.025983623865142413,0.0
ch07,-3.4792421585276463,0.02155440384620473,0.0
