,cal0,cal1,cal2
ch01,-2.915666388322789,0.02631724228759199,0.0
ch02,-2.786697624052487,0.02556556712426087,0.0
ch03,-6.222982449362221,0.02652457799916446,0.0
ch04,-3.486946674014812,0.027062625061914918,0.0
ch05,-3.19517487752831,0.021917073858465034,0.0
ch06,-3.7273884355618736,0.025979874145328614,0.0
ch07,-3.4968126055716615,0.02152458688943555,0.0
