,cal0,cal1,cal2
ch01,-2.9621321550876734,0.026323390404310733,0.0
ch02,-2.8078681171786264,0.02556748269365996,0.0
ch03,-6.275844297403196,0.026493640271221898,0.0
ch04,-3.480553391383454,0.027062595511322507,0.0
ch05,-3.1816513708460947,0.021916462145692817,0.0
ch06,-3.7373845994669526,0.02597626294906181,0.0
ch07,-3.5187668293683627,0.021479894082723543,0.0
