,cal0,cal1,cal2
ch01,-2.7128043040754077,0.026462017593681126,0.0
ch02,-2.9700977161659234,0.02518295205002038,0.0
ch03,-6.181333613127731,0.026403293864552323,0.0
ch04,-3.5518959779616006,0.027062247178871655,0.0
ch05,-2.7440926055723116,0.021914814291281413,0.0
ch06,-3.5848889139564677,0.025818530893309766,0.0
ch07,-2.7943750063978663,0.020808989722945242,0.0
