,cal0,cal1,cal2
ch01,-2.6973832472442263,0.026559232240168804,0.0
ch02,-2.973806740417283,0.025167318552061477,0.0
ch03,-6.1491555892914525,0.026326894959497978,0.0
ch04,-3.5591268850436797,0.027062287443688948,0.0
ch05,-2.73804778603799,0.02191656650185707,0.0
ch06,-3.5816989628286806,0.025793037573641764,0.0
ch07,-2.788183170595093,0.02080471069853468,0.0
