,cal0,cal1,cal2
ch01,-2.700134740805125,0.026539169660136787,0.0
ch02,-2.9724207505192064,0.02517008245499768,0.0
ch03,-6.15535384485876,0.026341810438758023,0.0
ch04,-3.5575101646953846,0.027062269228850935,0.0
ch05,-2.73834321545974,0.02191616962527087,0.0
ch06,-3.583058708642815,0.025798224426246283,0.0
ch07,-2.7889756456500225,0.020805334194144286,0.0
