,cal0,cal1,cal2
ch01,-2.691603917784541,0.02660237367817688,0.0
ch02,-2.9784984375859556,0.025161642606928963,0.0
ch03,-6.134405941722755,0.026291495335395463,0.0
ch04,-3.5635318655637547,0.0270623687759354,0.0
ch05,-2.739319117759913,0.02191763201737419,0.0
ch06,-3.5769023356500673,0.025779988697411542,0.0
ch07,-2.7880884051888764,0.020803623036200484,0.0
