,cal0,cal1,cal2
ch01,-2.6960881286137988,0.026568903755259107,0.0
ch02,-2.974605326013918,0.025166030932132457,0.0
ch03,-6.146114134509844,0.02631957074941192,0.0
ch04,-3.5599666770647085,0.027062299713183472,0.0
ch05,-2.7380726420644645,0.02191677243904567,0.0
ch06,-3.5808931365762455,0.025790434559248388,0.0
ch07,-2.7879199274407003,0.02080444071207693,0.0
