,cal0,cal1,cal2
ch01,-2.6877500935744574,0.026620876552238004,0.0
ch02,-2.9901179209806967,0.025157614972328213,0.0
ch03,-6.113962568091735,0.026244124435546395,0.0
ch04,-3.571608899305117,0.027062440318068252,0.0
ch05,-2.7472120289560715,0.021919335926047875,0.0
ch06,-3.566076359169244,0.0257592047688904,0.0
ch07,-2.7971836343346417,0.0208030371276781,0.0
