,cal0,cal1,cal2
ch01,-2.704598526229222,0.026508777155293334,0.0
ch02,-2.970905167646981,0.025174623062474113,0.0
ch03,-6.1648998251009255,0.026364660348099544,0.0
ch04,-3.5552439867093764,0.02706225429661998,0.0
ch05,-2.739647637689941,0.021915616700034064,0.0
ch06,-3.5844354748355047,0.02580593763781646,0.0
ch07,-2.790665054426661,0.020806485014924138,0.0
