,cal0,cal1,cal2
ch01,-2.720084677222714,0.026430697493389284,0.0
ch02,-2.9712132912940654,0.025190054102249785,0.0
ch03,-6.194852820161208,0.026434075621765505,0.0
ch04,-3.5496058414697638,0.027062247818563832,0.0
ch05,-2.74963854355607,0.021914272958529574,0.0
ch06,-3.583621210074358,0.025828282935710965,0.0
ch07,-2.798016838052984,0.020811509533275176,0.0
