,cal0,cal1,cal2
ch01,-2.692604464310318,0.026595043492800532,0.0
ch02,-2.977417684986841,0.025162613549751304,0.0
ch03,-6.1372575374105995,0.026298301455531976,0.0
ch04,-3.5626100094068707,0.02706234923016781,0.0
ch05,-2.738836031062542,0.021917413303018645,0.0
ch06,-3.57800803252017,0.025782602639656246,0.0
ch07,-2.787831720367305,0.020803789772624925,0.0
