,cal0,cal1,cal2
ch01,-2.7110877833538063,0.026470761888237136,0.0
ch02,-2.970072211138584,0.025181227718005277,0.0
ch03,-6.178002048383134,0.026395555597770046,0.0
ch04,-3.5525224628454635,0.027062247612172102,0.0
ch05,-2.7429794096375963,0.021914963085471702,0.0
ch06,-3.584983105185313,0.025816044155733648,0.0
ch07,-2.793558984495623,0.0208084303331072,0.0
