,cal0,cal1,cal2
ch01,-2.6877568113435344,0.026623035795485316,0.0
ch02,-2.988363209829975,0.025157726921440634,0.0
ch03,-6.116248523178413,0.02624925516541113,0.0
ch04,-3.570533376592075,0.027062447673914358,0.0
ch05,-2.745841773894387,0.021919135799764625,0.0
ch06,-3.5675795087985347,0.02576177828543823,0.0
ch07,-2.7952996816204982,0.020803049489625004,0.0
