,cal0,cal1,cal2
ch01,-2.6898974970031597,0.02661421204941154,0.0
ch02,-2.980891845212177,0.025159987560534794,0.0
ch03,-6.128875776367525,0.026278397194459464,0.0
ch04,-3.56543551831433,0.027062407477103565,0.0
ch05,-2.7406254400175056,0.02191807147690211,0.0
ch06,-3.5744990245443526,0.025774763662053966,0.0
ch07,-2.7891251036965854,0.020803359062335602,0.0
