,cal0,cal1,cal2
ch01,-2.7145604915850408,0.02645362926436514,0.0
ch02,-2.97022232362051,0.02518469932014059,0.0
ch03,-6.184685233003748,0.026411021915922633,0.0
ch04,-3.551291085737951,0.027062247037723187,0.0
ch05,-2.7453161990901975,0.021914671066667727,0.0
ch06,-3.584703876852096,0.025820999293234247,0.0
ch07,-2.795227089975147,0.02080957780728044,0.0
