,cal0,cal1,cal2
ch01,-2.68920998198159,0.02661850019872442,0.0
ch02,-2.9822114721511723,0.025159313733774,0.0
ch03,-6.126205077505079,0.026272133226711653,0.0
ch04,-3.56641687387552,0.027062424211798136,0.0
ch05,-2.7414474152192434,0.02191829018477362,0.0
ch06,-3.5732101224391304,0.0257721551705679,0.0
ch07,-2.789932956014265,0.020803259597315844,0.0
