,cal0,cal1,cal2
ch01,-2.6948549630154495,0.026578180023931055,0.0
ch02,-2.9754729762156824,0.025164813648705,0.0
ch03,-6.143115124329629,0.026312354043328108,0.0
ch04,-3.560827236144573,0.027062314214892236,0.0
ch05,-2.7382124491946027,0.021916982682299795,0.0
ch06,-3.5800071422328332,0.02578782686906819,0.0
ch07,-2.7877634412001466,0.020804197737101113,0.0
