,cal0,cal1,cal2
ch01,-3.883552749255204,0.026122577908873467,0.0
ch02,-3.2583747110445493,0.025996395102873392,0.0
ch03,-6.949056704185529,0.027094926904023976,0.0
ch04,-3.421834784942088,0.026659548996318935,0.0
ch05,-3.236104791965868,0.02191658160266151,0.0
ch06,-3.7570770773420685,0.02604039923033506,0.0
ch07,-3.520013577710862,0.021369877155209573,0.0
