,cal0,cal1,cal2
ch01,-3.7562344464020936,0.026147970737417373,0.0
ch02,-3.27424035328286,0.025962600707510712,0.0
ch03,-6.931969224202626,0.02707529070835518,0.0
ch04,-3.42157300456448,0.026908764261980713,0.0
ch05,-3.217263040151103,0.021918382716810667,0.0
ch06,-3.754440891217348,0.026074863719704182,0.0
ch07,-3.501712494910426,0.02135759629908606,0.0
