,cal0,cal1,cal2
ch01,-3.952541936346522,0.02609446858624626,0.0
ch02,-3.311667475053677,0.026038397647111248,0.0
ch03,-7.215146170473377,0.027347049017944904,0.0
ch04,-2.8554220653242774,0.02649123143741464,0.0
ch05,-3.39520649272511,0.021917120326394136,0.0
ch06,-3.847708726925321,0.02598795144479339,0.0
ch07,-3.5493225082856545,0.021387236248094084,0.0
