,cal0,cal1,cal2
ch01,-3.5821729575079706,0.026137131104966592,0.0
ch02,-3.822382842317134,0.02611191578306343,0.0
ch03,-6.993908084345297,0.027125741640158848,0.0
ch04,-3.4235311522532776,0.027072337699340126,0.0
ch05,-3.3380634822774637,0.02193204937529602,0.0
ch06,-3.739070658824049,0.02605120603257812,0.0
ch07,-3.595296820285181,0.021368832001473236,0.0
