,cal0,cal1,cal2
ch01,-3.697897139225365,0.026105074903099455,0.0
ch02,-3.7678624584071834,0.026197606551934302,0.0
ch03,-6.991375173527387,0.027136334740971033,0.0
ch04,-3.4232866859131876,0.027123622891143208,0.0
ch05,-3.3096613310295586,0.021988526438517206,0.0
ch06,-3.742169680078309,0.026008999056817975,0.0
ch07,-3.6780994720886433,0.021376856403358048,0.0
