,cal0,cal1,cal2
ch01,-3.5368358682751677,0.02614968371414094,0.0
ch02,-3.8060956426983537,0.02608992447971397,0.0
ch03,-6.9903172956767685,0.027124667204649178,0.0
ch04,-3.423887814663752,0.027063817568694637,0.0
ch05,-3.354731521471599,0.021923781374437516,0.0
ch06,-3.7354858953181287,0.02604616515769373,0.0
ch07,-3.563502533984211,0.02136864728410462,0.0
