,cal0,cal1,cal2
ch01,-3.9169181774946975,0.026111445767987344,0.0
ch02,-3.2672323091995983,0.026009105926786992,0.0
ch03,-6.954156104970755,0.02710365953169623,0.0
ch04,-3.4213324903780853,0.026574653392427636,0.0
ch05,-3.2422541707761137,0.021915623408572223,0.0
ch06,-3.7587238624271415,0.026017527752899356,0.0
ch07,-3.527811822966977,0.021377327736933502,0.0
