,cal0,cal1,cal2
ch01,-3.6732596598066816,0.026112656408683634,0.0
ch02,-3.7919875936562475,0.026178015470201422,0.0
ch03,-6.992503673184229,0.02713216100244018,0.0
ch04,-3.4230854471104544,0.027118188483484754,0.0
ch05,-3.3146650312880084,0.02197231908754243,0.0
ch06,-3.7421487626064143,0.026027527595450385,0.0
ch07,-3.663665624803788,0.021373504915335635,0.0
