,cal0,cal1,cal2
ch01,-3.527968939462686,0.02615203343318218,0.0
ch02,-3.8037878930881326,0.02608647513230787,0.0
ch03,-6.988824952643107,0.027124498913629915,0.0
ch04,-3.423977266786768,0.02706331210144979,0.0
ch05,-3.358600963433481,0.021922694051941825,0.0
ch06,-3.7345139740960613,0.02604487234545504,0.0
ch07,-3.5578340240964352,0.021368503090369934,0.0
