,cal0,cal1,cal2
ch01,-3.754509659415243,0.026093772635047276,0.0
ch02,-3.6970796360061837,0.02621762591805022,0.0
ch03,-7.16091142368603,0.0274012863795349,0.0
ch04,-3.7185817524315423,0.027099132177515507,0.0
ch05,-3.7511711839621826,0.022010578698514374,0.0
ch06,-3.6955264047575773,0.025986543227289563,0.0
ch07,-3.689921452377509,0.021380778847354013,0.0
