,cal0,cal1,cal2
ch01,-3.6129126735732817,0.026129191474074727,0.0
ch02,-3.8239723916123203,0.02613113339751476,0.0
ch03,-6.994171668086878,0.027127017369983106,0.0
ch04,-3.4233529927291513,0.0270859885666475,0.0
ch05,-3.3290357624267237,0.021941331813353806,0.0
ch06,-3.740597527056329,0.026051906419589398,0.0
ch07,-3.618679442251358,0.02136898626992141,0.0
