,cal0,cal1,cal2
ch01,-3.819584249867924,0.026095669548026532,0.0
ch02,-3.6008867115464165,0.02617912427171382,0.0
ch03,-6.983882700240384,0.0271325656317978,0.0
ch04,-3.422932099503227,0.0269931262055358,0.0
ch05,-3.288636205819856,0.021986179928834403,0.0
ch06,-3.7467986644839555,0.02601162892166676,0.0
ch07,-3.6659139599487975,0.021375928530909277,0.0
