,cal0,cal1,cal2
ch01,-3.9383819014635777,0.026095237786743393,0.0
ch02,-3.3902451601988464,0.026075573627420027,0.0
ch03,-6.971494012429879,0.027120818831290763,0.0
ch04,-3.421695548599065,0.026596993171751803,0.0
ch05,-3.2661098472985453,0.021930361570779128,0.0
ch06,-3.756529674547555,0.026011098370944105,0.0
ch07,-3.581853551504117,0.0213807460944593,0.0
