,cal0,cal1,cal2
ch01,-3.1750319767518587,0.02626714824024762,0.0
ch02,-3.7261605406515046,0.025738949304240703,0.0
ch03,-6.730740276979147,0.02704594161915867,0.0
ch04,-3.6014791811135147,0.027062944985748006,0.0
ch05,-3.4232357408143335,0.02193268668840601,0.0
ch06,-3.7447221233371932,0.02580528750512213,0.0
ch07,-3.238127619415723,0.02113439385799693,0.0
