,cal0,cal1,cal2
ch01,-3.0929654472617827,0.0260926521512453,0.0
ch02,-3.49760438833507,0.026077303890360864,0.0
ch03,-6.798194030639311,0.027065534021939477,0.0
ch04,-3.5876956801247966,0.027242168816032638,0.0
ch05,-3.438318893111701,0.022172379187677147,0.0
ch06,-3.7563858362455314,0.025793341513092507,0.0
ch07,-3.7111703768871624,0.02143733319933479,0.0
