,cal0,cal1,cal2
ch01,-3.1886716397068637,0.02625433450011203,0.0
ch02,-3.746771861423393,0.025761163652425652,0.0
ch03,-6.7400571125138615,0.027040213606617985,0.0
ch04,-3.600215784495438,0.027062950453677143,0.0
ch05,-3.4275868480259306,0.02193497499942297,0.0
ch06,-3.7461394591630244,0.02580425224502674,0.0
ch07,-3.2364175287402293,0.021138428891288794,0.0
