,cal0,cal1,cal2
ch01,-3.205034520343258,0.026227598093712036,0.0
ch02,-3.792839371550964,0.025796989347262964,0.0
ch03,-6.7550001977150185,0.02703027008469939,0.0
ch04,-3.5981963348731263,0.02706314475167606,0.0
ch05,-3.4337573395680394,0.02194157336048871,0.0
ch06,-3.747417581218024,0.025802776560470392,0.0
ch07,-3.2268479083359307,0.021145334917099877,0.0
