,cal0,cal1,cal2
ch01,-3.202821752002248,0.026233585703678286,0.0
ch02,-3.781845369604723,0.025790167826495812,0.0
ch03,-6.752090476634666,0.027032254365490633,0.0
ch04,-3.5985909304635673,0.027063052361416456,0.0
ch05,-3.432643065596073,0.02193983699090329,0.0
ch06,-3.7472694102692126,0.025803044822528008,0.0
ch07,-3.2296065004519026,0.021143942627494156,0.0
