,cal0,cal1,cal2
ch01,-3.184286087857434,0.026258841281192633,0.0
ch02,-3.739579324607483,0.02575374052624606,0.0
ch03,-6.736972445508016,0.027042159862950974,0.0
ch04,-3.6006329102494448,0.027062946759320746,0.0
ch05,-3.4261855070284044,0.02193411771215547,0.0
ch06,-3.745721487430258,0.025804585688064933,0.0
ch07,-3.2372574279662447,0.021137071786866416,0.0
