,cal0,cal1,cal2
ch01,-3.1566991608497315,0.026131696376022088,0.0
ch02,-3.877399463731173,0.02582101570780051,0.0
ch03,-6.782690064371676,0.027013335940749533,0.0
ch04,-3.594202846798002,0.02711815216505961,0.0
ch05,-3.441241652046103,0.02202985375353385,0.0
ch06,-3.7456223689044665,0.025798660480305016,0.0
ch07,-3.149247944035617,0.021318750200922523,0.0
