,cal0,cal1,cal2
ch01,-3.1451757582481794,0.026115306970885373,0.0
ch02,-3.859459377236271,0.025813313095683143,0.0
ch03,-6.784687190404628,0.027012649119538854,0.0
ch04,-3.5938736486691405,0.027137764751111626,0.0
ch05,-3.441435128262416,0.022059588997777164,0.0
ch06,-3.745097253943114,0.02579628014595638,0.0
ch07,-3.141378234123948,0.021490995885832094,0.0
