,cal0,cal1,cal2
ch01,-3.741336535981763,0.02610010425778585,0.0
ch02,-4.2093316884951495,0.026315698521204585,0.0
ch03,-6.596307662053299,0.026732511498044304,0.0
ch04,-3.6636954280908056,0.026592978912573048,0.0
ch05,-3.2142457393882378,0.02199163660710083,0.0
ch06,-3.5013917235449674,0.025654141578533414,0.0
ch07,-3.322231891355329,0.021823630338778693,0.0
