,cal0,cal1,cal2
ch01,-3.850580265380427,0.026110905096536064,0.0
ch02,-4.218102145055474,0.025743339509614407,0.0
ch03,-6.634441409048748,0.02675606763827763,0.0
ch04,-3.6679040451304603,0.02705170756168006,0.0
ch05,-3.243245606021369,0.021914309771417232,0.0
ch06,-3.5106011818447422,0.02569548413161594,0.0
ch07,-3.0449102211372776,0.02103812443379451,0.0
