,cal0,cal1,cal2
ch01,-4.273959630786859,0.02609437547592711,0.0
ch02,-4.667132978337574,0.02621381350900798,0.0
ch03,-6.604644999782747,0.02675713897809908,0.0
ch04,-3.6644596871269908,0.02655383627337873,0.0
ch05,-3.2200875652064496,0.021954037400706103,0.0
ch06,-3.494667187315846,0.025682742125593648,0.0
ch07,-3.1692725279862772,0.020706366295718696,0.0
