,cal0,cal1,cal2
ch01,-4.098819576902775,0.02610751388943344,0.0
ch02,-4.520470742513332,0.025811566149776432,0.0
ch03,-6.629746587791736,0.026755121878958146,0.0
ch04,-3.667101062416474,0.027009160715632856,0.0
ch05,-3.2390191159378365,0.021916404260492836,0.0
ch06,-3.5050873157433893,0.025696629184286873,0.0
ch07,-3.0410694735768913,0.021040779116339964,0.0
