,cal0,cal1,cal2
ch01,-3.582385361063004,0.026098977018879636,0.0
ch02,-4.056425679283044,0.026355291361923924,0.0
ch03,-6.593458286401447,0.026727374750291785,0.0
ch04,-3.639518679098302,0.02659612047931186,0.0
ch05,-3.2122571457153244,0.02200792904984736,0.0
ch06,-3.5085559029962883,0.025637717237652055,0.0
ch07,-3.3607205079338724,0.022134562384820828,0.0
