,cal0,cal1,cal2
ch01,-3.1277510123539893,0.026100220003642743,0.0
ch02,-3.508618918346502,0.025986447589980154,0.0
ch03,-6.576189872867028,0.02670974702895336,0.0
ch04,-3.6624402512085785,0.02690737545740076,0.0
ch05,-3.200055745418533,0.021930988377504256,0.0
ch06,-3.4868970285555165,0.02570298000279156,0.0
ch07,-3.279642002706102,0.021147981689286145,0.0
