,cal0,cal1,cal2
ch01,-4.650859948864206,0.02608073842529227,0.0
ch02,-4.999112676242881,0.026137054520187553,0.0
ch03,-6.614982341882802,0.026802381367339236,0.0
ch04,-3.669620759259334,0.026544669805160143,0.0
ch05,-3.227498940767694,0.021942309123090826,0.0
ch06,-3.4937432625814804,0.02566847562178085,0.0
ch07,-3.0345580624776245,0.02004531877928059,0.0
