,cal0,cal1,cal2
ch01,-4.632190357781467,0.026087084774984923,0.0
ch02,-5.0016270436550165,0.026078707929628287,0.0
ch03,-6.617379981171718,0.0267804697567198,0.0
ch04,-3.6656239474314467,0.02661158385668007,0.0
ch05,-3.229268732119485,0.021936121298532642,0.0
ch06,-3.4955608549747086,0.02567635005416029,0.0
ch07,-3.027753691699492,0.02031442160298798,0.0
