,cal0,cal1,cal2
ch01,-4.297066011883238,0.026104506830937627,0.0
ch02,-4.73734577097979,0.025875947115760047,0.0
ch03,-6.626041404872105,0.02675723291199407,0.0
ch04,-3.6665859028533343,0.02692904377789997,0.0
ch05,-3.235948387374412,0.021919498889486702,0.0
ch06,-3.5017112633330987,0.025696700321947544,0.0
ch07,-3.0361404525075977,0.02101866689639488,0.0
