,cal0,cal1,cal2
ch01,-3.721747506880453,0.02611230719922752,0.0
ch02,-4.068864842728054,0.025709914249299554,0.0
ch03,-6.636970941549862,0.026758381437082705,0.0
ch04,-3.668459819062853,0.027059163413494677,0.0
ch05,-3.2457905476003526,0.021913722591879715,0.0
ch06,-3.514526748203237,0.025694777177994826,0.0
ch07,-3.0459400152934113,0.021035219622440548,0.0
