,cal0,cal1,cal2
ch01,-3.6176864010329233,0.026112967043088135,0.0
ch02,-3.9675598049597025,0.025682772178082715,0.0
ch03,-6.639011320251525,0.026761608869329982,0.0
ch04,-3.6690321285644365,0.027061628781826608,0.0
ch05,-3.2481037062950127,0.02191345684070555,0.0
ch06,-3.5186068132280885,0.025694142476850642,0.0
ch07,-3.0463498514662013,0.02103215853172016,0.0
