,cal0,cal1,cal2
ch01,-3.6669340212345385,0.02611272827063684,0.0
ch02,-4.012551335756965,0.025695687655350487,0.0
ch03,-6.638052360463104,0.026759896611888358,0.0
ch04,-3.6687438998624695,0.027060733064715348,0.0
ch05,-3.246976747565709,0.021913559919126083,0.0
ch06,-3.516549888908554,0.02569445069894157,0.0
ch07,-3.0461964936536194,0.021033707369859704,0.0
