,cal0,cal1,cal2
ch01,-2.533699531248749,0.0266460009803117,0.0
ch02,-2.677014775204828,0.02501223876625673,0.0
ch03,-5.867203475632424,0.026151065690651523,0.0
ch04,-3.4787717946714714,0.027064116522030616,0.0
ch05,-2.59356829115894,0.021920067743765682,0.0
ch06,-3.604766550417901,0.025928466298563147,0.0
ch07,-2.746820782609142,0.02089050631777678,0.0
