,cal0,cal1,cal2
ch01,-2.5128508780367236,0.026832284227252683,0.0
ch02,-2.6589394936106316,0.025006022001141957,0.0
ch03,-5.852686482104099,0.026108511608747935,0.0
ch04,-3.482507475484954,0.027092407867058212,0.0
ch05,-2.597575885654819,0.02192293105512882,0.0
ch06,-3.6043264678177147,0.025916112982500978,0.0
ch07,-2.7210063065349255,0.020892409300939642,0.0
