,cal0,cal1,cal2
ch01,-2.502505199781338,0.02691887246734471,0.0
ch02,-2.6491478923378096,0.025002431452611464,0.0
ch03,-5.847924893413672,0.026089606543530954,0.0
ch04,-3.484139888996243,0.02714582910670161,0.0
ch05,-2.600314686648347,0.021925108584888504,0.0
ch06,-3.603735124330911,0.025911221717292366,0.0
ch07,-2.70681939734616,0.02089439454862476,0.0
