,cal0,cal1,cal2
ch01,-2.517578050782733,0.026790775915838602,0.0
ch02,-2.6633666595297014,0.02500744071773516,0.0
ch03,-5.855295742802603,0.026117421850113228,0.0
ch04,-3.4817206193913757,0.027079862745471226,0.0
ch05,-2.5964473061571436,0.021922158958522144,0.0
ch06,-3.604523108100927,0.025918600871339254,0.0
ch07,-2.7270017842129195,0.020891910074331697,0.0
