,cal0,cal1,cal2
ch01,-2.470212290660662,0.02724857734892679,0.0
ch02,-2.625097422395588,0.024977293683007686,0.0
ch03,-5.83747852199154,0.026001417887923105,0.0
ch04,-3.489575954652797,0.02773055119122261,0.0
ch05,-2.6122591294715694,0.021947419013147784,0.0
ch06,-3.5987839835583437,0.025945577378993865,0.0
ch07,-2.6416210704775427,0.02132981851724346,0.0
