,cal0,cal1,cal2
ch01,-2.4745914162587055,0.027172779997058347,0.0
ch02,-2.6272011082527644,0.024983235691886534,0.0
ch03,-5.838804128768625,0.02602467399280152,0.0
ch04,-3.4885556239568354,0.027611079531168013,0.0
ch05,-2.609891736962135,0.02194103930896221,0.0
ch06,-3.6003090380476044,0.02592834010760443,0.0
ch07,-2.652979964576954,0.021154965826409855,0.0
