,cal0,cal1,cal2
ch01,-2.4669941073306556,0.0273145998008314,0.0
ch02,-2.6242542007238443,0.024972596890076325,0.0
ch03,-5.836325571236748,0.02596210066639603,0.0
ch04,-3.505872585445658,0.02781630926285694,0.0
ch05,-2.6147718510864317,0.02195337965093587,0.0
ch06,-3.5961013520231835,0.025960760854740614,0.0
ch07,-2.6342446231009817,0.02148743405865174,0.0
