,cal0,cal1,cal2
ch01,-2.5550770350849374,0.026482086442700885,0.0
ch02,-2.6920798812935796,0.025022365736715672,0.0
ch03,-5.893414081146089,0.026206757349550597,0.0
ch04,-3.47438809258285,0.0270622609755342,0.0
ch05,-2.594940402657413,0.02191777406752656,0.0
ch06,-3.6035052053084535,0.025945176308035237,0.0
ch07,-2.77623649086374,0.020890204489738228,0.0
