,cal0,cal1,cal2
ch01,-2.4969350671930104,0.026962742905654546,0.0
ch02,-2.644045895290128,0.02500004435434381,0.0
ch03,-5.845777452375803,0.026079350099359928,0.0
ch04,-3.484985141524225,0.027195784257344636,0.0
ch05,-2.601921772843906,0.02192670544506887,0.0
ch06,-3.6033221250045444,0.02590911577555236,0.0
ch07,-2.698282982755704,0.02089832648171156,0.0
