,cal0,cal1,cal2
ch01,-2.5300469673060713,0.026678608452036102,0.0
ch02,-2.674179707816116,0.025011072595335724,0.0
ch03,-5.864010118604577,0.026142867155233302,0.0
ch04,-3.4794790001725464,0.027065554658164678,0.0
ch05,-2.594040639211198,0.021920495167823472,0.0
ch06,-3.6047804070472864,0.025926016728089293,0.0
ch07,-2.742285165818702,0.020890776575342492,0.0
