,cal0,cal1,cal2
ch01,-2.537143354929109,0.02661587003788977,0.0
ch02,-2.6795504772650705,0.025013439851027386,0.0
ch03,-5.870537898869056,0.026159171398404676,0.0
ch04,-3.478084731923235,0.027063296027106637,0.0
ch05,-2.5932622556874763,0.02191967750969909,0.0
ch06,-3.6047071447807997,0.02593090261041449,0.0
ch07,-2.7511998556767647,0.020890291323295535,0.0
