,cal0,cal1,cal2
ch01,-2.522009005301106,0.026751135451658102,0.0
ch02,-2.667387184155242,0.02500871686674018,0.0
ch03,-5.858054215648368,0.026126082678392167,0.0
ch04,-3.4809535111977827,0.027072413238360838,0.0
ch05,-2.5954811262558377,0.021921518561681362,0.0
ch06,-3.604661690645167,0.025921082656149317,0.0
ch07,-2.7324677686960737,0.020891478660085637,0.0
