,cal0,cal1,cal2
ch01,-2.4650100381473505,0.027318423447868292,0.0
ch02,-2.6267393739010143,0.02497778678243442,0.0
ch03,-5.834548812064861,0.025954679104677903,0.0
ch04,-3.5078188200562934,0.0278162930169329,0.0
ch05,-2.6202230947652803,0.021953510294631624,0.0
ch06,-3.595678026291889,0.025955748031914628,0.0
ch07,-2.6427950541945835,0.021489166063078352,0.0
