,cal0,cal1,cal2
ch01,-2.4797704415774624,0.027106638696556638,0.0
ch02,-2.6303843933506337,0.02498875430541125,0.0
ch03,-5.8402995916918,0.02604188590768665,0.0
ch04,-3.4876349729396914,0.027482348922685314,0.0
ch05,-2.6076720790567514,0.02193574469255696,0.0
ch06,-3.6013710551363873,0.025915688767794258,0.0
ch07,-2.6655041918988083,0.02102163357229004,0.0
