,cal0,cal1,cal2
ch01,-2.5494203862303433,0.02651858315585613,0.0
ch02,-2.688031911765689,0.02501898491898708,0.0
ch03,-5.885252242869222,0.026191016637438773,0.0
ch04,-3.4755390172687517,0.027062331653929978,0.0
ch05,-2.593710642273483,0.021918347159038072,0.0
ch06,-3.6040544698755053,0.025940491662291367,0.0
ch07,-2.7679765988150775,0.020890000649918652,0.0
