,cal0,cal1,cal2
ch01,-2.2324445650576266,0.02633225697459749,0.0
ch02,-2.6118470992858,0.025301843965375097,0.0
ch03,-5.811948372070642,0.02597834229557604,0.0
ch04,-3.4412979506340724,0.027062130201659908,0.0
ch05,-2.732401760539883,0.02192356455438108,0.0
ch06,-3.6588723684712163,0.025940496044782373,0.0
ch07,-3.166308489776552,0.020968922527587638,0.0
