,cal0,cal1,cal2
ch01,-2.2838026987955997,0.026269343300088833,0.0
ch02,-2.626570474078093,0.02533486299070519,0.0
ch03,-5.8427434645256735,0.025977645027842028,0.0
ch04,-3.4543174171020365,0.02706191876166628,0.0
ch05,-2.7768545605274593,0.021929406746855392,0.0
ch06,-3.672531041657027,0.02591802397970114,0.0
ch07,-3.193101728812814,0.020991617753329667,0.0
