,cal0,cal1,cal2
ch01,-2.382252256648921,0.026245147024618384,0.0
ch02,-2.637056136783934,0.025337210876000882,0.0
ch03,-5.867658398664327,0.0259900915653033,0.0
ch04,-3.460619784048838,0.027062053501744694,0.0
ch05,-2.8002285881788906,0.021932195920061945,0.0
ch06,-3.6777704690788413,0.025908783807577326,0.0
ch07,-3.186986576259863,0.021002407849035912,0.0
