,cal0,cal1,cal2
ch01,-2.255992278914522,0.02628198550146912,0.0
ch02,-2.623118561641549,0.02533181639944316,0.0
ch03,-5.834617002210022,0.02597483099158442,0.0
ch04,-3.4518544450400386,0.02706189384916949,0.0
ch05,-2.7679864479777074,0.021928175386135274,0.0
ch06,-3.670255868247159,0.02592190911383558,0.0
ch07,-3.193026658599217,0.020987361017019913,0.0
