,cal0,cal1,cal2
ch01,-2.5556938338545665,0.026251564873513357,0.0
ch02,-2.6605439664913035,0.02533425669002048,0.0
ch03,-5.91924852689298,0.026023486628831645,0.0
ch04,-3.471008995410382,0.027062197096863572,0.0
ch05,-2.8402352613305815,0.021933113691741835,0.0
ch06,-3.685095857476244,0.025895597455928076,0.0
ch07,-3.182835851555499,0.02101995827853234,0.0
