,cal0,cal1,cal2
ch01,-2.244389313479907,0.026339051988133334,0.0
ch02,-2.6103860055132184,0.025292746608332833,0.0
ch03,-5.810016220522604,0.02598251451872832,0.0
ch04,-3.4390884895129066,0.02706218218686311,0.0
ch05,-2.725606298350907,0.021922808322164176,0.0
ch06,-3.656187231867956,0.02594482549772348,0.0
ch07,-3.156003841777645,0.02096505698509607,0.0
