,cal0,cal1,cal2
ch01,-2.276891558656543,0.02634693374804391,0.0
ch02,-2.6088920394123103,0.025273972156186833,0.0
ch03,-5.809408799520766,0.025994078492188027,0.0
ch04,-3.4348403097205122,0.0270622397279792,0.0
ch05,-2.7133993458764047,0.021921522034611528,0.0
ch06,-3.650798933287448,0.025953639243763326,0.0
ch07,-3.1338750909872783,0.020957689036576507,0.0
