,cal0,cal1,cal2
ch01,-2.2688696922434266,0.026275572182660023,0.0
ch02,-2.6247979261702374,0.025333514302709737,0.0
ch03,-5.838543712167928,0.025976075619891608,0.0
ch04,-3.4530813284553092,0.027061901988631912,0.0
ch05,-2.7723825025098816,0.021928789315886838,0.0
ch06,-3.6714068911637523,0.025919953871832338,0.0
ch07,-3.1933185527380044,0.02098948425241714,0.0
