,cal0,cal1,cal2
ch01,-2.450338576218295,0.026239980612899488,0.0
ch02,-2.64486647694638,0.025336349340667554,0.0
ch03,-5.8854940490942536,0.02600087289887621,0.0
ch04,-3.464481575383428,0.027062116072147487,0.0
ch05,-2.814930662717813,0.021933216048354996,0.0
ch06,-3.680653241797408,0.025903594852788328,0.0
ch07,-3.1828359964954,0.021008955758622404,0.0
