,cal0,cal1,cal2
ch01,-2.223741111141864,0.026318524004824487,0.0
ch02,-2.614816623924348,0.025314336170862557,0.0
ch03,-5.8169498433708675,0.025974293282836926,0.0
ch04,-3.4447109755826317,0.02706202665583063,0.0
ch05,-2.743398862769635,0.021924875506535855,0.0
ch06,-3.662831946585499,0.025934122480791355,0.0
ch07,-3.179544960546914,0.02097490426059259,0.0
