,cal0,cal1,cal2
ch01,-2.360260403849749,0.026248675660805812,0.0
ch02,-2.6347202162081773,0.02533722021088288,0.0
ch03,-5.862173827581403,0.025987021123054864,0.0
ch04,-3.4593446248209667,0.02706202709525936,0.0
ch05,-2.7954308550198976,0.021931715998997604,0.0
ch06,-3.6767696953455244,0.025910574621534486,0.0
ch07,-3.1885686907201554,0.02100023601738912,0.0
