,cal0,cal1,cal2
ch01,-2.3391292400287425,0.026252968425072697,0.0
ch02,-2.632510225940363,0.025337026155545683,0.0
ch03,-5.856933191282398,0.02598423071476392,0.0
ch04,-3.458076331201616,0.027061998619076967,0.0
ch05,-2.790690877438374,0.021931185070029224,0.0
ch06,-3.675746718180443,0.025912394816162376,0.0
ch07,-3.190074077646327,0.02099807042178591,0.0
