,cal0,cal1,cal2
ch01,-2.2680509582444532,0.026345647645015464,0.0
ch02,-2.609077156984387,0.02527866076058955,0.0
ch03,-5.809163393007158,0.025990806886744194,0.0
ch04,-3.4358801896000806,0.027062230176929134,0.0
ch05,-2.71627177744307,0.021921819253071302,0.0
ch06,-3.6521425572934145,0.025951419160319046,0.0
ch07,-3.1394703252469327,0.02095948054872017,0.0
