,cal0,cal1,cal2
ch01,-2.2379250792857666,0.026335897431446164,0.0
ch02,-2.6110609184724014,0.025297347354480942,0.0
ch03,-5.810843675050099,0.025980286892676493,0.0
ch04,-3.440186389039831,0.027062158301399027,0.0
ch05,-2.7289485486502776,0.02192317566586741,0.0
ch06,-3.657532572191362,0.025942653426114078,0.0
ch07,-3.161264795568426,0.020966976283768403,0.0
