,cal0,cal1,cal2
ch01,-2.4275868823424047,0.026240732993283906,0.0
ch02,-2.6421260989688493,0.025336737201995255,0.0
ch03,-5.879327300060319,0.02599702825159057,0.0
ch04,-3.463188752239138,0.027062097778104803,0.0
ch05,-2.8099822801682586,0.021932956102052606,0.0
ch06,-3.6797110525805374,0.02590529322888064,0.0
ch07,-3.184019625836762,0.02100676813938864,0.0
