,cal0,cal1,cal2
ch01,-2.230419702699221,0.02630121916180436,0.0
ch02,-2.618595716745249,0.025324572445043363,0.0
ch03,-5.824508781803219,0.025973080295529274,0.0
ch04,-3.4482334643610915,0.02706192833695373,0.0
ch05,-2.7552891620951976,0.021926420786527845,0.0
ch06,-3.666646460401605,0.02592791808552391,0.0
ch07,-3.1887796671008646,0.020981064194362374,0.0
