,cal0,cal1,cal2
ch01,-2.867705563847932,0.026511071618848536,0.0
ch02,-3.254154563726937,0.025253021384168826,0.0
ch03,-6.600389654164951,0.02710329173852657,0.0
ch04,-3.7184504427366094,0.027065155865086805,0.0
ch05,-3.240611886122538,0.021971014448130967,0.0
ch06,-3.637287999745147,0.025757122174289833,0.0
ch07,-3.071249146448199,0.020888480437186194,0.0
