,cal0,cal1,cal2
ch01,-3.086894094772509,0.02677643890350726,0.0
ch02,-3.4620128026718637,0.025382111559140576,0.0
ch03,-6.5748283491781505,0.027085599183585954,0.0
ch04,-3.705848924461207,0.027109184406067018,0.0
ch05,-3.239294470858947,0.02206165997843332,0.0
ch06,-3.6299979975290535,0.025743606993046987,0.0
ch07,-3.2664100865466725,0.020886248603700037,0.0
