,cal0,cal1,cal2
ch01,-2.870777404663788,0.026609910156231913,0.0
ch02,-3.2519091998254934,0.025272012830736434,0.0
ch03,-6.595583021315136,0.027111215577830784,0.0
ch04,-3.714317668993711,0.02710101220491446,0.0
ch05,-3.2389701051877,0.02213895214886207,0.0
ch06,-3.631423162244103,0.025730363160163586,0.0
ch07,-3.0834179685298024,0.020889395853670625,0.0
