,cal0,cal1,cal2
ch01,-2.8680227242467833,0.02657942592548099,0.0
ch02,-3.250442357463064,0.02526437107537034,0.0
ch03,-6.59745446394488,0.027107035151858513,0.0
ch04,-3.715513546657194,0.027084058945420663,0.0
ch05,-3.239324517689165,0.022052396193329032,0.0
ch06,-3.633923348954798,0.025749869511271384,0.0
ch07,-3.0769249819973874,0.020884712094449892,0.0
