,cal0,cal1,cal2
ch01,-2.8673766303827612,0.026537600978943355,0.0
ch02,-3.2525608194181266,0.02525645386439882,0.0
ch03,-6.599531812011181,0.027104286083615713,0.0
ch04,-3.717286339109856,0.027068914581650793,0.0
ch05,-3.2400324683461252,0.021990589848093375,0.0
ch06,-3.636211827768386,0.025756009456546013,0.0
ch07,-3.0720660559691217,0.02088617988558137,0.0
