,cal0,cal1,cal2
ch01,-2.8831356603562064,0.026656445076753313,0.0
ch02,-3.2643801609063474,0.02528634704752695,0.0
ch03,-6.644418352786841,0.027373762554584572,0.0
ch04,-3.6219269055740866,0.027117819114704313,0.0
ch05,-3.817004652833627,0.02228198983145729,0.0
ch06,-3.549223176228119,0.025694778381918432,0.0
ch07,-3.0988139749883663,0.020899292520485505,0.0
