,cal0,cal1,cal2
ch01,-3.0294747380295592,0.026754506951925966,0.0
ch02,-3.416617152646858,0.025353073489253097,0.0
ch03,-6.57833024221721,0.027087484449381,0.0
ch04,-3.7070531287821553,0.027086472776823113,0.0
ch05,-3.238963898966196,0.022035223967658227,0.0
ch06,-3.630666900375744,0.02574599190856174,0.0
ch07,-3.2147614120874315,0.02087837614891188,0.0
