,cal0,cal1,cal2
ch01,-2.890523519548849,0.02666813234685321,0.0
ch02,-3.272443816661066,0.02529100056705553,0.0
ch03,-6.590823087538002,0.02712167393123022,0.0
ch04,-3.695837748810715,0.027115276577453173,0.0
ch05,-3.2385633237672122,0.02225695731229761,0.0
ch06,-3.6253344422525515,0.025699630588814394,0.0
ch07,-3.1054832271272317,0.02089688254408865,0.0
