,cal0,cal1,cal2
ch01,-3.1884037912756065,0.026863573925986792,0.0
ch02,-3.527112609415035,0.02546979843104659,0.0
ch03,-6.843883906978213,0.02750784332691984,0.0
ch04,-3.994643202058846,0.027181065145626532,0.0
ch05,-3.802336965370801,0.022247813567115457,0.0
ch06,-3.617068649128517,0.025725716888962847,0.0
ch07,-3.3902894772403047,0.020988648139860813,0.0
