,cal0,cal1,cal2
ch01,-2.9800656718136667,0.026732305315383745,0.0
ch02,-3.3702483857040018,0.025330902562204324,0.0
ch03,-6.581722023697023,0.02709132851276823,0.0
ch04,-3.7082628593646976,0.02707993258575351,0.0
ch05,-3.2387191131634694,0.02203823896835897,0.0
ch06,-3.6309484589292533,0.025746955231153078,0.0
ch07,-3.174705672512121,0.020877767139462742,0.0
