,cal0,cal1,cal2
ch01,-2.8681402470480117,0.026474048182811023,0.0
ch02,-3.254322813681408,0.025249926466198995,0.0
ch03,-6.600832239654445,0.02710219283822701,0.0
ch04,-3.7201633907134104,0.02706341695832808,0.0
ch05,-3.241619777707955,0.021954926509475857,0.0
ch06,-3.6385464035020356,0.025758568049387028,0.0
ch07,-3.072411344883162,0.020892460915315793,0.0
