,cal0,cal1,cal2
ch01,-2.9113109982993373,0.026687643379776145,0.0
ch02,-3.2956874117937645,0.025300939140128233,0.0
ch03,-6.588010215286595,0.027104949231066548,0.0
ch04,-3.7106903390723494,0.027101857547112487,0.0
ch05,-3.2385144383312885,0.022149142246105286,0.0
ch06,-3.6295221053424203,0.02572687597097378,0.0
ch07,-3.1219960335638883,0.02088617094033208,0.0
