,cal0,cal1,cal2
ch01,-3.1819165773668763,0.026861022296854626,0.0
ch02,-3.5223618555714844,0.02545982141979878,0.0
ch03,-6.567650620800371,0.027103104244953283,0.0
ch04,-3.7540970435179775,0.027175304805271104,0.0
ch05,-3.240174189734789,0.022225683412058564,0.0
ch06,-3.6273712666747353,0.025727891349693662,0.0
ch07,-3.3803402790276387,0.020977451665168685,0.0
