,cal0,cal1,cal2
ch01,-2.869035019570999,0.02659424482352926,0.0
ch02,-3.250698278807624,0.025267930273264554,0.0
ch03,-6.5965648001540425,0.027108710976866054,0.0
ch04,-3.7149168039978866,0.027092186401414222,0.0
ch05,-3.2391350887244386,0.022089597814356966,0.0
ch06,-3.6328319300421583,0.025742539935293546,0.0
ch07,-3.0798031470073775,0.020886170637637494,0.0
