,cal0,cal1,cal2
ch01,-3.315168623132097,0.026214364205733857,0.0
ch02,-3.286833968661149,0.025824968741873785,0.0
ch03,-6.4901913722491065,0.027133132935937738,0.0
ch04,-3.5387646380902185,0.02724359897747251,0.0
ch05,-3.449054797872478,0.021940920672120754,0.0
ch06,-3.8228663967637355,0.025931978769012303,0.0
ch07,-3.4246730555544485,0.021323746913599003,0.0
