,cal0,cal1,cal2
ch01,-3.229176509226597,0.026235000773218584,0.0
ch02,-3.2440275274603385,0.02578206305028925,0.0
ch03,-6.481668534926586,0.02711984085896083,0.0
ch04,-3.5402685976783594,0.027104326549926373,0.0
ch05,-3.4445857247160223,0.021937005838467742,0.0
ch06,-3.814349681384997,0.025932779135785195,0.0
ch07,-3.4129633414791556,0.021325867684254776,0.0
