,cal0,cal1,cal2
ch01,-3.145537123342014,0.026060326500632558,0.0
ch02,-3.1996921739339115,0.025375577295763424,0.0
ch03,-6.5615921622321824,0.02710936352685949,0.0
ch04,-3.527378029089783,0.02649082305377424,0.0
ch05,-3.4736295097454426,0.022001229385402273,0.0
ch06,-3.8599928941111257,0.025950325891950034,0.0
ch07,-3.7433687882649394,0.02147361811132391,0.0
