,cal0,cal1,cal2
ch01,-3.403180297327909,0.02618274647748468,0.0
ch02,-3.332022504212529,0.025890424649357504,0.0
ch03,-6.498825855377595,0.027152354991518288,0.0
ch04,-3.5372479099446528,0.02762632720345566,0.0
ch05,-3.4532774089013323,0.021948761664217276,0.0
ch06,-3.8326228289047117,0.025942293822897696,0.0
ch07,-3.4439845687961506,0.02132063147112321,0.0
