,cal0,cal1,cal2
ch01,-3.2040942613121004,0.026240265462009922,0.0
ch02,-3.2312713044868135,0.025770769202049924,0.0
ch03,-6.478836528123075,0.027115984314353404,0.0
ch04,-3.5407656777427023,0.027087267626753182,0.0
ch05,-3.4430415539714367,0.021936100160855856,0.0
ch06,-3.811625781713862,0.02593317907943349,0.0
ch07,-3.4103322548366117,0.02132662273875153,0.0
