,cal0,cal1,cal2
ch01,-3.1387877290197532,0.02610976880735801,0.0
ch02,-3.3615920599758593,0.025867270310023584,0.0
ch03,-6.526357933159301,0.0271476217405056,0.0
ch04,-3.532698722169884,0.027759688933946834,0.0
ch05,-3.464400327027278,0.02197207857180512,0.0
ch06,-3.8524113213892552,0.025935195334412974,0.0
ch07,-3.47923101530734,0.021310439966664478,0.0
