,cal0,cal1,cal2
ch01,-3.384996275681924,0.026109333624308277,0.0
ch02,-3.381576455449691,0.025975587130082856,0.0
ch03,-6.513729116827383,0.027202147805866973,0.0
ch04,-3.645704192016465,0.028116611667854438,0.0
ch05,-3.4597532289417856,0.021967140728726412,0.0
ch06,-3.852879343235068,0.02598244775658744,0.0
ch07,-3.4757463657250733,0.021313269165311375,0.0
