,cal0,cal1,cal2
ch01,-3.002249508313825,0.026038865675086877,0.0
ch02,-3.242403409083098,0.025571260531258726,0.0
ch03,-6.546842498033917,0.027112975413729035,0.0
ch04,-3.5872166817944815,0.02713771450521365,0.0
ch05,-3.4703844380641096,0.022039293647640835,0.0
ch06,-3.873277705408831,0.02599329747689382,0.0
ch07,-3.632240015440992,0.021391899880879982,0.0
