,cal0,cal1,cal2
ch01,-3.2849754200288777,0.026222050889523667,0.0
ch02,-3.2719442428004233,0.02580881385939282,0.0
ch03,-6.487342687944818,0.027128319636111117,0.0
ch04,-3.5392677745393537,0.027176490051957793,0.0
ch05,-3.4475923703950815,0.021939349139918345,0.0
ch06,-3.8199487465949913,0.025932054082063043,0.0
ch07,-3.420031866354333,0.021324443434509236,0.0
