,cal0,cal1,cal2
ch01,-3.082102491458367,0.026030711367098912,0.0
ch02,-3.2110623653240364,0.02535330309381556,0.0
ch03,-6.317374572163695,0.026880830182707094,0.0
ch04,-3.0339823615278565,0.026652540480949765,0.0
ch05,-3.729887712750588,0.022032459778348012,0.0
ch06,-3.9995102430814216,0.02597945241724658,0.0
ch07,-3.7308758559214374,0.021526411398980257,0.0
