,cal0,cal1,cal2
ch01,-2.9121231290411993,0.02589426596060668,0.0
ch02,-3.4781054643093814,0.025218751110427217,0.0
ch03,-6.526534986137646,0.026892985936814565,0.0
ch04,-3.7136672966800717,0.027062445664650117,0.0
ch05,-3.037354130293903,0.021888150892228595,0.0
ch06,-3.325132533942513,0.025662722382976757,0.0
ch07,-2.8047111997605874,0.0207140174449387,0.0
