,cal0,cal1,cal2
ch01,-2.540097083546846,0.025673515721644787,0.0
ch02,-3.1752488498970597,0.025235241763415094,0.0
ch03,-6.59995770088949,0.027023883198374038,0.0
ch04,-3.7065180594563434,0.027791503388612516,0.0
ch05,-3.0598501054746876,0.020919840782040587,0.0
ch06,-3.347378088083277,0.025594026985732533,0.0
ch07,-2.86840145154375,0.020958888644655484,0.0
