,cal0,cal1,cal2
ch01,-2.8974204066333242,0.025853239872938638,0.0
ch02,-3.4692970008845103,0.025223032320609837,0.0
ch03,-6.544268454560874,0.026929812782018493,0.0
ch04,-3.7112375587328867,0.02706236368937752,0.0
ch05,-3.044306686267517,0.021874553254887935,0.0
ch06,-3.314667482754,0.025663783436872558,0.0
ch07,-2.79719668607773,0.020717752751709707,0.0
