,cal0,cal1,cal2
ch01,-2.6645774939748677,0.025732844324166445,0.0
ch02,-3.2708848463372693,0.025235154616904548,0.0
ch03,-6.588210014904884,0.02700588571697613,0.0
ch04,-3.7072217962039336,0.027246914218449728,0.0
ch05,-3.057366214934111,0.021562419483872157,0.0
ch06,-3.328535630508045,0.025659038125343557,0.0
ch07,-2.8490520424178816,0.020739341584886047,0.0
