,cal0,cal1,cal2
ch01,-2.8267602303356343,0.025800233771032716,0.0
ch02,-3.4248640129599237,0.025231242058657996,0.0
ch03,-6.567288113761008,0.02697131629980354,0.0
ch04,-3.708855518556457,0.027067029276413652,0.0
ch05,-3.0518521293272056,0.021817244754168803,0.0
ch06,-3.314096900651139,0.025662972006604782,0.0
ch07,-2.812895623736251,0.02072600077929108,0.0
