,cal0,cal1,cal2
ch01,-2.694442358102452,0.0257437213651648,0.0
ch02,-3.298411507942687,0.025234915948120402,0.0
ch03,-6.585231508216174,0.027001134739785874,0.0
ch04,-3.7074253625900675,0.02717910016516378,0.0
ch05,-3.0566632165950995,0.021633048538158898,0.0
ch06,-3.325355130775409,0.02566050755689539,0.0
ch07,-2.8435241211823983,0.020734807745331093,0.0
