,cal0,cal1,cal2
ch01,-2.6010163975998926,0.025709119032983188,0.0
ch02,-3.2177562994347073,0.025235341511671543,0.0
ch03,-6.594124064581247,0.02701510609801868,0.0
ch04,-3.7068471925300273,0.027470838763498456,0.0
ch05,-3.0586758877257836,0.02133565300577846,0.0
ch06,-3.3364347294914674,0.025645907984351714,0.0
ch07,-2.859439744684594,0.020782375304499272,0.0
