,cal0,cal1,cal2
ch01,-2.486472380837847,0.025622345316269893,0.0
ch02,-3.1498089484362395,0.0252360598488839,0.0
ch03,-6.351704650055539,0.027040960963689284,0.0
ch04,-3.9933404694820105,0.028103573377037984,0.0
ch05,-2.765272552845433,0.020247920163876186,0.0
ch06,-3.5686407201095913,0.025501021833915782,0.0
ch07,-2.8802915816240153,0.021279408193377387,0.0
