,cal0,cal1,cal2
ch01,-2.9081899012052776,0.025876910686661973,0.0
ch02,-3.474035027853396,0.025219854545694288,0.0
ch03,-6.5337544892985875,0.026908753104737292,0.0
ch04,-3.712592568352702,0.027062410126044822,0.0
ch05,-3.040323009948236,0.02188401745056414,0.0
ch06,-3.319768423274945,0.025663364909951202,0.0
ch07,-2.799921274990803,0.020715152950764783,0.0
