,cal0,cal1,cal2
ch01,-2.747815479763934,0.025764576798481483,0.0
ch02,-3.350225098065933,0.02523411478232263,0.0
ch03,-6.579249336286135,0.026991407248390848,0.0
ch04,-3.7078635126112394,0.02710525152406231,0.0
ch05,-3.055166924973234,0.021726329269531764,0.0
ch06,-3.3202290614610073,0.025661668872211166,0.0
ch07,-2.8323887524715663,0.02073119484581121,0.0
