,cal0,cal1,cal2
ch01,-2.722269395033356,0.02575433528840436,0.0
ch02,-3.3251422731901155,0.025234570552705757,0.0
ch03,-6.58224340846806,0.026996304988653484,0.0
ch04,-3.7076393682990365,0.027133982541871063,0.0
ch05,-3.0559296897119834,0.021685988940379788,0.0
ch06,-3.322599555896678,0.025661202111686918,0.0
ch07,-2.837929223469382,0.020732691946126768,0.0
