,cal0,cal1,cal2
ch01,-2.718235130235648,0.02596042938993444,0.0
ch02,-3.6360364238450202,0.025316306872783963,0.0
ch03,-6.604995169826215,0.027140377115661817,0.0
ch04,-3.8471719686395462,0.02706223948011752,0.0
ch05,-3.006205407585899,0.021880666993127386,0.0
ch06,-3.3547127924570397,0.025392911176461436,0.0
ch07,-2.642307327763129,0.020620241369774778,0.0
