,cal0,cal1,cal2
ch01,-2.7804958260999606,0.026862152968786055,0.0
ch02,-4.706533714873245,0.026034511212746345,0.0
ch03,-6.660921809495954,0.027379933116505533,0.0
ch04,-3.840209680463136,0.026246461174107047,0.0
ch05,-3.0417304225140382,0.021144687186355027,0.0
ch06,-3.305413186000544,0.024001715174108873,0.0
ch07,-2.232080099461956,0.02084066303453297,0.0
