,cal0,cal1,cal2
ch01,-2.744418356902756,0.02626488869952471,0.0
ch02,-3.948300983986613,0.025479923842945718,0.0
ch03,-6.629142166640853,0.027212131115249606,0.0
ch04,-3.844541719493952,0.027041590192604426,0.0
ch05,-3.0230708755951055,0.021827575378546064,0.0
ch06,-3.3495997697458577,0.025388569272521023,0.0
ch07,-2.542700328051975,0.020622357989302835,0.0
