,cal0,cal1,cal2
ch01,-2.74020693742502,0.026217026624907904,0.0
ch02,-3.8810717131751646,0.025451626195467744,0.0
ch03,-6.6260060435221275,0.027202711304065874,0.0
ch04,-3.844832578640686,0.02705031292493558,0.0
ch05,-3.021028256102742,0.02183990392244523,0.0
ch06,-3.3501743315549826,0.02538923407070472,0.0
ch07,-2.5598315741137787,0.020621921073708416,0.0
