,cal0,cal1,cal2
ch01,-2.773229591466322,0.02671066522444385,0.0
ch02,-4.618597995048329,0.02588541792989017,0.0
ch03,-6.654615914783867,0.027312062647892897,0.0
ch04,-3.842663493441353,0.02646222576753333,0.0
ch05,-3.0383017229551776,0.021412761296683624,0.0
ch06,-3.3330545617225047,0.02475401314141336,0.0
ch07,-2.2994728412473124,0.020722664576105606,0.0
