,cal0,cal1,cal2
ch01,-2.770082294412883,0.026637863637484462,0.0
ch02,-4.550155055914043,0.025809159592237903,0.0
ch03,-6.651437067316558,0.02729352716928288,0.0
ch04,-3.8428517848869674,0.02659915305810302,0.0
ch05,-3.0365243773009767,0.021529651905620596,0.0
ch06,-3.338392829041663,0.02506722661513915,0.0
ch07,-2.3404386069383154,0.020673955980764967,0.0
