,cal0,cal1,cal2
ch01,-2.7285032962577165,0.0260890235681661,0.0
ch02,-3.7332972304797574,0.025382073265123005,0.0
ch03,-6.616767230836091,0.027175430082790664,0.0
ch04,-3.845772576083682,0.02706016964497514,0.0
ch05,-3.0147682598104955,0.02186418493929119,0.0
ch06,-3.3518383473578637,0.025391003495637502,0.0
ch07,-2.6012166958985365,0.02062088019819065,0.0
