,cal0,cal1,cal2
ch01,-2.763751829573546,0.02652218150061779,0.0
ch02,-4.381592948832483,0.025682439728830095,0.0
ch03,-6.645051424779147,0.027265174491105645,0.0
ch04,-3.8432697466380374,0.026831200253235522,0.0
ch05,-3.032851915875373,0.021682984883614496,0.0
ch06,-3.3442621260817047,0.02534045930032651,0.0
ch07,-2.415876431499769,0.020631545490539617,0.0
