,cal0,cal1,cal2
ch01,-2.7188348650129357,0.02585101519822166,0.0
ch02,-3.584996240399449,0.02525685048601713,0.0
ch03,-6.588979982613369,0.02708941045622779,0.0
ch04,-3.8495459955294034,0.027062472283619597,0.0
ch05,-2.9932399300879657,0.021891283410827522,0.0
ch06,-3.361713967226886,0.025394855199600063,0.0
ch07,-2.6926483134651846,0.020621249789597486,0.0
