,cal0,cal1,cal2
ch01,-2.7228339609929617,0.02583171750590172,0.0
ch02,-3.5751090569079156,0.02524425197397176,0.0
ch03,-6.584179840108933,0.027072791109341788,0.0
ch04,-3.8504016736949596,0.0270624778224346,0.0
ch05,-2.98897362606224,0.021893101314847674,0.0
ch06,-3.364862821555086,0.02539527276127452,0.0
ch07,-2.7084824636753444,0.02062217359410671,0.0
