,cal0,cal1,cal2
ch01,-2.7253737865732885,0.025824468621194807,0.0
ch02,-3.5704571469669077,0.0252389502715879,0.0
ch03,-6.581892568568257,0.027064556001573835,0.0
ch04,-3.850840369654253,0.027062479610887265,0.0
ch05,-2.9868634231170743,0.021893831076159328,0.0
ch06,-3.3665872407210675,0.025395440627583605,0.0
ch07,-2.7163122072860633,0.020622751006021046,0.0
