,cal0,cal1,cal2
ch01,-2.748618820024128,0.02631472244866657,0.0
ch02,-4.024244837574539,0.025511403464822176,0.0
ch03,-6.632299453447166,0.02722179706912745,0.0
ch04,-3.8442626055211164,0.027027053456895593,0.0
ch05,-3.02508758649689,0.021811935812703524,0.0
ch06,-3.3489556875710207,0.02538780778678235,0.0
ch07,-2.5233525042719855,0.020622841664120345,0.0
