,cal0,cal1,cal2
ch01,-2.5279277934869215,0.02488702044399944,0.0
ch02,-2.4019942076704335,0.025079139836029767,0.0
ch03,-6.425815171384041,0.026719696753926877,0.0
ch04,-3.912005559304521,0.026617424591540845,0.0
ch05,-2.9498644593909766,0.021783486254453036,0.0
ch06,-3.3526563634266946,0.025471309435351995,0.0
ch07,-3.0298595909931056,0.020802101636372833,0.0
