,cal0,cal1,cal2
ch01,-2.51022771806209,0.024730898945835515,0.0
ch02,-2.3543341371527444,0.02509339311356167,0.0
ch03,-6.423500871903845,0.026740676532291577,0.0
ch04,-3.913076648627535,0.0263490989752271,0.0
ch05,-2.9495622374161385,0.021712113711138913,0.0
ch06,-3.3557925660680987,0.025705688333607493,0.0
ch07,-3.057985658093382,0.020943099611146297,0.0
