,cal0,cal1,cal2
ch01,-2.505188421922161,0.024706025244457697,0.0
ch02,-2.351649692032957,0.025064099301795942,0.0
ch03,-6.418535347862664,0.026748789496326232,0.0
ch04,-3.915315462407432,0.026349140363862086,0.0
ch05,-2.9488155990464873,0.02171459008596997,0.0
ch06,-3.3635021987877263,0.025707965949756755,0.0
ch07,-3.0450573945585595,0.020916592436360786,0.0
