,cal0,cal1,cal2
ch01,-2.534870168587762,0.024926096580863227,0.0
ch02,-2.4615621651313635,0.02498582236255198,0.0
ch03,-6.413366642371779,0.026731216751489623,0.0
ch04,-3.9176473744569114,0.026847386758822686,0.0
ch05,-2.947891222314962,0.02183201840948782,0.0
ch06,-3.373246985650569,0.025394077885042114,0.0
ch07,-2.9663032747568923,0.020681860034183076,0.0
