,cal0,cal1,cal2
ch01,-2.5823101853039216,0.02519159940478551,0.0
ch02,-2.6741915787292783,0.02490696597204288,0.0
ch03,-6.404885831826073,0.02673276736416498,0.0
ch04,-3.9218541165951066,0.02705713897903992,0.0
ch05,-2.9459764369903825,0.021882707624720544,0.0
ch06,-3.395514117211391,0.02538671901607696,0.0
ch07,-2.8818139258107838,0.02062634555194524,0.0
