,cal0,cal1,cal2
ch01,-2.558143132541114,0.025041545610097807,0.0
ch02,-2.566682258273162,0.024945022753135242,0.0
ch03,-6.409562175585371,0.02672975136731662,0.0
ch04,-3.91942704545897,0.027010760007855156,0.0
ch05,-2.9471034543817907,0.02186401217721683,0.0
ch06,-3.382170598644112,0.02538406815809846,0.0
ch07,-2.9219477409942187,0.020653778979948547,0.0
