,cal0,cal1,cal2
ch01,-2.633952985481751,0.02550717026996232,0.0
ch02,-2.7724609633247166,0.02485439467968686,0.0
ch03,-6.397088227723847,0.026756289972348225,0.0
ch04,-3.929420412756367,0.027062951218558125,0.0
ch05,-2.942939490907291,0.021900479179715344,0.0
ch06,-3.4403717818538544,0.02539576764371468,0.0
ch07,-2.822546244083263,0.020548450273346217,0.0
