,cal0,cal1,cal2
ch01,-2.587408769586532,0.025225958876158867,0.0
ch02,-2.692472900234599,0.024899603120641503,0.0
ch03,-6.403827477997319,0.026734066996181804,0.0
ch04,-3.9224697075529438,0.027059662257495374,0.0
ch05,-2.9456892517733926,0.021885547244922712,0.0
ch06,-3.3990421044496304,0.025387435008854597,0.0
ch07,-2.8741532612842944,0.02061956096584498,0.0
