,cal0,cal1,cal2
ch01,-2.518293538181259,0.024838785746115977,0.0
ch02,-2.3969282244394,0.025021527304946962,0.0
ch03,-6.4159559743340955,0.026735936212150552,0.0
ch04,-3.916482002099343,0.026617414557827117,0.0
ch05,-2.948373861361868,0.02178824890926931,0.0
ch06,-3.367997799914888,0.02547587212771425,0.0
ch07,-3.004484048702354,0.020749197732001685,0.0
