,cal0,cal1,cal2
ch01,-2.5381053674566125,0.02494504525095477,0.0
ch02,-2.433705883861259,0.025073833031732887,0.0
ch03,-6.426916771685945,0.026712702297924357,0.0
ch04,-3.9114681340046062,0.02674436931700063,0.0
ch05,-2.94999807168528,0.02180766560803232,0.0
ch06,-3.351436794032038,0.02541328235356048,0.0
ch07,-3.0158859813840175,0.020771081851946527,0.0
