,cal0,cal1,cal2
ch01,-2.550872268572597,0.025002643722535273,0.0
ch02,-2.532527241514046,0.02495720361805189,0.0
ch03,-6.410811979476167,0.02672975298679143,0.0
ch04,-3.9188297518958186,0.026976427425079993,0.0
ch05,-2.9473733641020954,0.0218560714376778,0.0
ch06,-3.379074454106176,0.0253839606868839,0.0
ch07,-2.9350919005459666,0.02066098297805664,0.0
