,cal0,cal1,cal2
ch01,-2.6099632555581014,0.025374276287733755,0.0
ch02,-2.7451732600752035,0.024872229316734176,0.0
ch03,-6.399492299073226,0.026742711488128613,0.0
ch04,-3.9255933702752284,0.02706276842406617,0.0
ch05,-2.944295171505161,0.021894781183935563,0.0
ch06,-3.4174402685114695,0.025391134646475307,0.0
ch07,-2.8449801995680692,0.020586274584662896,0.0
