,cal0,cal1,cal2
ch01,-2.5109427076091135,0.02477784911521206,0.0
ch02,-2.371103680808378,0.0250422982798471,0.0
ch03,-6.417249592198445,0.02674066617958577,0.0
ch04,-3.9159059442762314,0.026478505094507127,0.0
ch05,-2.9486001318002466,0.021754847001710223,0.0
ch06,-3.365637438356883,0.02557609489451698,0.0
ch07,-3.0252386547160186,0.0208221679749595,0.0
