,cal0,cal1,cal2
ch01,-2.6182009000602293,0.025423390511721416,0.0
ch02,-2.7559071678850144,0.024864782775172956,0.0
ch03,-6.398306572591675,0.02674692931669542,0.0
ch04,-3.926861167749568,0.027062896989266918,0.0
ch05,-2.943788190774297,0.02189709558657029,0.0
ch06,-3.42503237763839,0.025392660704315454,0.0
ch07,-2.8363623418474666,0.02057336140882248,0.0
