,cal0,cal1,cal2
ch01,-2.5768991360171243,0.025155752744586656,0.0
ch02,-2.6524776475717724,0.024915103175149823,0.0
ch03,-6.405994462481085,0.026731654508674232,0.0
ch04,-3.9212419194755608,0.02705272939095989,0.0
ch05,-2.946262815049159,0.021879327478388784,0.0
ch06,-3.392054105378536,0.02538601227866149,0.0
ch07,-2.890294234277536,0.020633158960159763,0.0
