,cal0,cal1,cal2
ch01,-2.6013729532687453,0.02531956551515744,0.0
ch02,-2.730112670194388,0.024881505605626762,0.0
ch03,-6.401012533041183,0.02673888403868623,0.0
ch04,-3.924335384566668,0.02706236438428316,0.0
ch05,-2.944837962964804,0.021891830503862085,0.0
ch06,-3.4099568263822206,0.025389632873760788,0.0
ch07,-2.855121676127203,0.020599438948382988,0.0
