,cal0,cal1,cal2
ch01,-3.2856725261158797,0.026493690031631045,0.0
ch02,-3.6007167492871384,0.02540265617894746,0.0
ch03,-6.742816737548822,0.02701520060629453,0.0
ch04,-3.8325898387199304,0.027086476433289527,0.0
ch05,-3.192324669143908,0.02192567116486059,0.0
ch06,-3.361662456632172,0.025556066876457322,0.0
ch07,-2.9379001193283925,0.020530786530106558,0.0
