,cal0,cal1,cal2
ch01,-3.5740805113264447,0.02653582026145228,0.0
ch02,-3.788481310473229,0.025467310126340674,0.0
ch03,-6.78663726673672,0.027160393701818622,0.0
ch04,-3.9215082654066253,0.02740645243184309,0.0
ch05,-3.2042131358116794,0.021924605030045938,0.0
ch06,-3.2656394064294356,0.025848143685457774,0.0
ch07,-2.8339069378463684,0.01987880057459704,0.0
