,cal0,cal1,cal2
ch01,-3.236752675535608,0.02647757935516209,0.0
ch02,-3.5558985183137857,0.02538937705406748,0.0
ch03,-6.725667987765774,0.02698528465177048,0.0
ch04,-3.829183242054092,0.027067229337088904,0.0
ch05,-3.1877085834582557,0.02192534142424701,0.0
ch06,-3.368914671344995,0.025553250118003322,0.0
ch07,-2.9567213272425574,0.020523901293935304,0.0
