,cal0,cal1,cal2
ch01,-3.6073736685514817,0.026514833004871872,0.0
ch02,-3.7642009869486985,0.025413549595561025,0.0
ch03,-6.792092925235888,0.027155609138672574,0.0
ch04,-3.8458767432676497,0.026575843419668083,0.0
ch05,-3.2059225996871166,0.021917915799987746,0.0
ch06,-3.3272193676433273,0.025503065423769167,0.0
ch07,-2.817650535117042,0.0202984449051745,0.0
