,cal0,cal1,cal2
ch01,-3.329219720813003,0.026504246271756148,0.0
ch02,-3.6419555260170373,0.02541366897695266,0.0
ch03,-6.753215094664137,0.027036086907973628,0.0
ch04,-3.8347569691765284,0.027128539312954586,0.0
ch05,-3.195099794713385,0.021925837921754343,0.0
ch06,-3.3548027719888034,0.025558565774807036,0.0
ch07,-2.9228065661656375,0.02053496956987019,0.0
