,cal0,cal1,cal2
ch01,-3.5999006055974645,0.026521962003602143,0.0
ch02,-3.7769359621454517,0.025432722161428365,0.0
ch03,-6.790613546937765,0.027151278688197007,0.0
ch04,-3.8450791089837653,0.02691037738291019,0.0
ch05,-3.205429643306119,0.02192058507993491,0.0
ch06,-3.316705456861551,0.025644596193419848,0.0
ch07,-2.8232306368559197,0.020219222223500744,0.0
