,cal0,cal1,cal2
ch01,-3.6037953263708236,0.02649597389556596,0.0
ch02,-3.7061184422756406,0.025361248323654294,0.0
ch03,-6.794472450258013,0.02720067485369516,0.0
ch04,-3.7330074535001327,0.02569657944308997,0.0
ch05,-3.2069354784734605,0.021907774493415157,0.0
ch06,-3.3248658991148057,0.024983722815801676,0.0
ch07,-2.803474270341213,0.019982667028563515,0.0
