,cal0,cal1,cal2
ch01,-3.412011462740717,0.0265184801066726,0.0
ch02,-3.7112184225272324,0.025435628291516396,0.0
ch03,-6.766966922632499,0.027070460760396164,0.0
ch04,-3.8378454456837794,0.02729634366596007,0.0
ch05,-3.1987729408741976,0.021926056357345822,0.0
ch06,-3.3382481628813294,0.025586505550934543,0.0
ch07,-2.8949498508329334,0.020486417721877048,0.0
