,cal0,cal1,cal2
ch01,-3.267356355246023,0.02648828410870255,0.0
ch02,-3.5833077344560778,0.025397868093671998,0.0
ch03,-6.737291682973607,0.02700508257285419,0.0
ch04,-3.831474759057858,0.027076558763359446,0.0
ch05,-3.1908444792856554,0.021925571769110083,0.0
ch06,-3.364392491648107,0.02555508929980511,0.0
ch07,-2.944622957879726,0.02052838081105348,0.0
