,cal0,cal1,cal2
ch01,-3.3062488010216247,0.026499039265778974,0.0
ch02,-3.620394624350598,0.02540789229219338,0.0
ch03,-6.74812957106011,0.02702551561184307,0.0
ch04,-3.8336840161854444,0.027102750459712395,0.0
ch05,-3.1937437266391675,0.021925759604704505,0.0
ch06,-3.3585064855785047,0.025557138409908857,0.0
ch07,-2.930651216350296,0.02053317872273932,0.0
