,cal0,cal1,cal2
ch01,-3.5889205928780528,0.026529465694785575,0.0
ch02,-3.7851813375104135,0.02545145108994116,0.0
ch03,-6.788793832572329,0.02715128527436009,0.0
ch04,-3.8446922713791727,0.027195758550145537,0.0
ch05,-3.204859639729848,0.02192281572880941,0.0
ch06,-3.2992330910262657,0.025762269810512013,0.0
ch07,-2.828380613222703,0.020050008299316628,0.0
